dimension,value,count
split,train,673
source_type,SYNTHETIC_3D,540
source_type,NEGATIVE,133
camera_id,unspecified,673
size_bucket,8-16px,198
size_bucket,4-8px,156
size_bucket,>=32px,143
size_bucket,unknown,133
size_bucket,16-32px,28
size_bucket,<4px,15
blur_bucket,sharp,177
blur_bucket,slight,175
blur_bucket,unknown,133
blur_bucket,heavy,101
blur_bucket,moderate,87
pose_bucket,steep,469
pose_bucket,unknown,133
pose_bucket,tilted,70
pose_bucket,axis_aligned,1
is_negative,False,540
is_negative,True,133
