file,gt_size_px,class_id,class_name,conf,iou_to_gt,hit
syn_00000.png,62.354,39,bottle,0.1115,0.8448,1
syn_00001.png,63.797,75,vase,0.3744,0.9725,1
syn_00001.png,63.797,25,umbrella,0.3078,0.978,1
syn_00002.png,63.64,25,umbrella,0.0516,0.9926,1
syn_00003.png,67.186,14,bird,0.5544,0.8761,1
syn_00004.png,65.345,55,cake,0.0647,0.976,1
syn_00004.png,65.345,25,umbrella,0.0559,0.9844,1
syn_00005.png,63.64,75,vase,0.5702,0.9678,1
syn_00005.png,63.64,58,potted plant,0.1211,0.9806,1
syn_00005.png,63.64,25,umbrella,0.0719,0.975,1
syn_00006.png,51.846,31,snowboard,0.1699,0.9784,1
syn_00007.png,48.497,75,vase,0.1151,0.9833,1
syn_00008.png,47.833,14,bird,0.4973,0.814,1
syn_00009.png,47.749,11,stop sign,0.1094,0.9805,1
syn_00010.png,48.765,14,bird,0.2465,0.9762,1
syn_00010.png,48.765,0,person,0.1263,0.9674,1
syn_00011.png,47.917,14,bird,0.1692,0.7786,1
syn_00012.png,36.083,0,person,0.3366,0.9806,1
syn_00012.png,36.083,14,bird,0.1285,0.967,1
syn_00013.png,36.083,-1,NONE,0.0,0.0,0
syn_00014.png,35.651,74,clock,0.3531,0.9728,1
syn_00014.png,35.651,75,vase,0.1344,0.9673,1
syn_00015.png,36.878,61,toilet,0.1473,0.9719,1
syn_00015.png,36.878,29,frisbee,0.0556,0.1133,0
syn_00016.png,37.094,42,fork,0.7972,0.8516,1
syn_00017.png,37.094,33,kite,0.3283,0.9462,1
syn_00018.png,28.723,-1,NONE,0.0,0.0,0
syn_00019.png,28.844,61,toilet,0.2149,0.9609,1
syn_00019.png,28.844,25,umbrella,0.2041,0.9623,1
syn_00020.png,28.39,74,clock,0.3373,0.928,1
syn_00021.png,24.495,32,sports ball,0.2155,0.7836,1
syn_00021.png,24.495,74,clock,0.1439,0.7884,1
syn_00022.png,28.566,-1,NONE,0.0,0.0,0
syn_00023.png,27.386,74,clock,0.7371,0.9474,1
syn_00024.png,21.213,25,umbrella,0.0765,0.9527,1
syn_00025.png,22.913,37,surfboard,0.139,0.9283,1
syn_00025.png,22.913,33,kite,0.0781,0.935,1
syn_00026.png,18.0,74,clock,0.1956,0.8377,1
syn_00027.png,21.213,33,kite,0.0651,0.8715,1
syn_00028.png,21.794,74,clock,0.4839,0.9714,1
syn_00029.png,20.785,39,bottle,0.2921,0.7594,1
syn_00030.png,17.436,33,kite,0.2973,0.9694,1
syn_00031.png,14.491,-1,NONE,0.0,0.0,0
syn_00032.png,16.971,33,kite,0.1771,0.8677,1
syn_00033.png,14.491,74,clock,0.6728,0.9392,1
syn_00034.png,16.31,33,kite,0.0866,0.659,1
syn_00035.png,16.432,-1,NONE,0.0,0.0,0
syn_00036.png,11.489,2,car,0.0593,0.5989,1
syn_00037.png,13.491,33,kite,0.0752,0.854,1
syn_00038.png,12.845,-1,NONE,0.0,0.0,0
syn_00039.png,12.41,32,sports ball,0.081,0.5521,1
syn_00040.png,12.247,8,boat,0.088,0.9143,1
syn_00040.png,12.247,0,person,0.079,0.9005,1
syn_00041.png,12.41,33,kite,0.0601,0.8581,1
syn_00042.png,9.381,-1,NONE,0.0,0.0,0
syn_00043.png,9.381,74,clock,0.3805,0.943,1
syn_00044.png,10.488,-1,NONE,0.0,0.0,0
syn_00045.png,9.95,14,bird,0.1481,0.9598,1
syn_00046.png,9.95,-1,NONE,0.0,0.0,0
syn_00047.png,9.381,-1,NONE,0.0,0.0,0
syn_00048.png,6.928,-1,NONE,0.0,0.0,0
syn_00049.png,7.348,-1,NONE,0.0,0.0,0
syn_00050.png,7.483,14,bird,0.2382,0.885,1
syn_00051.png,7.483,-1,NONE,0.0,0.0,0
syn_00052.png,7.348,-1,NONE,0.0,0.0,0
syn_00053.png,6.0,74,clock,0.2018,0.8318,1
syn_00053.png,6.0,32,sports ball,0.1455,0.8107,1
syn_00054.png,4.472,33,kite,0.1377,0.818,1
syn_00055.png,4.899,-1,NONE,0.0,0.0,0
syn_00056.png,5.477,-1,NONE,0.0,0.0,0
syn_00057.png,5.477,33,kite,0.0994,0.8236,1
syn_00058.png,6.0,14,bird,0.1213,0.8671,1
syn_00058.png,6.0,0,person,0.0678,0.788,1
syn_00059.png,6.481,33,kite,0.0962,0.8389,1
syn_00060.png,4.472,33,kite,0.1014,0.8662,1
syn_00061.png,3.873,-1,NONE,0.0,0.0,0
syn_00062.png,3.464,14,bird,0.0632,0.7761,1
syn_00063.png,4.472,33,kite,0.095,0.7704,1
syn_00064.png,4.0,0,person,0.0911,0.8697,1
syn_00064.png,4.0,14,bird,0.0647,0.8398,1
syn_00065.png,3.873,-1,NONE,0.0,0.0,0
syn_00066.png,3.464,-1,NONE,0.0,0.0,0
syn_00067.png,3.0,14,bird,0.0553,0.7954,1
syn_00068.png,3.0,-1,NONE,0.0,0.0,0
syn_00069.png,2.449,-1,NONE,0.0,0.0,0
syn_00070.png,2.828,-1,NONE,0.0,0.0,0
syn_00071.png,3.0,14,bird,0.0707,0.7367,1
syn_00071.png,3.0,33,kite,0.0677,0.775,1
syn_00072.png,2.449,-1,NONE,0.0,0.0,0
syn_00073.png,1.414,-1,NONE,0.0,0.0,0
syn_00074.png,2.449,-1,NONE,0.0,0.0,0
syn_00075.png,2.449,-1,NONE,0.0,0.0,0
syn_00076.png,2.449,-1,NONE,0.0,0.0,0
syn_00077.png,2.0,-1,NONE,0.0,0.0,0
syn_00078.png,1.414,-1,NONE,0.0,0.0,0
syn_00079.png,1.414,-1,NONE,0.0,0.0,0
syn_00080.png,1.414,-1,NONE,0.0,0.0,0
syn_00081.png,1.414,-1,NONE,0.0,0.0,0
syn_00082.png,1.414,-1,NONE,0.0,0.0,0
syn_00083.png,1.414,-1,NONE,0.0,0.0,0
