pose,n_samples,n_evaluable,n_negative,n_missing_ground_truth,n_detector_errors,n_ground_truth,n_predictions,tp,fp,fn,precision,recall,f1,mAP50,mAP50-95,top1_hit_rate,topk_hit_rate,gt_covered_rate,mean_center_error_px,n_center_error,mean_confidence,n_confidence,mean_matched_confidence,n_matched_confidence,mean_best_iou,iou_threshold,top_k,notes
pinned_oblique,109,109,0,0,0,109,192,40,152,69,0.208333,0.366972,0.265781,0.188711,0.084537,0.348624,0.366972,0.027523,2.412161,40,0.655272,76,0.535285,40,0.265989,0.5,5,
cork_end_on,1,1,0,0,0,1,2,1,1,0,0.5,1.0,0.666667,1.0,0.4,1.0,1.0,0.0,2.035469,1,0.258463,1,0.258463,1,0.659164,0.5,5,
feather_end_on,1,1,0,0,0,1,0,0,0,1,NOT_COMPUTABLE: no predictions in this group,0.0,NOT_COMPUTABLE: no predictions in this group,NOT_COMPUTABLE: no predictions in this group,NOT_COMPUTABLE: no predictions in this group,0.0,0.0,0.0,NOT_COMPUTABLE: no matched candidate in this group,0,NOT_COMPUTABLE: no predictions in this group,0,NOT_COMPUTABLE: no matched candidate in this group,0,0.0,0.5,5,f1: no predictions in this group; mAP50: no predictions in this group; mAP50-95: no predictions in this group; mean_center_error_px: no matched candidate in this group; mean_confidence: no predictions in this group; mean_matched_confidence: no matched candidate in this group; precision: no predictions in this group
side,3,3,0,0,0,3,0,0,0,3,NOT_COMPUTABLE: no predictions in this group,0.0,NOT_COMPUTABLE: no predictions in this group,NOT_COMPUTABLE: no predictions in this group,NOT_COMPUTABLE: no predictions in this group,0.0,0.0,0.0,NOT_COMPUTABLE: no matched candidate in this group,0,NOT_COMPUTABLE: no predictions in this group,0,NOT_COMPUTABLE: no matched candidate in this group,0,0.0,0.5,5,f1: no predictions in this group; mAP50: no predictions in this group; mAP50-95: no predictions in this group; mean_center_error_px: no matched candidate in this group; mean_confidence: no predictions in this group; mean_matched_confidence: no matched candidate in this group; precision: no predictions in this group
oblique,4,4,0,0,0,4,2,1,1,3,0.5,0.25,0.333333,0.257426,0.077228,0.25,0.25,0.0,3.15486,1,0.262994,1,0.262994,1,0.151061,0.5,5,
yaw_only,4,4,0,0,0,4,1,1,0,3,1.0,0.25,0.4,0.257426,0.077228,0.25,0.25,0.0,0.638638,1,0.098484,1,0.098484,1,0.160598,0.5,5,
pitch_only,4,4,0,0,0,4,2,2,0,2,1.0,0.5,0.666667,0.50495,0.20198,0.5,0.5,0.0,2.42224,2,0.162513,2,0.162513,2,0.338522,0.5,5,
roll_only,4,4,0,0,0,4,0,0,0,4,NOT_COMPUTABLE: no predictions in this group,0.0,NOT_COMPUTABLE: no predictions in this group,NOT_COMPUTABLE: no predictions in this group,NOT_COMPUTABLE: no predictions in this group,0.0,0.0,0.0,NOT_COMPUTABLE: no matched candidate in this group,0,NOT_COMPUTABLE: no predictions in this group,0,NOT_COMPUTABLE: no matched candidate in this group,0,0.0,0.5,5,f1: no predictions in this group; mAP50: no predictions in this group; mAP50-95: no predictions in this group; mean_center_error_px: no matched candidate in this group; mean_confidence: no predictions in this group; mean_matched_confidence: no matched candidate in this group; precision: no predictions in this group
flight_rotation,8,8,0,0,0,8,4,3,1,5,0.75,0.375,0.5,0.376238,0.136469,0.375,0.375,0.0,2.902476,3,0.156587,3,0.156587,3,0.250453,0.5,5,
