index,file,split,source_type,status,image_path,bbox_w_px,bbox_h_px,pos_x_px,pos_y_px,gt_x1,gt_y1,gt_x2,gt_y2,gt_width_px,gt_height_px,equivalent_size_px,size_bucket,pose_bucket,position_bucket,blur_bucket,occlusion_bucket,background,light_azimuth_deg,n_candidates,top1_confidence,top1_iou,top1_hit,topk_hit,gt_covered,gt_covered_fraction,center_error_px,center_error_defined,matched_rank,matched_confidence,best_iou,n_true_positives,n_false_positives,n_false_negatives,iou_threshold,top_k,error
1,images/s1_size_lt4_0.jpg,fixed_core_test,SYNTHETIC_3D,ok,outputs/shuttle_capability/controlled_capability/images/s1_size_lt4_0.jpg,3,3,480,479,478.5,477.5,481.5,480.5,3.0,3.0,3.0,<4,pinned_oblique,center,none,none,bg_001.jpg,315.0,0,,,False,False,False,0.0,,False,,,0.0,0,0,1,0.5,5,
2,images/s1_size_lt4_1.jpg,fixed_core_test,SYNTHETIC_3D,ok,outputs/shuttle_capability/controlled_capability/images/s1_size_lt4_1.jpg,2,2,479,479,478.0,478.0,480.0,480.0,2.0,2.0,2.0,<4,pinned_oblique,center,none,none,bg_001.jpg,315.0,0,,,False,False,False,0.0,,False,,,0.0,0,0,1,0.5,5,
3,images/s1_size_lt4_2.jpg,fixed_core_test,SYNTHETIC_3D,ok,outputs/shuttle_capability/controlled_capability/images/s1_size_lt4_2.jpg,3,3,480,479,478.5,477.5,481.5,480.5,3.0,3.0,3.0,<4,pinned_oblique,center,none,none,bg_001.jpg,315.0,0,,,False,False,False,0.0,,False,,,0.0,0,0,1,0.5,5,
4,images/s1_size_4_6_0.jpg,fixed_core_test,SYNTHETIC_3D,ok,outputs/shuttle_capability/controlled_capability/images/s1_size_4_6_0.jpg,5,5,480,479,477.5,476.5,482.5,481.5,5.0,5.0,5.0,4-6,pinned_oblique,center,none,none,bg_001.jpg,315.0,0,,,False,False,False,0.0,,False,,,0.0,0,0,1,0.5,5,
5,images/s1_size_4_6_1.jpg,fixed_core_test,SYNTHETIC_3D,ok,outputs/shuttle_capability/controlled_capability/images/s1_size_4_6_1.jpg,5,5,480,479,477.5,476.5,482.5,481.5,5.0,5.0,5.0,4-6,pinned_oblique,center,none,none,bg_001.jpg,315.0,0,,,False,False,False,0.0,,False,,,0.0,0,0,1,0.5,5,
6,images/s1_size_4_6_2.jpg,fixed_core_test,SYNTHETIC_3D,ok,outputs/shuttle_capability/controlled_capability/images/s1_size_4_6_2.jpg,5,5,480,479,477.5,476.5,482.5,481.5,5.0,5.0,5.0,4-6,pinned_oblique,center,none,none,bg_001.jpg,315.0,0,,,False,False,False,0.0,,False,,,0.0,0,0,1,0.5,5,
7,images/s1_size_6_8_0.jpg,fixed_core_test,SYNTHETIC_3D,ok,outputs/shuttle_capability/controlled_capability/images/s1_size_6_8_0.jpg,7,7,480,479,476.5,475.5,483.5,482.5,7.0,7.0,7.0,6-8,pinned_oblique,center,none,none,bg_001.jpg,315.0,0,,,False,False,False,0.0,,False,,,0.0,0,0,1,0.5,5,
8,images/s1_size_6_8_1.jpg,fixed_core_test,SYNTHETIC_3D,ok,outputs/shuttle_capability/controlled_capability/images/s1_size_6_8_1.jpg,6,6,480,478,477.0,475.0,483.0,481.0,6.0,6.0,6.0,6-8,pinned_oblique,center,none,none,bg_001.jpg,315.0,0,,,False,False,False,0.0,,False,,,0.0,0,0,1,0.5,5,
9,images/s1_size_6_8_2.jpg,fixed_core_test,SYNTHETIC_3D,ok,outputs/shuttle_capability/controlled_capability/images/s1_size_6_8_2.jpg,7,7,480,479,476.5,475.5,483.5,482.5,7.0,7.0,7.0,6-8,pinned_oblique,center,none,none,bg_001.jpg,315.0,0,,,False,False,False,0.0,,False,,,0.0,0,0,1,0.5,5,
10,images/s1_size_8_12_0.jpg,fixed_core_test,SYNTHETIC_3D,ok,outputs/shuttle_capability/controlled_capability/images/s1_size_8_12_0.jpg,10,10,480,478,475.0,473.0,485.0,483.0,10.0,10.0,10.0,8-12,pinned_oblique,center,none,none,bg_001.jpg,315.0,0,,,False,False,False,0.0,,False,,,0.0,0,0,1,0.5,5,
11,images/s1_size_8_12_1.jpg,fixed_core_test,SYNTHETIC_3D,ok,outputs/shuttle_capability/controlled_capability/images/s1_size_8_12_1.jpg,8,9,480,478,476.0,473.5,484.0,482.5,8.0,9.0,8.485,8-12,pinned_oblique,center,none,none,bg_001.jpg,315.0,0,,,False,False,False,0.0,,False,,,0.0,0,0,1,0.5,5,
12,images/s1_size_8_12_2.jpg,fixed_core_test,SYNTHETIC_3D,ok,outputs/shuttle_capability/controlled_capability/images/s1_size_8_12_2.jpg,11,11,481,478,475.5,472.5,486.5,483.5,11.0,11.0,11.0,8-12,pinned_oblique,center,none,none,bg_001.jpg,315.0,0,,,False,False,False,0.0,,False,,,0.0,0,0,1,0.5,5,
13,images/s1_size_12_16_0.jpg,fixed_core_test,SYNTHETIC_3D,ok,outputs/shuttle_capability/controlled_capability/images/s1_size_12_16_0.jpg,14,14,481,477,474.0,470.0,488.0,484.0,14.0,14.0,14.0,12-16,pinned_oblique,center,none,none,bg_001.jpg,315.0,0,,,False,False,False,0.0,,False,,,0.0,0,0,1,0.5,5,
14,images/s1_size_12_16_1.jpg,fixed_core_test,SYNTHETIC_3D,ok,outputs/shuttle_capability/controlled_capability/images/s1_size_12_16_1.jpg,13,13,481,478,474.5,471.5,487.5,484.5,13.0,13.0,13.0,12-16,pinned_oblique,center,none,none,bg_001.jpg,315.0,0,,,False,False,False,0.0,,False,,,0.0,0,0,1,0.5,5,
15,images/s1_size_12_16_2.jpg,fixed_core_test,SYNTHETIC_3D,ok,outputs/shuttle_capability/controlled_capability/images/s1_size_12_16_2.jpg,15,15,481,478,473.5,470.5,488.5,485.5,15.0,15.0,15.0,12-16,pinned_oblique,center,none,none,bg_001.jpg,315.0,1,0.11612378805875778,0.7023387844284917,True,True,False,0.7548155459099346,1.8589421297962658,True,1,0.11612378805875778,0.7023387844284917,1,0,0,0.5,5,
16,images/s1_size_16_24_0.jpg,fixed_core_test,SYNTHETIC_3D,ok,outputs/shuttle_capability/controlled_capability/images/s1_size_16_24_0.jpg,19,19,482,477,472.5,467.5,491.5,486.5,19.0,19.0,19.0,16-24,pinned_oblique,center,none,none,bg_001.jpg,315.0,0,,,False,False,False,0.0,,False,,,0.0,0,0,1,0.5,5,
17,images/s1_size_16_24_1.jpg,fixed_core_test,SYNTHETIC_3D,ok,outputs/shuttle_capability/controlled_capability/images/s1_size_16_24_1.jpg,18,18,481,477,472.0,468.0,490.0,486.0,18.0,18.0,18.0,16-24,pinned_oblique,center,none,none,bg_001.jpg,315.0,1,0.30074137449264526,0.5991694131679643,True,True,False,0.6529406207027258,3.145505169094885,True,1,0.30074137449264526,0.5991694131679643,1,0,0,0.5,5,
18,images/s1_size_16_24_2.jpg,fixed_core_test,SYNTHETIC_3D,ok,outputs/shuttle_capability/controlled_capability/images/s1_size_16_24_2.jpg,21,21,482,477,471.5,466.5,492.5,487.5,21.0,21.0,21.0,16-24,pinned_oblique,center,none,none,bg_001.jpg,315.0,0,,,False,False,False,0.0,,False,,,0.0,0,0,1,0.5,5,
19,images/s1_size_24_32_0.jpg,fixed_core_test,SYNTHETIC_3D,ok,outputs/shuttle_capability/controlled_capability/images/s1_size_24_32_0.jpg,27,27,483,476,469.5,462.5,496.5,489.5,27.0,27.0,27.0,24-32,pinned_oblique,center,none,none,bg_001.jpg,315.0,1,0.08117673546075821,0.7269361801498575,True,True,False,0.7318049052983154,2.7204353848772023,True,1,0.08117673546075821,0.7269361801498575,1,0,0,0.5,5,
20,images/s1_size_24_32_1.jpg,fixed_core_test,SYNTHETIC_3D,ok,outputs/shuttle_capability/controlled_capability/images/s1_size_24_32_1.jpg,26,26,482,476,469.0,463.0,495.0,489.0,26.0,26.0,26.0,24-32,pinned_oblique,center,none,none,bg_001.jpg,315.0,1,0.13384564220905304,0.6524345067849975,True,True,False,0.6635904896359605,3.108253008839308,True,1,0.13384564220905304,0.6524345067849975,1,0,0,0.5,5,
21,images/s1_size_24_32_2.jpg,fixed_core_test,SYNTHETIC_3D,ok,outputs/shuttle_capability/controlled_capability/images/s1_size_24_32_2.jpg,30,30,483,475,468.0,460.0,498.0,490.0,30.0,30.0,30.0,24-32,pinned_oblique,center,none,none,bg_001.jpg,315.0,1,0.06149395555257797,0.708167379659911,True,True,False,0.708167379659911,2.797905226387541,True,1,0.06149395555257797,0.708167379659911,1,0,0,0.5,5,
22,images/s1_size_gt32_0.jpg,fixed_core_test,SYNTHETIC_3D,ok,outputs/shuttle_capability/controlled_capability/images/s1_size_gt32_0.jpg,40,40,484,474,464.0,454.0,504.0,494.0,40.0,40.0,40.0,>32,pinned_oblique,center,none,none,bg_001.jpg,315.0,0,,,False,False,False,0.0,,False,,,0.0,0,0,1,0.5,5,
23,images/s1_size_gt32_1.jpg,fixed_core_test,SYNTHETIC_3D,ok,outputs/shuttle_capability/controlled_capability/images/s1_size_gt32_1.jpg,35,35,484,475,466.5,457.5,501.5,492.5,35.0,35.0,35.0,>32,pinned_oblique,center,none,none,bg_001.jpg,315.0,0,,,False,False,False,0.0,,False,,,0.0,0,0,1,0.5,5,
24,images/s1_size_gt32_2.jpg,fixed_core_test,SYNTHETIC_3D,ok,outputs/shuttle_capability/controlled_capability/images/s1_size_gt32_2.jpg,44,44,485,473,463.0,451.0,507.0,495.0,44.0,44.0,44.0,>32,pinned_oblique,center,none,none,bg_001.jpg,315.0,0,,,False,False,False,0.0,,False,,,0.0,0,0,1,0.5,5,
25,images/s2_pose_cork_end_on_0.jpg,fixed_core_test,SYNTHETIC_3D,ok,outputs/shuttle_capability/controlled_capability/images/s2_pose_cork_end_on_0.jpg,18,18,479,479,470.0,470.0,488.0,488.0,18.0,18.0,18.0,16-24,cork_end_on,center,none,none,bg_001.jpg,315.0,2,0.2584632337093353,0.6591641306877136,True,True,False,0.6591641306877136,2.0354693187084854,True,1,0.2584632337093353,0.6591641306877136,1,1,0,0.5,5,
26,images/s2_pose_feather_end_on_0.jpg,fixed_core_test,SYNTHETIC_3D,ok,outputs/shuttle_capability/controlled_capability/images/s2_pose_feather_end_on_0.jpg,18,18,479,479,470.0,470.0,488.0,488.0,18.0,18.0,18.0,16-24,feather_end_on,center,none,none,bg_001.jpg,315.0,0,,,False,False,False,0.0,,False,,,0.0,0,0,1,0.5,5,
27,images/s2_pose_side_0.jpg,fixed_core_test,SYNTHETIC_3D,ok,outputs/shuttle_capability/controlled_capability/images/s2_pose_side_0.jpg,16,20,479,479,471.0,469.0,487.0,489.0,16.0,20.0,17.889,16-24,side,center,none,none,bg_001.jpg,315.0,0,,,False,False,False,0.0,,False,,,0.0,0,0,1,0.5,5,
28,images/s2_pose_side_1.jpg,fixed_core_test,SYNTHETIC_3D,ok,outputs/shuttle_capability/controlled_capability/images/s2_pose_side_1.jpg,20,16,479,479,469.0,471.0,489.0,487.0,20.0,16.0,17.889,16-24,side,center,none,none,bg_001.jpg,315.0,0,,,False,False,False,0.0,,False,,,0.0,0,0,1,0.5,5,
29,images/s2_pose_side_2.jpg,fixed_core_test,SYNTHETIC_3D,ok,outputs/shuttle_capability/controlled_capability/images/s2_pose_side_2.jpg,16,20,479,479,471.0,469.0,487.0,489.0,16.0,20.0,17.889,16-24,side,center,none,none,bg_001.jpg,315.0,0,,,False,False,False,0.0,,False,,,0.0,0,0,1,0.5,5,
30,images/s2_pose_oblique_0.jpg,fixed_core_test,SYNTHETIC_3D,ok,outputs/shuttle_capability/controlled_capability/images/s2_pose_oblique_0.jpg,18,18,481,477,472.0,468.0,490.0,486.0,18.0,18.0,18.0,16-24,oblique,center,none,none,bg_001.jpg,315.0,2,0.2629941403865814,0.6042424321852914,True,True,False,0.7710234762376381,3.154859812854947,True,1,0.2629941403865814,0.6042424321852914,1,1,0,0.5,5,
31,images/s2_pose_oblique_1.jpg,fixed_core_test,SYNTHETIC_3D,ok,outputs/shuttle_capability/controlled_capability/images/s2_pose_oblique_1.jpg,18,18,477,477,468.0,468.0,486.0,486.0,18.0,18.0,18.0,16-24,oblique,center,none,none,bg_001.jpg,315.0,0,,,False,False,False,0.0,,False,,,0.0,0,0,1,0.5,5,
32,images/s2_pose_oblique_2.jpg,fixed_core_test,SYNTHETIC_3D,ok,outputs/shuttle_capability/controlled_capability/images/s2_pose_oblique_2.jpg,18,18,481,477,472.0,468.0,490.0,486.0,18.0,18.0,18.0,16-24,oblique,center,none,none,bg_001.jpg,315.0,0,,,False,False,False,0.0,,False,,,0.0,0,0,1,0.5,5,
33,images/s2_pose_oblique_3.jpg,fixed_core_test,SYNTHETIC_3D,ok,outputs/shuttle_capability/controlled_capability/images/s2_pose_oblique_3.jpg,18,18,477,481,468.0,472.0,486.0,490.0,18.0,18.0,18.0,16-24,oblique,center,none,none,bg_001.jpg,315.0,0,,,False,False,False,0.0,,False,,,0.0,0,0,1,0.5,5,
34,images/s2_pose_yaw_only_0.jpg,fixed_core_test,SYNTHETIC_3D,ok,outputs/shuttle_capability/controlled_capability/images/s2_pose_yaw_only_0.jpg,19,16,482,479,472.5,471.0,491.5,487.0,19.0,16.0,17.436,16-24,yaw_only,center,none,none,bg_001.jpg,315.0,1,0.09848377853631973,0.6423900375436795,True,True,False,0.6423900375436795,0.63863829574037,True,1,0.09848377853631973,0.6423900375436795,1,0,0,0.5,5,
35,images/s2_pose_yaw_only_1.jpg,fixed_core_test,SYNTHETIC_3D,ok,outputs/shuttle_capability/controlled_capability/images/s2_pose_yaw_only_1.jpg,21,16,481,479,470.5,471.0,491.5,487.0,21.0,16.0,18.33,16-24,yaw_only,center,none,none,bg_001.jpg,315.0,0,,,False,False,False,0.0,,False,,,0.0,0,0,1,0.5,5,
36,images/s2_pose_yaw_only_2.jpg,fixed_core_test,SYNTHETIC_3D,ok,outputs/shuttle_capability/controlled_capability/images/s2_pose_yaw_only_2.jpg,20,16,479,479,469.0,471.0,489.0,487.0,20.0,16.0,17.889,16-24,yaw_only,center,none,none,bg_001.jpg,315.0,0,,,False,False,False,0.0,,False,,,0.0,0,0,1,0.5,5,
37,images/s2_pose_yaw_only_3.jpg,fixed_core_test,SYNTHETIC_3D,ok,outputs/shuttle_capability/controlled_capability/images/s2_pose_yaw_only_3.jpg,21,16,481,479,470.5,471.0,491.5,487.0,21.0,16.0,18.33,16-24,yaw_only,center,none,none,bg_001.jpg,315.0,0,,,False,False,False,0.0,,False,,,0.0,0,0,1,0.5,5,
38,images/s2_pose_pitch_only_0.jpg,fixed_core_test,SYNTHETIC_3D,ok,outputs/shuttle_capability/controlled_capability/images/s2_pose_pitch_only_0.jpg,16,19,479,477,471.0,467.5,487.0,486.5,16.0,19.0,17.436,16-24,pitch_only,center,none,none,bg_001.jpg,315.0,0,,,False,False,False,0.0,,False,,,0.0,0,0,1,0.5,5,
39,images/s2_pose_pitch_only_1.jpg,fixed_core_test,SYNTHETIC_3D,ok,outputs/shuttle_capability/controlled_capability/images/s2_pose_pitch_only_1.jpg,16,21,479,478,471.0,467.5,487.0,488.5,16.0,21.0,18.33,16-24,pitch_only,center,none,none,bg_001.jpg,315.0,1,0.24233534932136536,0.67313112574895,True,True,False,0.7653664068784565,2.5841817416434565,True,1,0.24233534932136536,0.67313112574895,1,0,0,0.5,5,
40,images/s2_pose_pitch_only_2.jpg,fixed_core_test,SYNTHETIC_3D,ok,outputs/shuttle_capability/controlled_capability/images/s2_pose_pitch_only_2.jpg,16,20,479,479,471.0,469.0,487.0,489.0,16.0,20.0,17.889,16-24,pitch_only,center,none,none,bg_001.jpg,315.0,0,,,False,False,False,0.0,,False,,,0.0,0,0,1,0.5,5,
41,images/s2_pose_pitch_only_3.jpg,fixed_core_test,SYNTHETIC_3D,ok,outputs/shuttle_capability/controlled_capability/images/s2_pose_pitch_only_3.jpg,16,21,479,478,471.0,467.5,487.0,488.5,16.0,21.0,18.33,16-24,pitch_only,center,none,none,bg_001.jpg,315.0,1,0.08269090205430984,0.6809577003396496,True,True,False,0.7607659861678258,2.2602977183939954,True,1,0.08269090205430984,0.6809577003396496,1,0,0,0.5,5,
42,images/s2_pose_roll_only_0.jpg,fixed_core_test,SYNTHETIC_3D,ok,outputs/shuttle_capability/controlled_capability/images/s2_pose_roll_only_0.jpg,16,20,479,479,471.0,469.0,487.0,489.0,16.0,20.0,17.889,16-24,roll_only,center,none,none,bg_001.jpg,315.0,0,,,False,False,False,0.0,,False,,,0.0,0,0,1,0.5,5,
43,images/s2_pose_roll_only_1.jpg,fixed_core_test,SYNTHETIC_3D,ok,outputs/shuttle_capability/controlled_capability/images/s2_pose_roll_only_1.jpg,16,20,479,479,471.0,469.0,487.0,489.0,16.0,20.0,17.889,16-24,roll_only,center,none,none,bg_001.jpg,315.0,0,,,False,False,False,0.0,,False,,,0.0,0,0,1,0.5,5,
44,images/s2_pose_roll_only_2.jpg,fixed_core_test,SYNTHETIC_3D,ok,outputs/shuttle_capability/controlled_capability/images/s2_pose_roll_only_2.jpg,16,20,479,479,471.0,469.0,487.0,489.0,16.0,20.0,17.889,16-24,roll_only,center,none,none,bg_001.jpg,315.0,0,,,False,False,False,0.0,,False,,,0.0,0,0,1,0.5,5,
45,images/s2_pose_roll_only_3.jpg,fixed_core_test,SYNTHETIC_3D,ok,outputs/shuttle_capability/controlled_capability/images/s2_pose_roll_only_3.jpg,16,20,479,479,471.0,469.0,487.0,489.0,16.0,20.0,17.889,16-24,roll_only,center,none,none,bg_001.jpg,315.0,0,,,False,False,False,0.0,,False,,,0.0,0,0,1,0.5,5,
46,images/s2_pose_flight_rotation_0.jpg,fixed_core_test,SYNTHETIC_3D,ok,outputs/shuttle_capability/controlled_capability/images/s2_pose_flight_rotation_0.jpg,18,18,482,476,473.0,467.0,491.0,485.0,18.0,18.0,18.0,16-24,flight_rotation,center,none,none,bg_001.jpg,315.0,0,,,False,False,False,0.0,,False,,,0.0,0,0,1,0.5,5,
47,images/s2_pose_flight_rotation_1.jpg,fixed_core_test,SYNTHETIC_3D,ok,outputs/shuttle_capability/controlled_capability/images/s2_pose_flight_rotation_1.jpg,18,19,482,477,473.0,467.5,491.0,486.5,18.0,19.0,18.493,16-24,flight_rotation,center,none,none,bg_001.jpg,315.0,0,,,False,False,False,0.0,,False,,,0.0,0,0,1,0.5,5,
48,images/s2_pose_flight_rotation_2.jpg,fixed_core_test,SYNTHETIC_3D,ok,outputs/shuttle_capability/controlled_capability/images/s2_pose_flight_rotation_2.jpg,18,19,482,477,473.0,467.5,491.0,486.5,18.0,19.0,18.493,16-24,flight_rotation,center,none,none,bg_001.jpg,315.0,0,,,False,False,False,0.0,,False,,,0.0,0,0,1,0.5,5,
49,images/s2_pose_flight_rotation_3.jpg,fixed_core_test,SYNTHETIC_3D,ok,outputs/shuttle_capability/controlled_capability/images/s2_pose_flight_rotation_3.jpg,17,18,482,476,473.5,467.0,490.5,485.0,17.0,18.0,17.493,16-24,flight_rotation,center,none,none,bg_001.jpg,315.0,0,,,False,False,False,0.0,,False,,,0.0,0,0,1,0.5,5,
50,images/s2_pose_flight_rotation_4.jpg,fixed_core_test,SYNTHETIC_3D,ok,outputs/shuttle_capability/controlled_capability/images/s2_pose_flight_rotation_4.jpg,17,18,482,476,473.5,467.0,490.5,485.0,17.0,18.0,17.493,16-24,flight_rotation,center,none,none,bg_001.jpg,315.0,0,,,False,False,False,0.0,,False,,,0.0,0,0,1,0.5,5,
51,images/s2_pose_flight_rotation_5.jpg,fixed_core_test,SYNTHETIC_3D,ok,outputs/shuttle_capability/controlled_capability/images/s2_pose_flight_rotation_5.jpg,18,19,482,477,473.0,467.5,491.0,486.5,18.0,19.0,18.493,16-24,flight_rotation,center,none,none,bg_001.jpg,315.0,1,0.1461510807275772,0.7026456309172651,True,True,False,0.738186190678188,2.2436517846207447,True,1,0.1461510807275772,0.7026456309172651,1,0,0,0.5,5,
52,images/s2_pose_flight_rotation_6.jpg,fixed_core_test,SYNTHETIC_3D,ok,outputs/shuttle_capability/controlled_capability/images/s2_pose_flight_rotation_6.jpg,18,18,482,476,473.0,467.0,491.0,485.0,18.0,18.0,18.0,16-24,flight_rotation,center,none,none,bg_001.jpg,315.0,1,0.19033770263195038,0.6243855345729111,True,True,False,0.707894597466989,3.355800509462439,True,1,0.19033770263195038,0.6243855345729111,1,0,0,0.5,5,
53,images/s2_pose_flight_rotation_7.jpg,fixed_core_test,SYNTHETIC_3D,ok,outputs/shuttle_capability/controlled_capability/images/s2_pose_flight_rotation_7.jpg,17,18,482,476,473.5,467.0,490.5,485.0,17.0,18.0,17.493,16-24,flight_rotation,center,none,none,bg_001.jpg,315.0,2,0.13327205181121826,0.6765898598734467,True,True,False,0.7517824599068929,3.1079742678242384,True,1,0.13327205181121826,0.6765898598734467,1,1,0,0.5,5,
54,images/s3_position_center.jpg,fixed_core_test,SYNTHETIC_3D,ok,outputs/shuttle_capability/controlled_capability/images/s3_position_center.jpg,18,18,481,477,472.0,468.0,490.0,486.0,18.0,18.0,18.0,16-24,pinned_oblique,center,none,none,bg_001.jpg,315.0,1,0.2324308604001999,0.6080834997187636,True,True,False,0.6705960756840391,3.101227152595182,True,1,0.2324308604001999,0.6080834997187636,1,0,0,0.5,5,
55,images/s3_position_left.jpg,fixed_core_test,SYNTHETIC_3D,ok,outputs/shuttle_capability/controlled_capability/images/s3_position_left.jpg,20,17,212,477,202.0,468.5,222.0,485.5,20.0,17.0,18.439,16-24,pinned_oblique,left,none,none,bg_001.jpg,315.0,0,,,False,False,False,0.0,,False,,,0.0,0,0,1,0.5,5,
56,images/s3_position_right.jpg,fixed_core_test,SYNTHETIC_3D,ok,outputs/shuttle_capability/controlled_capability/images/s3_position_right.jpg,17,19,750,477,741.5,467.5,758.5,486.5,17.0,19.0,17.972,16-24,pinned_oblique,right,none,none,bg_001.jpg,315.0,1,0.630135178565979,0.9117046439312501,True,True,True,0.9402323606951687,0.6400065118686097,True,1,0.630135178565979,0.9117046439312501,1,0,0,0.5,5,
57,images/s3_position_top.jpg,fixed_core_test,SYNTHETIC_3D,ok,outputs/shuttle_capability/controlled_capability/images/s3_position_top.jpg,19,17,482,209,472.5,200.5,491.5,217.5,19.0,17.0,17.972,16-24,pinned_oblique,top,none,none,bg_001.jpg,315.0,0,,,False,False,False,0.0,,False,,,0.0,0,0,1,0.5,5,
58,images/s3_position_bottom.jpg,fixed_core_test,SYNTHETIC_3D,ok,outputs/shuttle_capability/controlled_capability/images/s3_position_bottom.jpg,16,20,481,746,473.0,736.0,489.0,756.0,16.0,20.0,17.889,16-24,pinned_oblique,bottom,none,none,bg_001.jpg,315.0,0,,,False,False,False,0.0,,False,,,0.0,0,0,1,0.5,5,
59,images/s3_position_top_left.jpg,fixed_core_test,SYNTHETIC_3D,ok,outputs/shuttle_capability/controlled_capability/images/s3_position_top_left.jpg,20,15,212,209,202.0,201.5,222.0,216.5,20.0,15.0,17.321,16-24,pinned_oblique,top_left,none,none,bg_001.jpg,315.0,0,,,False,False,False,0.0,,False,,,0.0,0,0,1,0.5,5,
60,images/s3_position_top_right.jpg,fixed_core_test,SYNTHETIC_3D,ok,outputs/shuttle_capability/controlled_capability/images/s3_position_top_right.jpg,18,18,750,208,741.0,199.0,759.0,217.0,18.0,18.0,18.0,16-24,pinned_oblique,top_right,none,none,bg_001.jpg,315.0,0,,,False,False,False,0.0,,False,,,0.0,0,0,1,0.5,5,
61,images/s3_position_bottom_left.jpg,fixed_core_test,SYNTHETIC_3D,ok,outputs/shuttle_capability/controlled_capability/images/s3_position_bottom_left.jpg,18,18,212,746,203.0,737.0,221.0,755.0,18.0,18.0,18.0,16-24,pinned_oblique,bottom_left,none,none,bg_001.jpg,315.0,1,0.055269259959459305,0.5863076657988131,True,True,False,0.5863076657988131,2.114597252122087,True,1,0.055269259959459305,0.5863076657988131,1,0,0,0.5,5,
62,images/s3_position_bottom_right.jpg,fixed_core_test,SYNTHETIC_3D,ok,outputs/shuttle_capability/controlled_capability/images/s3_position_bottom_right.jpg,15,20,750,746,742.5,736.0,757.5,756.0,15.0,20.0,17.321,16-24,pinned_oblique,bottom_right,none,none,bg_001.jpg,315.0,1,0.5497466921806335,0.804459199981517,True,True,True,0.9299346923828125,1.4052852702355074,True,1,0.5497466921806335,0.804459199981517,1,0,0,0.5,5,
63,images/s4_blur_none.jpg,fixed_core_test,SYNTHETIC_3D,ok,outputs/shuttle_capability/controlled_capability/images/s4_blur_none.jpg,18,18,481,477,472.0,468.0,490.0,486.0,18.0,18.0,18.0,16-24,pinned_oblique,center,none,none,bg_001.jpg,315.0,1,0.17939911782741547,0.5960811987238592,True,True,False,0.6731954207816334,3.3131633935750444,True,1,0.17939911782741547,0.5960811987238592,1,0,0,0.5,5,
64,images/s4_blur_light.jpg,fixed_core_test,SYNTHETIC_3D,ok,outputs/shuttle_capability/controlled_capability/images/s4_blur_light.jpg,18,18,481,477,472.0,468.0,490.0,486.0,18.0,18.0,18.0,16-24,pinned_oblique,center,light,none,bg_001.jpg,315.0,3,0.10939858108758926,0.5854504042904106,True,True,False,0.6538096573721204,3.3246980069772327,True,1,0.10939858108758926,0.5854504042904106,1,2,0,0.5,5,
65,images/s4_blur_medium.jpg,fixed_core_test,SYNTHETIC_3D,ok,outputs/shuttle_capability/controlled_capability/images/s4_blur_medium.jpg,18,18,481,477,472.0,468.0,490.0,486.0,18.0,18.0,18.0,16-24,pinned_oblique,center,medium,none,bg_001.jpg,315.0,0,,,False,False,False,0.0,,False,,,0.0,0,0,1,0.5,5,
66,images/s4_blur_heavy.jpg,fixed_core_test,SYNTHETIC_3D,ok,outputs/shuttle_capability/controlled_capability/images/s4_blur_heavy.jpg,18,18,481,477,472.0,468.0,490.0,486.0,18.0,18.0,18.0,16-24,pinned_oblique,center,heavy,none,bg_001.jpg,315.0,0,,,False,False,False,0.0,,False,,,0.0,0,0,1,0.5,5,
67,images/s5_occlusion_none_0.jpg,fixed_core_test,SYNTHETIC_3D,ok,outputs/shuttle_capability/controlled_capability/images/s5_occlusion_none_0.jpg,18,18,481,477,472.0,468.0,490.0,486.0,18.0,18.0,18.0,16-24,pinned_oblique,center,none,none,bg_001.jpg,315.0,1,0.3964717388153076,0.589009323752903,True,True,False,0.6729635109917985,3.343674482429773,True,1,0.3964717388153076,0.589009323752903,1,0,0,0.5,5,
68,images/s5_occlusion_light_0.jpg,fixed_core_test,SYNTHETIC_3D,ok,outputs/shuttle_capability/controlled_capability/images/s5_occlusion_light_0.jpg,18,18,481,477,472.0,468.0,490.0,486.0,18.0,18.0,18.0,16-24,pinned_oblique,center,none,light,bg_001.jpg,315.0,1,0.6761804819107056,0.5715860748182883,True,True,False,0.6230145196579857,3.5545941681517106,True,1,0.6761804819107056,0.5715860748182883,1,0,0,0.5,5,
69,images/s5_occlusion_light_1.jpg,fixed_core_test,SYNTHETIC_3D,ok,outputs/shuttle_capability/controlled_capability/images/s5_occlusion_light_1.jpg,18,18,481,477,472.0,468.0,490.0,486.0,18.0,18.0,18.0,16-24,pinned_oblique,center,none,light,bg_001.jpg,315.0,1,0.6823559403419495,0.4930192713227541,False,False,False,0.5319803002474393,,False,,,0.4930192713227541,0,1,1,0.5,5,
70,images/s5_occlusion_light_2.jpg,fixed_core_test,SYNTHETIC_3D,ok,outputs/shuttle_capability/controlled_capability/images/s5_occlusion_light_2.jpg,18,18,481,477,472.0,468.0,490.0,486.0,18.0,18.0,18.0,16-24,pinned_oblique,center,none,light,bg_001.jpg,315.0,2,0.5991258025169373,0.4705859439225303,False,True,False,0.5989889866086068,4.06150631271553,True,2,0.10750653594732285,0.5092922161738916,1,1,0,0.5,5,
71,images/s5_occlusion_partial_0.jpg,fixed_core_test,SYNTHETIC_3D,ok,outputs/shuttle_capability/controlled_capability/images/s5_occlusion_partial_0.jpg,18,18,481,477,472.0,468.0,490.0,486.0,18.0,18.0,18.0,16-24,pinned_oblique,center,none,partial,bg_001.jpg,315.0,1,0.6384320855140686,0.3914468575574237,False,False,False,0.4238160832060708,,False,,,0.3914468575574237,0,1,1,0.5,5,
72,images/s5_occlusion_partial_1.jpg,fixed_core_test,SYNTHETIC_3D,ok,outputs/shuttle_capability/controlled_capability/images/s5_occlusion_partial_1.jpg,18,18,481,477,472.0,468.0,490.0,486.0,18.0,18.0,18.0,16-24,pinned_oblique,center,none,partial,bg_001.jpg,315.0,1,0.236710786819458,0.2413817091657391,False,False,False,0.2605129466219633,,False,,,0.2413817091657391,0,1,1,0.5,5,
73,images/s5_occlusion_partial_2.jpg,fixed_core_test,SYNTHETIC_3D,ok,outputs/shuttle_capability/controlled_capability/images/s5_occlusion_partial_2.jpg,18,18,481,477,472.0,468.0,490.0,486.0,18.0,18.0,18.0,16-24,pinned_oblique,center,none,partial,bg_001.jpg,315.0,0,,,False,False,False,0.0,,False,,,0.0,0,0,1,0.5,5,
74,images/s6a_background_00.jpg,fixed_core_test,SYNTHETIC_3D,ok,outputs/shuttle_capability/controlled_capability/images/s6a_background_00.jpg,18,18,481,477,472.0,468.0,490.0,486.0,18.0,18.0,18.0,16-24,pinned_oblique,center,none,none,bg_001.jpg,315.0,1,0.34719011187553406,0.6004236525299589,True,True,False,0.6649014833297029,3.160185891862347,True,1,0.34719011187553406,0.6004236525299589,1,0,0,0.5,5,
75,images/s6a_background_01.jpg,fixed_core_test,SYNTHETIC_3D,ok,outputs/shuttle_capability/controlled_capability/images/s6a_background_01.jpg,18,18,481,477,472.0,468.0,490.0,486.0,18.0,18.0,18.0,16-24,pinned_oblique,center,none,none,bg_002.jpg,315.0,5,0.5109640955924988,0.0,False,True,False,0.8592425428882793,1.2032544403918588,True,2,0.45614370703697205,0.8392028646293832,1,4,0,0.5,5,
76,images/s6a_background_02.jpg,fixed_core_test,SYNTHETIC_3D,ok,outputs/shuttle_capability/controlled_capability/images/s6a_background_02.jpg,18,18,481,477,472.0,468.0,490.0,486.0,18.0,18.0,18.0,16-24,pinned_oblique,center,none,none,bg_003.jpg,315.0,2,0.7063390016555786,0.7721819698680379,True,True,False,0.8030770165201875,1.6430132405265387,True,1,0.7063390016555786,0.7721819698680379,1,1,0,0.5,5,
77,images/s6a_background_03.jpg,fixed_core_test,SYNTHETIC_3D,ok,outputs/shuttle_capability/controlled_capability/images/s6a_background_03.jpg,18,18,481,477,472.0,468.0,490.0,486.0,18.0,18.0,18.0,16-24,pinned_oblique,center,none,none,bg_004.jpg,315.0,5,0.7156522274017334,0.0,False,False,False,0.0,,False,,,0.0,0,5,1,0.5,5,
78,images/s6a_background_04.jpg,fixed_core_test,SYNTHETIC_3D,ok,outputs/shuttle_capability/controlled_capability/images/s6a_background_04.jpg,18,18,481,477,472.0,468.0,490.0,486.0,18.0,18.0,18.0,16-24,pinned_oblique,center,none,none,bg_005.jpg,315.0,8,0.8632252216339111,0.7440202601663516,True,True,False,0.7765261708862252,1.94604646120117,True,1,0.8632252216339111,0.7440202601663516,1,7,0,0.5,5,
79,images/s6a_background_05.jpg,fixed_core_test,SYNTHETIC_3D,ok,outputs/shuttle_capability/controlled_capability/images/s6a_background_05.jpg,18,18,481,477,472.0,468.0,490.0,486.0,18.0,18.0,18.0,16-24,pinned_oblique,center,none,none,bg_006.jpg,315.0,7,0.5707806348800659,0.0,False,False,False,0.0,,False,,,0.0,0,7,1,0.5,5,
80,images/s6a_background_06.jpg,fixed_core_test,SYNTHETIC_3D,ok,outputs/shuttle_capability/controlled_capability/images/s6a_background_06.jpg,18,18,481,477,472.0,468.0,490.0,486.0,18.0,18.0,18.0,16-24,pinned_oblique,center,none,none,bg_007.jpg,315.0,9,0.63004469871521,0.0,False,False,False,0.0,,False,,,0.0,0,9,1,0.5,5,
81,images/s6a_background_07.jpg,fixed_core_test,SYNTHETIC_3D,ok,outputs/shuttle_capability/controlled_capability/images/s6a_background_07.jpg,18,18,481,477,472.0,468.0,490.0,486.0,18.0,18.0,18.0,16-24,pinned_oblique,center,none,none,bg_008.jpg,315.0,3,0.11216700822114944,0.7494809788717745,True,True,False,0.8371819390190972,2.415208315635455,True,1,0.11216700822114944,0.7494809788717745,1,2,0,0.5,5,
82,images/s6a_background_08.jpg,fixed_core_test,SYNTHETIC_3D,ok,outputs/shuttle_capability/controlled_capability/images/s6a_background_08.jpg,18,18,481,477,472.0,468.0,490.0,486.0,18.0,18.0,18.0,16-24,pinned_oblique,center,none,none,bg_009.jpg,315.0,15,0.7928261160850525,0.0,False,False,False,0.0,,False,,,0.0,0,15,1,0.5,5,
83,images/s6a_background_09.jpg,fixed_core_test,SYNTHETIC_3D,ok,outputs/shuttle_capability/controlled_capability/images/s6a_background_09.jpg,18,18,481,477,472.0,468.0,490.0,486.0,18.0,18.0,18.0,16-24,pinned_oblique,center,none,none,bg_010.jpg,315.0,3,0.8486040234565735,0.7029695516465877,True,True,False,0.7518494017422199,2.469622099014489,True,1,0.8486040234565735,0.7029695516465877,1,2,0,0.5,5,
84,images/s6a_background_10.jpg,fixed_core_test,SYNTHETIC_3D,ok,outputs/shuttle_capability/controlled_capability/images/s6a_background_10.jpg,18,18,481,477,472.0,468.0,490.0,486.0,18.0,18.0,18.0,16-24,pinned_oblique,center,none,none,bg_011.jpg,315.0,2,0.8665662407875061,0.7705929150900347,True,True,False,0.8493841250461561,1.891333862144164,True,1,0.8665662407875061,0.7705929150900347,1,1,0,0.5,5,
85,images/s6a_background_11.jpg,fixed_core_test,SYNTHETIC_3D,ok,outputs/shuttle_capability/controlled_capability/images/s6a_background_11.jpg,18,18,481,477,472.0,468.0,490.0,486.0,18.0,18.0,18.0,16-24,pinned_oblique,center,none,none,bg_012.jpg,315.0,2,0.8367427587509155,0.7259567075331663,True,True,False,0.7717439882733204,2.1857722770107553,True,1,0.8367427587509155,0.7259567075331663,1,1,0,0.5,5,
86,images/s6a_background_12.jpg,fixed_core_test,SYNTHETIC_3D,ok,outputs/shuttle_capability/controlled_capability/images/s6a_background_12.jpg,18,18,481,477,472.0,468.0,490.0,486.0,18.0,18.0,18.0,16-24,pinned_oblique,center,none,none,bg_013.jpg,315.0,2,0.8681641221046448,0.7206203203341109,True,True,False,0.8240873450585814,2.3922835556497843,True,1,0.8681641221046448,0.7206203203341109,1,1,0,0.5,5,
87,images/s6a_background_13.jpg,fixed_core_test,SYNTHETIC_3D,ok,outputs/shuttle_capability/controlled_capability/images/s6a_background_13.jpg,18,18,481,477,472.0,468.0,490.0,486.0,18.0,18.0,18.0,16-24,pinned_oblique,center,none,none,bg_015.jpg,315.0,5,0.8960176706314087,0.7070463944315915,True,True,False,0.8102713027727548,2.267679044866466,True,1,0.8960176706314087,0.7070463944315915,1,4,0,0.5,5,
88,images/s6a_background_14.jpg,fixed_core_test,SYNTHETIC_3D,ok,outputs/shuttle_capability/controlled_capability/images/s6a_background_14.jpg,18,18,481,477,472.0,468.0,490.0,486.0,18.0,18.0,18.0,16-24,pinned_oblique,center,none,none,bg_016.jpg,315.0,5,0.8677318096160889,0.7396019851564843,True,True,False,0.7927947138194684,2.1315901055797335,True,1,0.8677318096160889,0.7396019851564843,1,4,0,0.5,5,
89,images/s6a_background_15.jpg,fixed_core_test,SYNTHETIC_3D,ok,outputs/shuttle_capability/controlled_capability/images/s6a_background_15.jpg,18,18,481,477,472.0,468.0,490.0,486.0,18.0,18.0,18.0,16-24,pinned_oblique,center,none,none,bg_017.jpg,315.0,3,0.8797540664672852,0.7505572627077084,True,True,False,0.8205959044948772,1.8844891194622093,True,1,0.8797540664672852,0.7505572627077084,1,2,0,0.5,5,
90,images/s6a_background_16.jpg,fixed_core_test,SYNTHETIC_3D,ok,outputs/shuttle_capability/controlled_capability/images/s6a_background_16.jpg,18,18,481,477,472.0,468.0,490.0,486.0,18.0,18.0,18.0,16-24,pinned_oblique,center,none,none,bg_018.jpg,315.0,3,0.9044719934463501,0.7465573379884767,True,True,False,0.8476722123112852,1.9521266276838196,True,1,0.9044719934463501,0.7465573379884767,1,2,0,0.5,5,
91,images/s6a_background_17.jpg,fixed_core_test,SYNTHETIC_3D,ok,outputs/shuttle_capability/controlled_capability/images/s6a_background_17.jpg,18,18,481,477,472.0,468.0,490.0,486.0,18.0,18.0,18.0,16-24,pinned_oblique,center,none,none,bg_019.jpg,315.0,1,0.8930999040603638,0.7446364443592114,True,True,False,0.8527803719043732,1.9907362181683657,True,1,0.8930999040603638,0.7446364443592114,1,0,0,0.5,5,
92,images/s6a_background_18.jpg,fixed_core_test,SYNTHETIC_3D,ok,outputs/shuttle_capability/controlled_capability/images/s6a_background_18.jpg,18,18,481,477,472.0,468.0,490.0,486.0,18.0,18.0,18.0,16-24,pinned_oblique,center,none,none,bg_020.jpg,315.0,6,0.34930577874183655,0.0,False,False,False,0.0,,False,,,0.0,0,6,1,0.5,5,
93,images/s6a_background_19.jpg,fixed_core_test,SYNTHETIC_3D,ok,outputs/shuttle_capability/controlled_capability/images/s6a_background_19.jpg,18,18,481,477,472.0,468.0,490.0,486.0,18.0,18.0,18.0,16-24,pinned_oblique,center,none,none,bg_021.jpg,315.0,2,0.7864885330200195,0.6877420289860238,True,True,False,0.8053464144985709,2.4605846481785716,True,1,0.7864885330200195,0.6877420289860238,1,1,0,0.5,5,
94,images/s6a_background_20.jpg,fixed_core_test,SYNTHETIC_3D,ok,outputs/shuttle_capability/controlled_capability/images/s6a_background_20.jpg,18,18,481,477,472.0,468.0,490.0,486.0,18.0,18.0,18.0,16-24,pinned_oblique,center,none,none,bg_022.jpg,315.0,2,0.8770696520805359,0.7341299534658987,True,True,False,0.7860462206105391,2.149814700311879,True,1,0.8770696520805359,0.7341299534658987,1,1,0,0.5,5,
95,images/s6a_background_21.jpg,fixed_core_test,SYNTHETIC_3D,ok,outputs/shuttle_capability/controlled_capability/images/s6a_background_21.jpg,18,18,481,477,472.0,468.0,490.0,486.0,18.0,18.0,18.0,16-24,pinned_oblique,center,none,none,bg_024.jpg,315.0,10,0.5565170049667358,0.6942478292683164,True,True,False,0.7311938910538124,2.265966969406467,True,1,0.5565170049667358,0.6942478292683164,1,9,0,0.5,5,
96,images/s6a_background_22.jpg,fixed_core_test,SYNTHETIC_3D,ok,outputs/shuttle_capability/controlled_capability/images/s6a_background_22.jpg,18,18,481,477,472.0,468.0,490.0,486.0,18.0,18.0,18.0,16-24,pinned_oblique,center,none,none,bg_025.jpg,315.0,0,,,False,False,False,0.0,,False,,,0.0,0,0,1,0.5,5,
97,images/s6a_background_23.jpg,fixed_core_test,SYNTHETIC_3D,ok,outputs/shuttle_capability/controlled_capability/images/s6a_background_23.jpg,18,18,481,477,472.0,468.0,490.0,486.0,18.0,18.0,18.0,16-24,pinned_oblique,center,none,none,bg_026.jpg,315.0,2,0.8383883833885193,0.8927801052328077,True,True,True,0.9258809358450688,0.7351756461723489,True,1,0.8383883833885193,0.8927801052328077,1,1,0,0.5,5,
98,images/s6a_background_24.jpg,fixed_core_test,SYNTHETIC_3D,ok,outputs/shuttle_capability/controlled_capability/images/s6a_background_24.jpg,18,18,481,477,472.0,468.0,490.0,486.0,18.0,18.0,18.0,16-24,pinned_oblique,center,none,none,bg_027.jpg,315.0,1,0.24984773993492126,0.7334864975115674,True,True,False,0.8270127817091567,2.01724739822596,True,1,0.24984773993492126,0.7334864975115674,1,0,0,0.5,5,
99,images/s6a_background_25.jpg,fixed_core_test,SYNTHETIC_3D,ok,outputs/shuttle_capability/controlled_capability/images/s6a_background_25.jpg,18,18,481,477,472.0,468.0,490.0,486.0,18.0,18.0,18.0,16-24,pinned_oblique,center,none,none,bg_028.jpg,315.0,1,0.8686741590499878,0.7007003502148158,True,True,False,0.8108166839789461,2.366306072570823,True,1,0.8686741590499878,0.7007003502148158,1,0,0,0.5,5,
100,images/s6a_background_26.jpg,fixed_core_test,SYNTHETIC_3D,ok,outputs/shuttle_capability/controlled_capability/images/s6a_background_26.jpg,18,18,481,477,472.0,468.0,490.0,486.0,18.0,18.0,18.0,16-24,pinned_oblique,center,none,none,bg_029.jpg,315.0,1,0.5857715606689453,0.6904270101859067,True,True,False,0.8207857313876351,2.628932878926571,True,1,0.5857715606689453,0.6904270101859067,1,0,0,0.5,5,
101,images/s6a_background_27.jpg,fixed_core_test,SYNTHETIC_3D,ok,outputs/shuttle_capability/controlled_capability/images/s6a_background_27.jpg,18,18,481,477,472.0,468.0,490.0,486.0,18.0,18.0,18.0,16-24,pinned_oblique,center,none,none,bg_030.jpg,315.0,2,0.8858214616775513,0.7526619865734738,True,True,False,0.8448832529930421,1.9259303117601412,True,1,0.8858214616775513,0.7526619865734738,1,1,0,0.5,5,
102,images/s6a_background_28.jpg,fixed_core_test,SYNTHETIC_3D,ok,outputs/shuttle_capability/controlled_capability/images/s6a_background_28.jpg,18,18,481,477,472.0,468.0,490.0,486.0,18.0,18.0,18.0,16-24,pinned_oblique,center,none,none,bg_031.jpg,315.0,1,0.8804090619087219,0.6661915387195515,True,True,False,0.7683194480307493,2.6354704286489596,True,1,0.8804090619087219,0.6661915387195515,1,0,0,0.5,5,
103,images/s6a_background_29.jpg,fixed_core_test,SYNTHETIC_3D,ok,outputs/shuttle_capability/controlled_capability/images/s6a_background_29.jpg,18,18,481,477,472.0,468.0,490.0,486.0,18.0,18.0,18.0,16-24,pinned_oblique,center,none,none,bg_032.jpg,315.0,0,,,False,False,False,0.0,,False,,,0.0,0,0,1,0.5,5,
104,images/s6b_light_000.jpg,fixed_core_test,SYNTHETIC_3D,ok,outputs/shuttle_capability/controlled_capability/images/s6b_light_000.jpg,18,18,481,477,472.0,468.0,490.0,486.0,18.0,18.0,18.0,16-24,pinned_oblique,center,none,none,bg_001.jpg,0.0,1,0.5107323527336121,0.6137760840334605,True,True,False,0.7062360872169612,3.120072986434464,True,1,0.5107323527336121,0.6137760840334605,1,0,0,0.5,5,
105,images/s6b_light_045.jpg,fixed_core_test,SYNTHETIC_3D,ok,outputs/shuttle_capability/controlled_capability/images/s6b_light_045.jpg,18,18,481,477,472.0,468.0,490.0,486.0,18.0,18.0,18.0,16-24,pinned_oblique,center,none,none,bg_001.jpg,45.0,2,0.11870856583118439,0.6317793464524536,True,True,False,0.7486008795231213,2.972782549167624,True,1,0.11870856583118439,0.6317793464524536,1,1,0,0.5,5,
106,images/s6b_light_090.jpg,fixed_core_test,SYNTHETIC_3D,ok,outputs/shuttle_capability/controlled_capability/images/s6b_light_090.jpg,18,18,481,477,472.0,468.0,490.0,486.0,18.0,18.0,18.0,16-24,pinned_oblique,center,none,none,bg_001.jpg,90.0,0,,,False,False,False,0.0,,False,,,0.0,0,0,1,0.5,5,
107,images/s6b_light_135.jpg,fixed_core_test,SYNTHETIC_3D,ok,outputs/shuttle_capability/controlled_capability/images/s6b_light_135.jpg,18,18,481,477,472.0,468.0,490.0,486.0,18.0,18.0,18.0,16-24,pinned_oblique,center,none,none,bg_001.jpg,135.0,0,,,False,False,False,0.0,,False,,,0.0,0,0,1,0.5,5,
108,images/s6b_light_180.jpg,fixed_core_test,SYNTHETIC_3D,ok,outputs/shuttle_capability/controlled_capability/images/s6b_light_180.jpg,18,18,481,477,472.0,468.0,490.0,486.0,18.0,18.0,18.0,16-24,pinned_oblique,center,none,none,bg_001.jpg,180.0,0,,,False,False,False,0.0,,False,,,0.0,0,0,1,0.5,5,
109,images/s6b_light_225.jpg,fixed_core_test,SYNTHETIC_3D,ok,outputs/shuttle_capability/controlled_capability/images/s6b_light_225.jpg,18,18,481,477,472.0,468.0,490.0,486.0,18.0,18.0,18.0,16-24,pinned_oblique,center,none,none,bg_001.jpg,225.0,1,0.05488134175539017,0.0,False,False,False,0.0,,False,,,0.0,0,1,1,0.5,5,
110,images/s6b_light_270.jpg,fixed_core_test,SYNTHETIC_3D,ok,outputs/shuttle_capability/controlled_capability/images/s6b_light_270.jpg,18,18,481,477,472.0,468.0,490.0,486.0,18.0,18.0,18.0,16-24,pinned_oblique,center,none,none,bg_001.jpg,270.0,0,,,False,False,False,0.0,,False,,,0.0,0,0,1,0.5,5,
111,images/s6b_light_315.jpg,fixed_core_test,SYNTHETIC_3D,ok,outputs/shuttle_capability/controlled_capability/images/s6b_light_315.jpg,18,18,481,477,472.0,468.0,490.0,486.0,18.0,18.0,18.0,16-24,pinned_oblique,center,none,none,bg_001.jpg,315.0,2,0.2768310308456421,0.6041787738374894,True,True,False,0.6757482374949312,3.1850159465467414,True,1,0.2768310308456421,0.6041787738374894,1,1,0,0.5,5,
112,images/s7_near_field_0064_0.jpg,fixed_core_test,SYNTHETIC_3D,ok,outputs/shuttle_capability/controlled_capability/images/s7_near_field_0064_0.jpg,64,64,648,630,616.0,598.0,680.0,662.0,64.0,64.0,64.0,>32,pinned_oblique,center,none,none,bg_001.jpg,315.0,2,0.859385073184967,0.0,False,False,False,0.0,,False,,,0.0,0,2,1,0.5,5,
113,images/s7_near_field_0064_1.jpg,fixed_core_test,SYNTHETIC_3D,ok,outputs/shuttle_capability/controlled_capability/images/s7_near_field_0064_1.jpg,64,64,648,630,616.0,598.0,680.0,662.0,64.0,64.0,64.0,>32,pinned_oblique,center,none,none,bg_001.jpg,315.0,2,0.8520528674125671,0.0,False,False,False,0.0,,False,,,0.0,0,2,1,0.5,5,
114,images/s7_near_field_0064_2.jpg,fixed_core_test,SYNTHETIC_3D,ok,outputs/shuttle_capability/controlled_capability/images/s7_near_field_0064_2.jpg,64,64,648,630,616.0,598.0,680.0,662.0,64.0,64.0,64.0,>32,pinned_oblique,center,none,none,bg_001.jpg,315.0,2,0.8577001690864563,0.0,False,False,False,0.0,,False,,,0.0,0,2,1,0.5,5,
115,images/s7_near_field_0096_0.jpg,fixed_core_test,SYNTHETIC_3D,ok,outputs/shuttle_capability/controlled_capability/images/s7_near_field_0096_0.jpg,96,96,652,626,604.0,578.0,700.0,674.0,96.0,96.0,96.0,>32,pinned_oblique,center,none,none,bg_001.jpg,315.0,2,0.8583675622940063,0.0,False,False,False,0.0,,False,,,0.0,0,2,1,0.5,5,
116,images/s7_near_field_0096_1.jpg,fixed_core_test,SYNTHETIC_3D,ok,outputs/shuttle_capability/controlled_capability/images/s7_near_field_0096_1.jpg,96,96,652,626,604.0,578.0,700.0,674.0,96.0,96.0,96.0,>32,pinned_oblique,center,none,none,bg_001.jpg,315.0,2,0.8591634631156921,0.0,False,False,False,0.0,,False,,,0.0,0,2,1,0.5,5,
117,images/s7_near_field_0096_2.jpg,fixed_core_test,SYNTHETIC_3D,ok,outputs/shuttle_capability/controlled_capability/images/s7_near_field_0096_2.jpg,96,96,652,626,604.0,578.0,700.0,674.0,96.0,96.0,96.0,>32,pinned_oblique,center,none,none,bg_001.jpg,315.0,2,0.8575878739356995,0.0,False,False,False,0.0,,False,,,0.0,0,2,1,0.5,5,
118,images/s7_near_field_0128_0.jpg,fixed_core_test,SYNTHETIC_3D,ok,outputs/shuttle_capability/controlled_capability/images/s7_near_field_0128_0.jpg,127,128,657,622,593.5,558.0,720.5,686.0,127.0,128.0,127.499,>32,pinned_oblique,center,none,none,bg_001.jpg,315.0,2,0.8612100481987,0.0,False,False,False,0.0,,False,,,0.0,0,2,1,0.5,5,
119,images/s7_near_field_0128_1.jpg,fixed_core_test,SYNTHETIC_3D,ok,outputs/shuttle_capability/controlled_capability/images/s7_near_field_0128_1.jpg,127,128,657,622,593.5,558.0,720.5,686.0,127.0,128.0,127.499,>32,pinned_oblique,center,none,none,bg_001.jpg,315.0,2,0.860305666923523,0.0,False,False,False,0.0,,False,,,0.0,0,2,1,0.5,5,
120,images/s7_near_field_0128_2.jpg,fixed_core_test,SYNTHETIC_3D,ok,outputs/shuttle_capability/controlled_capability/images/s7_near_field_0128_2.jpg,127,128,657,622,593.5,558.0,720.5,686.0,127.0,128.0,127.499,>32,pinned_oblique,center,none,none,bg_001.jpg,315.0,2,0.854832112789154,0.0,False,False,False,0.0,,False,,,0.0,0,2,1,0.5,5,
121,images/s7_near_field_0192_0.jpg,fixed_core_test,SYNTHETIC_3D,ok,outputs/shuttle_capability/controlled_capability/images/s7_near_field_0192_0.jpg,192,192,665,613,569.0,517.0,761.0,709.0,192.0,192.0,192.0,>32,pinned_oblique,center,none,none,bg_001.jpg,315.0,2,0.8610191941261292,0.0,False,False,False,0.0,,False,,,0.0,0,2,1,0.5,5,
122,images/s7_near_field_0192_1.jpg,fixed_core_test,SYNTHETIC_3D,ok,outputs/shuttle_capability/controlled_capability/images/s7_near_field_0192_1.jpg,192,192,665,613,569.0,517.0,761.0,709.0,192.0,192.0,192.0,>32,pinned_oblique,center,none,none,bg_001.jpg,315.0,2,0.8613414764404297,0.0,False,False,False,0.0,,False,,,0.0,0,2,1,0.5,5,
123,images/s7_near_field_0192_2.jpg,fixed_core_test,SYNTHETIC_3D,ok,outputs/shuttle_capability/controlled_capability/images/s7_near_field_0192_2.jpg,192,192,665,613,569.0,517.0,761.0,709.0,192.0,192.0,192.0,>32,pinned_oblique,center,none,none,bg_001.jpg,315.0,2,0.8573060631752014,0.0,False,False,False,0.0,,False,,,0.0,0,2,1,0.5,5,
124,images/s7_near_field_0256_0.jpg,fixed_core_test,SYNTHETIC_3D,ok,outputs/shuttle_capability/controlled_capability/images/s7_near_field_0256_0.jpg,256,257,673,605,545.0,476.5,801.0,733.5,256.0,257.0,256.5,>32,pinned_oblique,center,none,none,bg_001.jpg,315.0,2,0.8569402694702148,0.0,False,False,False,0.0,,False,,,0.0,0,2,1,0.5,5,
125,images/s7_near_field_0256_1.jpg,fixed_core_test,SYNTHETIC_3D,ok,outputs/shuttle_capability/controlled_capability/images/s7_near_field_0256_1.jpg,256,257,673,605,545.0,476.5,801.0,733.5,256.0,257.0,256.5,>32,pinned_oblique,center,none,none,bg_001.jpg,315.0,2,0.8584421873092651,0.0,False,False,False,0.0,,False,,,0.0,0,2,1,0.5,5,
126,images/s7_near_field_0256_2.jpg,fixed_core_test,SYNTHETIC_3D,ok,outputs/shuttle_capability/controlled_capability/images/s7_near_field_0256_2.jpg,256,257,673,605,545.0,476.5,801.0,733.5,256.0,257.0,256.5,>32,pinned_oblique,center,none,none,bg_001.jpg,315.0,3,0.8645331263542175,0.0,False,False,False,0.0,,False,,,0.0,0,3,1,0.5,5,
127,images/s7_near_field_0384_0.jpg,fixed_core_test,SYNTHETIC_3D,ok,outputs/shuttle_capability/controlled_capability/images/s7_near_field_0384_0.jpg,383,384,690,588,498.5,396.0,881.5,780.0,383.0,384.0,383.5,>32,pinned_oblique,center,none,none,bg_001.jpg,315.0,2,0.8566685318946838,0.0,False,False,False,0.0,,False,,,0.0,0,2,1,0.5,5,
128,images/s7_near_field_0384_1.jpg,fixed_core_test,SYNTHETIC_3D,ok,outputs/shuttle_capability/controlled_capability/images/s7_near_field_0384_1.jpg,383,384,690,588,498.5,396.0,881.5,780.0,383.0,384.0,383.5,>32,pinned_oblique,center,none,none,bg_001.jpg,315.0,2,0.8569767475128174,0.0,False,False,False,0.0,,False,,,0.0,0,2,1,0.5,5,
129,images/s7_near_field_0384_2.jpg,fixed_core_test,SYNTHETIC_3D,ok,outputs/shuttle_capability/controlled_capability/images/s7_near_field_0384_2.jpg,383,384,690,588,498.5,396.0,881.5,780.0,383.0,384.0,383.5,>32,pinned_oblique,center,none,none,bg_001.jpg,315.0,3,0.8588094711303711,0.0,False,False,False,0.0,,False,,,0.0,0,3,1,0.5,5,
130,images/s7_near_field_0512_0.jpg,fixed_core_test,SYNTHETIC_3D,ok,outputs/shuttle_capability/controlled_capability/images/s7_near_field_0512_0.jpg,512,513,706,572,450.0,315.5,962.0,828.5,512.0,513.0,512.5,>32,pinned_oblique,center,none,none,bg_001.jpg,315.0,2,0.8572317957878113,0.0,False,False,False,0.0,,False,,,0.0,0,2,1,0.5,5,
131,images/s7_near_field_0512_1.jpg,fixed_core_test,SYNTHETIC_3D,ok,outputs/shuttle_capability/controlled_capability/images/s7_near_field_0512_1.jpg,512,513,706,572,450.0,315.5,962.0,828.5,512.0,513.0,512.5,>32,pinned_oblique,center,none,none,bg_001.jpg,315.0,3,0.8543274402618408,0.0,False,False,False,0.0,,False,,,0.0,0,3,1,0.5,5,
132,images/s7_near_field_0512_2.jpg,fixed_core_test,SYNTHETIC_3D,ok,outputs/shuttle_capability/controlled_capability/images/s7_near_field_0512_2.jpg,512,513,706,572,450.0,315.5,962.0,828.5,512.0,513.0,512.5,>32,pinned_oblique,center,none,none,bg_001.jpg,315.0,2,0.8568471074104309,0.0,False,False,False,0.0,,False,,,0.0,0,2,1,0.5,5,
133,images/s7_near_field_0768_0.jpg,fixed_core_test,SYNTHETIC_3D,ok,outputs/shuttle_capability/controlled_capability/images/s7_near_field_0768_0.jpg,767,769,738,541,354.5,156.5,1121.5,925.5,767.0,769.0,767.999,>32,pinned_oblique,center,none,none,bg_001.jpg,315.0,2,0.856389582157135,0.0,False,False,False,0.0,,False,,,0.0,0,2,1,0.5,5,
134,images/s7_near_field_0768_1.jpg,fixed_core_test,SYNTHETIC_3D,ok,outputs/shuttle_capability/controlled_capability/images/s7_near_field_0768_1.jpg,767,769,738,541,354.5,156.5,1121.5,925.5,767.0,769.0,767.999,>32,pinned_oblique,center,none,none,bg_001.jpg,315.0,2,0.8598812222480774,0.0,False,False,False,0.0,,False,,,0.0,0,2,1,0.5,5,
135,images/s7_near_field_0768_2.jpg,fixed_core_test,SYNTHETIC_3D,ok,outputs/shuttle_capability/controlled_capability/images/s7_near_field_0768_2.jpg,767,769,738,541,354.5,156.5,1121.5,925.5,767.0,769.0,767.999,>32,pinned_oblique,center,none,none,bg_001.jpg,315.0,2,0.8616186380386353,0.0,False,False,False,0.0,,False,,,0.0,0,2,1,0.5,5,
136,images/s7_near_field_1024_0.jpg,fixed_core_test,SYNTHETIC_3D,ok,outputs/shuttle_capability/controlled_capability/images/s7_near_field_1024_0.jpg,1022,1024,767,511,256.0,-1.0,1278.0,1023.0,1022.0,1024.0,1023.0,>32,pinned_oblique,center,none,none,bg_001.jpg,315.0,2,0.8584616184234619,0.0,False,False,False,0.0,,False,,,0.0,0,2,1,0.5,5,
137,images/s7_near_field_1024_1.jpg,fixed_core_test,SYNTHETIC_3D,ok,outputs/shuttle_capability/controlled_capability/images/s7_near_field_1024_1.jpg,1022,1024,767,511,256.0,-1.0,1278.0,1023.0,1022.0,1024.0,1023.0,>32,pinned_oblique,center,none,none,bg_001.jpg,315.0,2,0.8547157049179077,0.0,False,False,False,0.0,,False,,,0.0,0,2,1,0.5,5,
138,images/s7_near_field_1024_2.jpg,fixed_core_test,SYNTHETIC_3D,ok,outputs/shuttle_capability/controlled_capability/images/s7_near_field_1024_2.jpg,1022,1024,767,511,256.0,-1.0,1278.0,1023.0,1022.0,1024.0,1023.0,>32,pinned_oblique,center,none,none,bg_001.jpg,315.0,2,0.8597031235694885,0.0,False,False,False,0.0,,False,,,0.0,0,2,1,0.5,5,
