file,split,source_type,video,match,frame_index,width,height,is_negative
images/match_china_doubles0_000.jpg,fixed_core_test,REAL_VIDEO,doubles0.mp4,match_china,0,1280,720,False
images/match_china_doubles0_001.jpg,fixed_core_test,REAL_VIDEO,doubles0.mp4,match_china,43,1280,720,False
images/match_china_doubles0_002.jpg,fixed_core_test,REAL_VIDEO,doubles0.mp4,match_china,87,1280,720,False
images/match_china_doubles0_003.jpg,fixed_core_test,REAL_VIDEO,doubles0.mp4,match_china,130,1280,720,False
images/match_china_doubles0_004.jpg,fixed_core_test,REAL_VIDEO,doubles0.mp4,match_china,174,1280,720,False
images/match_china_doubles0_005.jpg,fixed_core_test,REAL_VIDEO,doubles0.mp4,match_china,217,1280,720,False
images/match_china_doubles0_006.jpg,fixed_core_test,REAL_VIDEO,doubles0.mp4,match_china,261,1280,720,False
images/match_china_doubles0_007.jpg,fixed_core_test,REAL_VIDEO,doubles0.mp4,match_china,305,1280,720,False
images/match_china_doubles1_000.jpg,fixed_core_test,REAL_VIDEO,doubles1.mp4,match_china,0,1280,720,False
images/match_china_doubles1_001.jpg,fixed_core_test,REAL_VIDEO,doubles1.mp4,match_china,49,1280,720,False
images/match_china_doubles1_002.jpg,fixed_core_test,REAL_VIDEO,doubles1.mp4,match_china,99,1280,720,False
images/match_china_doubles1_003.jpg,fixed_core_test,REAL_VIDEO,doubles1.mp4,match_china,149,1280,720,False
images/match_china_doubles1_004.jpg,fixed_core_test,REAL_VIDEO,doubles1.mp4,match_china,199,1280,720,False
images/match_china_doubles1_005.jpg,fixed_core_test,REAL_VIDEO,doubles1.mp4,match_china,249,1280,720,False
images/match_china_doubles1_006.jpg,fixed_core_test,REAL_VIDEO,doubles1.mp4,match_china,299,1280,720,False
images/match_china_doubles2_000.jpg,fixed_core_test,REAL_VIDEO,doubles2.mp4,match_china,0,1280,720,False
images/match_china_doubles2_001.jpg,fixed_core_test,REAL_VIDEO,doubles2.mp4,match_china,49,1280,720,False
images/match_china_doubles2_002.jpg,fixed_core_test,REAL_VIDEO,doubles2.mp4,match_china,98,1280,720,False
images/match_china_doubles2_003.jpg,fixed_core_test,REAL_VIDEO,doubles2.mp4,match_china,147,1280,720,False
images/match_china_doubles2_004.jpg,fixed_core_test,REAL_VIDEO,doubles2.mp4,match_china,196,1280,720,False
images/match_china_doubles2_005.jpg,fixed_core_test,REAL_VIDEO,doubles2.mp4,match_china,245,1280,720,False
images/match_china_doubles2_006.jpg,fixed_core_test,REAL_VIDEO,doubles2.mp4,match_china,294,1280,720,False
images/match_china_doubles3_000.jpg,fixed_core_test,REAL_VIDEO,doubles3.mp4,match_china,0,1280,720,False
images/match_china_doubles3_001.jpg,fixed_core_test,REAL_VIDEO,doubles3.mp4,match_china,46,1280,720,False
images/match_china_doubles3_002.jpg,fixed_core_test,REAL_VIDEO,doubles3.mp4,match_china,92,1280,720,False
images/match_china_doubles3_003.jpg,fixed_core_test,REAL_VIDEO,doubles3.mp4,match_china,139,1280,720,False
images/match_china_doubles3_004.jpg,fixed_core_test,REAL_VIDEO,doubles3.mp4,match_china,185,1280,720,False
images/match_china_doubles3_005.jpg,fixed_core_test,REAL_VIDEO,doubles3.mp4,match_china,232,1280,720,False
images/match_china_doubles3_006.jpg,fixed_core_test,REAL_VIDEO,doubles3.mp4,match_china,278,1280,720,False
images/match_clementi_doubles0_000.jpg,fixed_core_test,REAL_VIDEO,doubles0.mp4,match_clementi,0,1280,720,False
images/match_clementi_doubles0_001.jpg,fixed_core_test,REAL_VIDEO,doubles0.mp4,match_clementi,47,1280,720,False
images/match_clementi_doubles0_002.jpg,fixed_core_test,REAL_VIDEO,doubles0.mp4,match_clementi,95,1280,720,False
images/match_clementi_doubles0_003.jpg,fixed_core_test,REAL_VIDEO,doubles0.mp4,match_clementi,143,1280,720,False
images/match_clementi_doubles0_004.jpg,fixed_core_test,REAL_VIDEO,doubles0.mp4,match_clementi,191,1280,720,False
images/match_clementi_doubles0_005.jpg,fixed_core_test,REAL_VIDEO,doubles0.mp4,match_clementi,239,1280,720,False
images/match_clementi_doubles0_006.jpg,fixed_core_test,REAL_VIDEO,doubles0.mp4,match_clementi,287,1280,720,False
images/match_clementi_doubles0_007.jpg,fixed_core_test,REAL_VIDEO,doubles0.mp4,match_clementi,335,1280,720,False
images/match_clementi_doubles1_000.jpg,fixed_core_test,REAL_VIDEO,doubles1.mp4,match_clementi,0,1280,720,False
images/match_clementi_doubles1_001.jpg,fixed_core_test,REAL_VIDEO,doubles1.mp4,match_clementi,42,1280,720,False
images/match_clementi_doubles1_002.jpg,fixed_core_test,REAL_VIDEO,doubles1.mp4,match_clementi,85,1280,720,False
images/match_clementi_doubles1_003.jpg,fixed_core_test,REAL_VIDEO,doubles1.mp4,match_clementi,127,1280,720,False
images/match_clementi_doubles1_004.jpg,fixed_core_test,REAL_VIDEO,doubles1.mp4,match_clementi,170,1280,720,False
images/match_clementi_doubles1_005.jpg,fixed_core_test,REAL_VIDEO,doubles1.mp4,match_clementi,212,1280,720,False
images/match_clementi_doubles1_006.jpg,fixed_core_test,REAL_VIDEO,doubles1.mp4,match_clementi,255,1280,720,False
images/match_clementi_doubles1_007.jpg,fixed_core_test,REAL_VIDEO,doubles1.mp4,match_clementi,298,1280,720,False
images/match_clementi_doubles2_000.jpg,fixed_core_test,REAL_VIDEO,doubles2.mp4,match_clementi,0,1280,720,False
images/match_clementi_doubles2_001.jpg,fixed_core_test,REAL_VIDEO,doubles2.mp4,match_clementi,49,1280,720,False
images/match_clementi_doubles2_002.jpg,fixed_core_test,REAL_VIDEO,doubles2.mp4,match_clementi,98,1280,720,False
images/match_clementi_doubles2_003.jpg,fixed_core_test,REAL_VIDEO,doubles2.mp4,match_clementi,147,1280,720,False
images/match_clementi_doubles2_004.jpg,fixed_core_test,REAL_VIDEO,doubles2.mp4,match_clementi,196,1280,720,False
images/match_clementi_doubles2_005.jpg,fixed_core_test,REAL_VIDEO,doubles2.mp4,match_clementi,245,1280,720,False
images/match_clementi_doubles2_006.jpg,fixed_core_test,REAL_VIDEO,doubles2.mp4,match_clementi,294,1280,720,False
images/match_clementi_doubles2_007.jpg,fixed_core_test,REAL_VIDEO,doubles2.mp4,match_clementi,343,1280,720,False
images/match_clementi_doubles3_000.jpg,fixed_core_test,REAL_VIDEO,doubles3.mp4,match_clementi,0,1280,720,False
images/match_clementi_doubles3_001.jpg,fixed_core_test,REAL_VIDEO,doubles3.mp4,match_clementi,159,1280,720,False
images/match_clementi_doubles3_002.jpg,fixed_core_test,REAL_VIDEO,doubles3.mp4,match_clementi,318,1280,720,False
images/match_clementi_doubles3_003.jpg,fixed_core_test,REAL_VIDEO,doubles3.mp4,match_clementi,477,1280,720,False
images/match_clementi_doubles3_004.jpg,fixed_core_test,REAL_VIDEO,doubles3.mp4,match_clementi,637,1280,720,False
images/match_clementi_doubles3_005.jpg,fixed_core_test,REAL_VIDEO,doubles3.mp4,match_clementi,796,1280,720,False
images/match_clementi_doubles3_006.jpg,fixed_core_test,REAL_VIDEO,doubles3.mp4,match_clementi,955,1280,720,False
images/match_clementi_doubles3_007.jpg,fixed_core_test,REAL_VIDEO,doubles3.mp4,match_clementi,1115,1280,720,False
images/match_clementi_doubles4_000.jpg,fixed_core_test,REAL_VIDEO,doubles4.mp4,match_clementi,0,1280,720,False
images/match_clementi_doubles4_001.jpg,fixed_core_test,REAL_VIDEO,doubles4.mp4,match_clementi,76,1280,720,False
images/match_clementi_doubles4_002.jpg,fixed_core_test,REAL_VIDEO,doubles4.mp4,match_clementi,152,1280,720,False
images/match_clementi_doubles4_003.jpg,fixed_core_test,REAL_VIDEO,doubles4.mp4,match_clementi,228,1280,720,False
images/match_clementi_doubles4_004.jpg,fixed_core_test,REAL_VIDEO,doubles4.mp4,match_clementi,304,1280,720,False
images/match_clementi_doubles4_005.jpg,fixed_core_test,REAL_VIDEO,doubles4.mp4,match_clementi,380,1280,720,False
images/match_clementi_doubles4_006.jpg,fixed_core_test,REAL_VIDEO,doubles4.mp4,match_clementi,456,1280,720,False
images/match_clementi_doubles4_007.jpg,fixed_core_test,REAL_VIDEO,doubles4.mp4,match_clementi,533,1280,720,False
images/match_clementi_doubles5_000.jpg,fixed_core_test,REAL_VIDEO,doubles5.mp4,match_clementi,0,1280,720,False
images/match_clementi_doubles5_001.jpg,fixed_core_test,REAL_VIDEO,doubles5.mp4,match_clementi,71,1280,720,False
images/match_clementi_doubles5_002.jpg,fixed_core_test,REAL_VIDEO,doubles5.mp4,match_clementi,143,1280,720,False
images/match_clementi_doubles5_003.jpg,fixed_core_test,REAL_VIDEO,doubles5.mp4,match_clementi,215,1280,720,False
images/match_clementi_doubles5_004.jpg,fixed_core_test,REAL_VIDEO,doubles5.mp4,match_clementi,287,1280,720,False
images/match_clementi_doubles5_005.jpg,fixed_core_test,REAL_VIDEO,doubles5.mp4,match_clementi,359,1280,720,False
images/match_clementi_doubles5_006.jpg,fixed_core_test,REAL_VIDEO,doubles5.mp4,match_clementi,431,1280,720,False
images/match_clementi_doubles5_007.jpg,fixed_core_test,REAL_VIDEO,doubles5.mp4,match_clementi,503,1280,720,False
images/match_clementi_doubles6_000.jpg,fixed_core_test,REAL_VIDEO,doubles6.mp4,match_clementi,0,1280,720,False
images/match_clementi_doubles6_001.jpg,fixed_core_test,REAL_VIDEO,doubles6.mp4,match_clementi,76,1280,720,False
images/match_clementi_doubles6_002.jpg,fixed_core_test,REAL_VIDEO,doubles6.mp4,match_clementi,152,1280,720,False
images/match_clementi_doubles6_003.jpg,fixed_core_test,REAL_VIDEO,doubles6.mp4,match_clementi,228,1280,720,False
images/match_clementi_doubles6_004.jpg,fixed_core_test,REAL_VIDEO,doubles6.mp4,match_clementi,304,1280,720,False
images/match_clementi_doubles6_005.jpg,fixed_core_test,REAL_VIDEO,doubles6.mp4,match_clementi,380,1280,720,False
images/match_clementi_doubles6_006.jpg,fixed_core_test,REAL_VIDEO,doubles6.mp4,match_clementi,456,1280,720,False
images/match_clementi_doubles6_007.jpg,fixed_core_test,REAL_VIDEO,doubles6.mp4,match_clementi,533,1280,720,False
images/match25_1_01_00_000.jpg,fixed_core_test,REAL_VIDEO,1_01_00.mp4,match25,0,1280,720,False
images/match25_1_01_00_001.jpg,fixed_core_test,REAL_VIDEO,1_01_00.mp4,match25,42,1280,720,False
images/match25_1_01_00_002.jpg,fixed_core_test,REAL_VIDEO,1_01_00.mp4,match25,84,1280,720,False
images/match25_1_01_00_003.jpg,fixed_core_test,REAL_VIDEO,1_01_00.mp4,match25,126,1280,720,False
images/match25_1_01_00_004.jpg,fixed_core_test,REAL_VIDEO,1_01_00.mp4,match25,168,1280,720,False
images/match25_1_01_00_005.jpg,fixed_core_test,REAL_VIDEO,1_01_00.mp4,match25,210,1280,720,False
images/match25_1_01_00_006.jpg,fixed_core_test,REAL_VIDEO,1_01_00.mp4,match25,252,1280,720,False
images/match25_1_01_00_007.jpg,fixed_core_test,REAL_VIDEO,1_01_00.mp4,match25,295,1280,720,False
images/match25_1_02_00_000.jpg,fixed_core_test,REAL_VIDEO,1_02_00.mp4,match25,0,1280,720,False
images/match25_1_02_00_001.jpg,fixed_core_test,REAL_VIDEO,1_02_00.mp4,match25,51,1280,720,False
images/match25_1_02_00_002.jpg,fixed_core_test,REAL_VIDEO,1_02_00.mp4,match25,103,1280,720,False
images/match25_1_02_00_003.jpg,fixed_core_test,REAL_VIDEO,1_02_00.mp4,match25,155,1280,720,False
images/match25_1_02_00_004.jpg,fixed_core_test,REAL_VIDEO,1_02_00.mp4,match25,206,1280,720,False
images/match25_1_02_00_005.jpg,fixed_core_test,REAL_VIDEO,1_02_00.mp4,match25,258,1280,720,False
images/match25_1_02_00_006.jpg,fixed_core_test,REAL_VIDEO,1_02_00.mp4,match25,310,1280,720,False
images/match25_1_02_00_007.jpg,fixed_core_test,REAL_VIDEO,1_02_00.mp4,match25,362,1280,720,False
images/match25_1_03_00_000.jpg,fixed_core_test,REAL_VIDEO,1_03_00.mp4,match25,0,1280,720,False
images/match25_1_03_00_001.jpg,fixed_core_test,REAL_VIDEO,1_03_00.mp4,match25,61,1280,720,False
images/match25_1_03_00_002.jpg,fixed_core_test,REAL_VIDEO,1_03_00.mp4,match25,122,1280,720,False
images/match25_1_03_00_003.jpg,fixed_core_test,REAL_VIDEO,1_03_00.mp4,match25,184,1280,720,False
images/match25_1_03_00_004.jpg,fixed_core_test,REAL_VIDEO,1_03_00.mp4,match25,245,1280,720,False
images/match25_1_03_00_005.jpg,fixed_core_test,REAL_VIDEO,1_03_00.mp4,match25,307,1280,720,False
images/match25_1_03_00_006.jpg,fixed_core_test,REAL_VIDEO,1_03_00.mp4,match25,368,1280,720,False
images/match25_1_03_00_007.jpg,fixed_core_test,REAL_VIDEO,1_03_00.mp4,match25,430,1280,720,False
images/match25_1_04_00_000.jpg,fixed_core_test,REAL_VIDEO,1_04_00.mp4,match25,0,1280,720,False
images/match25_1_04_00_001.jpg,fixed_core_test,REAL_VIDEO,1_04_00.mp4,match25,73,1280,720,False
images/match25_1_04_00_002.jpg,fixed_core_test,REAL_VIDEO,1_04_00.mp4,match25,146,1280,720,False
images/match25_1_04_00_003.jpg,fixed_core_test,REAL_VIDEO,1_04_00.mp4,match25,220,1280,720,False
images/match25_1_04_00_004.jpg,fixed_core_test,REAL_VIDEO,1_04_00.mp4,match25,293,1280,720,False
images/match25_1_04_00_005.jpg,fixed_core_test,REAL_VIDEO,1_04_00.mp4,match25,367,1280,720,False
images/match25_1_04_00_006.jpg,fixed_core_test,REAL_VIDEO,1_04_00.mp4,match25,440,1280,720,False
images/match25_1_04_00_007.jpg,fixed_core_test,REAL_VIDEO,1_04_00.mp4,match25,514,1280,720,False
images/match25_1_05_00_000.jpg,fixed_core_test,REAL_VIDEO,1_05_00.mp4,match25,0,1280,720,False
images/match25_1_05_00_001.jpg,fixed_core_test,REAL_VIDEO,1_05_00.mp4,match25,66,1280,720,False
images/match25_1_05_00_002.jpg,fixed_core_test,REAL_VIDEO,1_05_00.mp4,match25,132,1280,720,False
images/match25_1_05_00_003.jpg,fixed_core_test,REAL_VIDEO,1_05_00.mp4,match25,198,1280,720,False
images/match25_1_05_00_004.jpg,fixed_core_test,REAL_VIDEO,1_05_00.mp4,match25,264,1280,720,False
images/match25_1_05_00_005.jpg,fixed_core_test,REAL_VIDEO,1_05_00.mp4,match25,330,1280,720,False
images/match25_1_05_00_006.jpg,fixed_core_test,REAL_VIDEO,1_05_00.mp4,match25,396,1280,720,False
images/match25_1_05_00_007.jpg,fixed_core_test,REAL_VIDEO,1_05_00.mp4,match25,463,1280,720,False
images/match25_1_05_01_000.jpg,fixed_core_test,REAL_VIDEO,1_05_01.mp4,match25,0,1280,720,False
images/match25_1_05_01_001.jpg,fixed_core_test,REAL_VIDEO,1_05_01.mp4,match25,16,1280,720,False
images/match25_1_05_01_002.jpg,fixed_core_test,REAL_VIDEO,1_05_01.mp4,match25,32,1280,720,False
images/match25_1_05_01_003.jpg,fixed_core_test,REAL_VIDEO,1_05_01.mp4,match25,48,1280,720,False
images/match25_1_05_01_004.jpg,fixed_core_test,REAL_VIDEO,1_05_01.mp4,match25,65,1280,720,False
images/match25_1_05_01_005.jpg,fixed_core_test,REAL_VIDEO,1_05_01.mp4,match25,81,1280,720,False
images/match25_1_05_01_006.jpg,fixed_core_test,REAL_VIDEO,1_05_01.mp4,match25,97,1280,720,False
images/match25_1_05_01_007.jpg,fixed_core_test,REAL_VIDEO,1_05_01.mp4,match25,114,1280,720,False
images/match25_1_05_02_000.jpg,fixed_core_test,REAL_VIDEO,1_05_02.mp4,match25,0,1280,720,False
images/match25_1_05_02_001.jpg,fixed_core_test,REAL_VIDEO,1_05_02.mp4,match25,52,1280,720,False
images/match25_1_05_02_002.jpg,fixed_core_test,REAL_VIDEO,1_05_02.mp4,match25,104,1280,720,False
images/match25_1_05_02_003.jpg,fixed_core_test,REAL_VIDEO,1_05_02.mp4,match25,157,1280,720,False
images/match25_1_05_02_004.jpg,fixed_core_test,REAL_VIDEO,1_05_02.mp4,match25,209,1280,720,False
images/match25_1_05_02_005.jpg,fixed_core_test,REAL_VIDEO,1_05_02.mp4,match25,262,1280,720,False
images/match25_1_05_02_006.jpg,fixed_core_test,REAL_VIDEO,1_05_02.mp4,match25,314,1280,720,False
images/match25_1_05_02_007.jpg,fixed_core_test,REAL_VIDEO,1_05_02.mp4,match25,367,1280,720,False
images/match_china2_singles0_000.jpg,fixed_core_test,REAL_VIDEO,singles0.mp4,match_china2,0,1280,720,False
images/match_china2_singles0_001.jpg,fixed_core_test,REAL_VIDEO,singles0.mp4,match_china2,40,1280,720,False
images/match_china2_singles0_002.jpg,fixed_core_test,REAL_VIDEO,singles0.mp4,match_china2,80,1280,720,False
images/match_china2_singles0_003.jpg,fixed_core_test,REAL_VIDEO,singles0.mp4,match_china2,120,1280,720,False
images/match_china2_singles0_004.jpg,fixed_core_test,REAL_VIDEO,singles0.mp4,match_china2,160,1280,720,False
images/match_china2_singles0_005.jpg,fixed_core_test,REAL_VIDEO,singles0.mp4,match_china2,200,1280,720,False
images/match_china2_singles0_006.jpg,fixed_core_test,REAL_VIDEO,singles0.mp4,match_china2,240,1280,720,False
images/match_china2_singles1_000.jpg,fixed_core_test,REAL_VIDEO,singles1.mp4,match_china2,0,1280,720,False
images/match_china2_singles1_001.jpg,fixed_core_test,REAL_VIDEO,singles1.mp4,match_china2,52,1280,720,False
images/match_china2_singles1_002.jpg,fixed_core_test,REAL_VIDEO,singles1.mp4,match_china2,105,1280,720,False
images/match_china2_singles1_003.jpg,fixed_core_test,REAL_VIDEO,singles1.mp4,match_china2,157,1280,720,False
images/match_china2_singles1_004.jpg,fixed_core_test,REAL_VIDEO,singles1.mp4,match_china2,210,1280,720,False
images/match_china2_singles1_005.jpg,fixed_core_test,REAL_VIDEO,singles1.mp4,match_china2,262,1280,720,False
images/match_china2_singles1_006.jpg,fixed_core_test,REAL_VIDEO,singles1.mp4,match_china2,315,1280,720,False
images/match_china2_singles2_000.jpg,fixed_core_test,REAL_VIDEO,singles2.mp4,match_china2,0,1280,720,False
images/match_china2_singles2_001.jpg,fixed_core_test,REAL_VIDEO,singles2.mp4,match_china2,35,1280,720,False
images/match_china2_singles2_002.jpg,fixed_core_test,REAL_VIDEO,singles2.mp4,match_china2,71,1280,720,False
images/match_china2_singles2_003.jpg,fixed_core_test,REAL_VIDEO,singles2.mp4,match_china2,107,1280,720,False
images/match_china2_singles2_004.jpg,fixed_core_test,REAL_VIDEO,singles2.mp4,match_china2,142,1280,720,False
images/match_china2_singles2_005.jpg,fixed_core_test,REAL_VIDEO,singles2.mp4,match_china2,178,1280,720,False
images/match_china2_singles2_006.jpg,fixed_core_test,REAL_VIDEO,singles2.mp4,match_china2,214,1280,720,False
images/match_china2_singles2_007.jpg,fixed_core_test,REAL_VIDEO,singles2.mp4,match_china2,250,1280,720,False
images/match_china2_singles3_000.jpg,fixed_core_test,REAL_VIDEO,singles3.mp4,match_china2,0,1280,720,False
images/match_china2_singles3_001.jpg,fixed_core_test,REAL_VIDEO,singles3.mp4,match_china2,46,1280,720,False
images/match_china2_singles3_002.jpg,fixed_core_test,REAL_VIDEO,singles3.mp4,match_china2,92,1280,720,False
images/match_china2_singles3_003.jpg,fixed_core_test,REAL_VIDEO,singles3.mp4,match_china2,138,1280,720,False
images/match_china2_singles3_004.jpg,fixed_core_test,REAL_VIDEO,singles3.mp4,match_china2,185,1280,720,False
images/match_china2_singles3_005.jpg,fixed_core_test,REAL_VIDEO,singles3.mp4,match_china2,231,1280,720,False
images/match_china2_singles3_006.jpg,fixed_core_test,REAL_VIDEO,singles3.mp4,match_china2,277,1280,720,False
images/match_china2_singles3_007.jpg,fixed_core_test,REAL_VIDEO,singles3.mp4,match_china2,324,1280,720,False
images/match_yewtee_singles0_000.jpg,fixed_core_test,REAL_VIDEO,singles0.mp4,match_yewtee,0,1920,1080,False
images/match_yewtee_singles0_001.jpg,fixed_core_test,REAL_VIDEO,singles0.mp4,match_yewtee,47,1920,1080,False
images/match_yewtee_singles0_002.jpg,fixed_core_test,REAL_VIDEO,singles0.mp4,match_yewtee,94,1920,1080,False
images/match_yewtee_singles0_003.jpg,fixed_core_test,REAL_VIDEO,singles0.mp4,match_yewtee,141,1920,1080,False
images/match_yewtee_singles0_004.jpg,fixed_core_test,REAL_VIDEO,singles0.mp4,match_yewtee,188,1920,1080,False
images/match_yewtee_singles0_005.jpg,fixed_core_test,REAL_VIDEO,singles0.mp4,match_yewtee,235,1920,1080,False
images/match_yewtee_singles0_006.jpg,fixed_core_test,REAL_VIDEO,singles0.mp4,match_yewtee,282,1920,1080,False
images/match_yewtee_singles0_007.jpg,fixed_core_test,REAL_VIDEO,singles0.mp4,match_yewtee,330,1920,1080,False
images/match_yewtee_singles1_000.jpg,fixed_core_test,REAL_VIDEO,singles1.mp4,match_yewtee,0,1920,1080,False
images/match_yewtee_singles1_001.jpg,fixed_core_test,REAL_VIDEO,singles1.mp4,match_yewtee,35,1920,1080,False
images/match_yewtee_singles1_002.jpg,fixed_core_test,REAL_VIDEO,singles1.mp4,match_yewtee,70,1920,1080,False
images/match_yewtee_singles1_003.jpg,fixed_core_test,REAL_VIDEO,singles1.mp4,match_yewtee,105,1920,1080,False
images/match_yewtee_singles1_004.jpg,fixed_core_test,REAL_VIDEO,singles1.mp4,match_yewtee,141,1920,1080,False
images/match_yewtee_singles1_005.jpg,fixed_core_test,REAL_VIDEO,singles1.mp4,match_yewtee,176,1920,1080,False
images/match_yewtee_singles1_006.jpg,fixed_core_test,REAL_VIDEO,singles1.mp4,match_yewtee,211,1920,1080,False
images/match_yewtee_singles1_007.jpg,fixed_core_test,REAL_VIDEO,singles1.mp4,match_yewtee,247,1920,1080,False
images/match_yewtee_singles2_000.jpg,fixed_core_test,REAL_VIDEO,singles2.mp4,match_yewtee,0,1920,1080,False
images/match_yewtee_singles2_001.jpg,fixed_core_test,REAL_VIDEO,singles2.mp4,match_yewtee,50,1920,1080,False
images/match_yewtee_singles2_002.jpg,fixed_core_test,REAL_VIDEO,singles2.mp4,match_yewtee,100,1920,1080,False
images/match_yewtee_singles2_003.jpg,fixed_core_test,REAL_VIDEO,singles2.mp4,match_yewtee,150,1920,1080,False
images/match_yewtee_singles2_004.jpg,fixed_core_test,REAL_VIDEO,singles2.mp4,match_yewtee,201,1920,1080,False
images/match_yewtee_singles2_005.jpg,fixed_core_test,REAL_VIDEO,singles2.mp4,match_yewtee,251,1920,1080,False
images/match_yewtee_singles2_006.jpg,fixed_core_test,REAL_VIDEO,singles2.mp4,match_yewtee,301,1920,1080,False
images/match_yewtee_singles2_007.jpg,fixed_core_test,REAL_VIDEO,singles2.mp4,match_yewtee,352,1920,1080,False
images/match22_1_02_01_000.jpg,fixed_core_test,REAL_VIDEO,1_02_01.mp4,match22,0,1280,720,False
images/match22_1_02_01_001.jpg,fixed_core_test,REAL_VIDEO,1_02_01.mp4,match22,135,1280,720,False
images/match22_1_02_01_002.jpg,fixed_core_test,REAL_VIDEO,1_02_01.mp4,match22,271,1280,720,False
images/match22_1_02_01_003.jpg,fixed_core_test,REAL_VIDEO,1_02_01.mp4,match22,407,1280,720,False
images/match22_1_02_01_004.jpg,fixed_core_test,REAL_VIDEO,1_02_01.mp4,match22,543,1280,720,False
images/match22_1_02_01_005.jpg,fixed_core_test,REAL_VIDEO,1_02_01.mp4,match22,679,1280,720,False
images/match22_1_02_01_006.jpg,fixed_core_test,REAL_VIDEO,1_02_01.mp4,match22,815,1280,720,False
images/match22_1_02_01_007.jpg,fixed_core_test,REAL_VIDEO,1_02_01.mp4,match22,951,1280,720,False
images/match22_1_07_02_000.jpg,fixed_core_test,REAL_VIDEO,1_07_02.mp4,match22,0,1280,720,False
images/match22_1_07_02_001.jpg,fixed_core_test,REAL_VIDEO,1_07_02.mp4,match22,60,1280,720,False
images/match22_1_07_02_002.jpg,fixed_core_test,REAL_VIDEO,1_07_02.mp4,match22,121,1280,720,False
images/match22_1_07_02_003.jpg,fixed_core_test,REAL_VIDEO,1_07_02.mp4,match22,182,1280,720,False
images/match22_1_07_02_004.jpg,fixed_core_test,REAL_VIDEO,1_07_02.mp4,match22,242,1280,720,False
images/match22_1_07_02_005.jpg,fixed_core_test,REAL_VIDEO,1_07_02.mp4,match22,303,1280,720,False
images/match22_1_07_02_006.jpg,fixed_core_test,REAL_VIDEO,1_07_02.mp4,match22,364,1280,720,False
images/match22_1_07_02_007.jpg,fixed_core_test,REAL_VIDEO,1_07_02.mp4,match22,425,1280,720,False
images/match22_2_17_18_000.jpg,fixed_core_test,REAL_VIDEO,2_17_18.mp4,match22,0,1280,720,False
images/match22_2_17_18_001.jpg,fixed_core_test,REAL_VIDEO,2_17_18.mp4,match22,92,1280,720,False
images/match22_2_17_18_002.jpg,fixed_core_test,REAL_VIDEO,2_17_18.mp4,match22,184,1280,720,False
images/match22_2_17_18_003.jpg,fixed_core_test,REAL_VIDEO,2_17_18.mp4,match22,276,1280,720,False
images/match22_2_17_18_004.jpg,fixed_core_test,REAL_VIDEO,2_17_18.mp4,match22,368,1280,720,False
images/match22_2_17_18_005.jpg,fixed_core_test,REAL_VIDEO,2_17_18.mp4,match22,460,1280,720,False
images/match22_2_17_18_006.jpg,fixed_core_test,REAL_VIDEO,2_17_18.mp4,match22,552,1280,720,False
images/match22_2_17_18_007.jpg,fixed_core_test,REAL_VIDEO,2_17_18.mp4,match22,645,1280,720,False
images/match22_2_18_18_000.jpg,fixed_core_test,REAL_VIDEO,2_18_18.mp4,match22,0,1280,720,False
images/match22_2_18_18_001.jpg,fixed_core_test,REAL_VIDEO,2_18_18.mp4,match22,78,1280,720,False
images/match22_2_18_18_002.jpg,fixed_core_test,REAL_VIDEO,2_18_18.mp4,match22,157,1280,720,False
images/match22_2_18_18_003.jpg,fixed_core_test,REAL_VIDEO,2_18_18.mp4,match22,235,1280,720,False
images/match22_2_18_18_004.jpg,fixed_core_test,REAL_VIDEO,2_18_18.mp4,match22,314,1280,720,False
images/match22_2_18_18_005.jpg,fixed_core_test,REAL_VIDEO,2_18_18.mp4,match22,392,1280,720,False
images/match22_2_18_18_006.jpg,fixed_core_test,REAL_VIDEO,2_18_18.mp4,match22,471,1280,720,False
images/match22_2_18_18_007.jpg,fixed_core_test,REAL_VIDEO,2_18_18.mp4,match22,550,1280,720,False
images/match22_3_15_13_000.jpg,fixed_core_test,REAL_VIDEO,3_15_13.mp4,match22,0,1280,720,False
images/match22_3_15_13_001.jpg,fixed_core_test,REAL_VIDEO,3_15_13.mp4,match22,61,1280,720,False
images/match22_3_15_13_002.jpg,fixed_core_test,REAL_VIDEO,3_15_13.mp4,match22,123,1280,720,False
images/match22_3_15_13_003.jpg,fixed_core_test,REAL_VIDEO,3_15_13.mp4,match22,185,1280,720,False
images/match22_3_15_13_004.jpg,fixed_core_test,REAL_VIDEO,3_15_13.mp4,match22,246,1280,720,False
images/match22_3_15_13_005.jpg,fixed_core_test,REAL_VIDEO,3_15_13.mp4,match22,308,1280,720,False
images/match22_3_15_13_006.jpg,fixed_core_test,REAL_VIDEO,3_15_13.mp4,match22,370,1280,720,False
images/match22_3_15_13_007.jpg,fixed_core_test,REAL_VIDEO,3_15_13.mp4,match22,432,1280,720,False
