"file","title","license","bytes","url"
"bg_001.jpg","File:2025-08-20 AA. Thoddoo indoor badminton court construction commencement ceremony (11).jpg","CC BY 4.0","826311","https://upload.wikimedia.org/wikipedia/commons/e/e6/2025-08-20_AA._Thoddoo_indoor_badminton_court_construction_commencement_ceremony_%2811%29.jpg?utm_source=commons.wikimedia.org&utm_campaign=imageinfo&utm_content=original"
"bg_002.jpg","File:2025-08-20 AA. Thoddoo indoor badminton court construction commencement ceremony (12).jpg","CC BY 4.0","890349","https://upload.wikimedia.org/wikipedia/commons/c/c6/2025-08-20_AA._Thoddoo_indoor_badminton_court_construction_commencement_ceremony_%2812%29.jpg?utm_source=commons.wikimedia.org&utm_campaign=imageinfo&utm_content=original"
"bg_003.jpg","File:2025-08-20 AA. Thoddoo indoor badminton court construction commencement ceremony (13).jpg","CC BY 4.0","890514","https://upload.wikimedia.org/wikipedia/commons/7/70/2025-08-20_AA._Thoddoo_indoor_badminton_court_construction_commencement_ceremony_%2813%29.jpg?utm_source=commons.wikimedia.org&utm_campaign=imageinfo&utm_content=original"
"bg_004.jpg","File:2025-08-20 AA. Thoddoo indoor badminton court construction commencement ceremony (3).jpg","CC BY 4.0","596470","https://upload.wikimedia.org/wikipedia/commons/b/b2/2025-08-20_AA._Thoddoo_indoor_badminton_court_construction_commencement_ceremony_%283%29.jpg?utm_source=commons.wikimedia.org&utm_campaign=imageinfo&utm_content=original"
"bg_005.jpg","File:2025-08-20 AA. Thoddoo indoor badminton court construction commencement ceremony (4).jpg","CC BY 4.0","479129","https://upload.wikimedia.org/wikipedia/commons/4/4f/2025-08-20_AA._Thoddoo_indoor_badminton_court_construction_commencement_ceremony_%284%29.jpg?utm_source=commons.wikimedia.org&utm_campaign=imageinfo&utm_content=original"
"bg_006.jpg","File:2025-08-20 AA. Thoddoo indoor badminton court construction commencement ceremony (5).jpg","CC BY 4.0","622921","https://upload.wikimedia.org/wikipedia/commons/e/e3/2025-08-20_AA._Thoddoo_indoor_badminton_court_construction_commencement_ceremony_%285%29.jpg?utm_source=commons.wikimedia.org&utm_campaign=imageinfo&utm_content=original"
"bg_007.jpg","File:2025-08-20 AA. Thoddoo indoor badminton court construction commencement ceremony (6).jpg","CC BY 4.0","506896","https://upload.wikimedia.org/wikipedia/commons/1/1c/2025-08-20_AA._Thoddoo_indoor_badminton_court_construction_commencement_ceremony_%286%29.jpg?utm_source=commons.wikimedia.org&utm_campaign=imageinfo&utm_content=original"
"bg_008.jpg","File:2025-08-20 AA. Thoddoo indoor badminton court construction commencement ceremony (9).jpg","CC BY 4.0","851057","https://upload.wikimedia.org/wikipedia/commons/7/7a/2025-08-20_AA._Thoddoo_indoor_badminton_court_construction_commencement_ceremony_%289%29.jpg?utm_source=commons.wikimedia.org&utm_campaign=imageinfo&utm_content=original"
"bg_009.jpg","File:HK Kwun Tong 麗港城 Laguna City Club Badmenton Hall 1.JPG","CC BY-SA 3.0","1307758","https://upload.wikimedia.org/wikipedia/commons/f/f2/HK_Kwun_Tong_%E9%BA%97%E6%B8%AF%E5%9F%8E_Laguna_City_Club_Badmenton_Hall_1.JPG?utm_source=commons.wikimedia.org&utm_campaign=imageinfo&utm_content=original"
"bg_010.jpg","File:HK QueenElizabethStadium MultiPurposeHall.jpg","Public domain","178946","https://upload.wikimedia.org/wikipedia/commons/1/16/HK_QueenElizabethStadium_MultiPurposeHall.jpg?utm_source=commons.wikimedia.org&utm_campaign=imageinfo&utm_content=original"
"bg_011.jpg","File:Hevesy György Straße, Sporthalle, Inneres, N, 2024 Tura.jpg","CC BY-SA 4.0","316986","https://upload.wikimedia.org/wikipedia/commons/8/8c/Hevesy_Gy%C3%B6rgy_Stra%C3%9Fe%2C_Sporthalle%2C_Inneres%2C_N%2C_2024_Tura.jpg?utm_source=commons.wikimedia.org&utm_campaign=imageinfo&utm_content=original"
"bg_012.jpg","File:Hevesy György Straße, Sporthalle, Inneres, S, 2024 Tura.jpg","CC BY-SA 4.0","472358","https://upload.wikimedia.org/wikipedia/commons/7/73/Hevesy_Gy%C3%B6rgy_Stra%C3%9Fe%2C_Sporthalle%2C_Inneres%2C_S%2C_2024_Tura.jpg?utm_source=commons.wikimedia.org&utm_campaign=imageinfo&utm_content=original"
"bg_013.jpg","File:Hevesy György Straße, Sporthalle, Pokale, 2024 Tura.jpg","CC BY-SA 4.0","490549","https://upload.wikimedia.org/wikipedia/commons/e/e1/Hevesy_Gy%C3%B6rgy_Stra%C3%9Fe%2C_Sporthalle%2C_Pokale%2C_2024_Tura.jpg?utm_source=commons.wikimedia.org&utm_campaign=imageinfo&utm_content=original"
"bg_015.jpg","File:York Railway Institute interior.jpg","CC BY-SA 4.0","1322125","https://upload.wikimedia.org/wikipedia/commons/0/09/York_Railway_Institute_interior.jpg?utm_source=commons.wikimedia.org&utm_campaign=imageinfo&utm_content=original"
"bg_016.jpg","File:电影厅 伪满皇宫.jpg","CC BY-SA 4.0","690111","https://upload.wikimedia.org/wikipedia/commons/c/c8/%E7%94%B5%E5%BD%B1%E5%8E%85_%E4%BC%AA%E6%BB%A1%E7%9A%87%E5%AE%AB.jpg?utm_source=commons.wikimedia.org&utm_campaign=imageinfo&utm_content=original"
"bg_017.jpg","File:Badminton féminin au palais du sport de Général Mathieu KEREKOU.jpg","CC BY-SA 4.0","474233","https://upload.wikimedia.org/wikipedia/commons/f/f8/Badminton_f%C3%A9minin_au_palais_du_sport_de_G%C3%A9n%C3%A9ral_Mathieu_KEREKOU.jpg?utm_source=commons.wikimedia.org&utm_campaign=imageinfo&utm_content=original"
"bg_018.jpg","File:Double Club Sports Hall 2017.jpg","CC BY-SA 4.0","458926","https://upload.wikimedia.org/wikipedia/commons/c/c7/Double_Club_Sports_Hall_2017.jpg?utm_source=commons.wikimedia.org&utm_campaign=imageinfo&utm_content=original"
"bg_019.jpg","File:FC Slavoj Kladno 3.jpg","CC BY-SA 4.0","464874","https://upload.wikimedia.org/wikipedia/commons/d/d4/FC_Slavoj_Kladno_3.jpg?utm_source=commons.wikimedia.org&utm_campaign=imageinfo&utm_content=original"
"bg_020.jpg","File:Hougang Sports Hall .jpg","CC BY-SA 4.0","268584","https://upload.wikimedia.org/wikipedia/commons/c/c4/Hougang_Sports_Hall_.jpg?utm_source=commons.wikimedia.org&utm_campaign=imageinfo&utm_content=original"
"bg_021.jpg","File:Interior overview of the indoor sports hall at OAU Gymnasium.jpg","CC0","613701","https://upload.wikimedia.org/wikipedia/commons/9/90/Interior_overview_of_the_indoor_sports_hall_at_OAU_Gymnasium.jpg?utm_source=commons.wikimedia.org&utm_campaign=imageinfo&utm_content=original"
"bg_022.jpg","File:Schule Schloss Stein, School sports hall.jpg","CC BY-SA 4.0","382350","https://upload.wikimedia.org/wikipedia/commons/e/ec/Schule_Schloss_Stein%2C_School_sports_hall.jpg?utm_source=commons.wikimedia.org&utm_campaign=imageinfo&utm_content=original"
"bg_024.jpg","File:York Railway Institute interior.jpg","CC BY-SA 4.0","1322125","https://upload.wikimedia.org/wikipedia/commons/0/09/York_Railway_Institute_interior.jpg?utm_source=commons.wikimedia.org&utm_campaign=imageinfo&utm_content=original"
"bg_025.jpg","File:10th Duke of Beaufort outside Badminton Hall Allan Warren.jpg","CC BY-SA 3.0","785687","https://upload.wikimedia.org/wikipedia/commons/5/57/10th_Duke_of_Beaufort_outside_Badminton_Hall_Allan_Warren.jpg?utm_source=commons.wikimedia.org&utm_campaign=imageinfo&utm_content=original"
"bg_026.jpg","File:Badminton hall - geograph.org.uk - 7894980.jpg","CC BY-SA 2.0","745365","https://upload.wikimedia.org/wikipedia/commons/a/aa/Badminton_hall_-_geograph.org.uk_-_7894980.jpg?utm_source=commons.wikimedia.org&utm_campaign=imageinfo&utm_content=original"
"bg_027.jpg","File:Beijing University of Technology Gymnasium (20251224141508).jpg","CC BY-SA 4.0","729131","https://upload.wikimedia.org/wikipedia/commons/a/a9/Beijing_University_of_Technology_Gymnasium_%2820251224141508%29.jpg?utm_source=commons.wikimedia.org&utm_campaign=imageinfo&utm_content=original"
"bg_028.jpg","File:EuroGames 2023 Bern - badminton hall IMG 0032.jpg","CC BY-SA 4.0","691959","https://upload.wikimedia.org/wikipedia/commons/1/10/EuroGames_2023_Bern_-_badminton_hall_IMG_0032.jpg?utm_source=commons.wikimedia.org&utm_campaign=imageinfo&utm_content=original"
"bg_029.jpg","File:Hohenlimburg, Gymnasium 4.jpg","CC BY-SA 4.0","1029212","https://upload.wikimedia.org/wikipedia/commons/0/09/Hohenlimburg%2C_Gymnasium_4.jpg?utm_source=commons.wikimedia.org&utm_campaign=imageinfo&utm_content=original"
"bg_030.jpg","File:Konoike and Nara Central gymnasium 201410.jpg","CC BY 3.0","466480","https://upload.wikimedia.org/wikipedia/commons/7/79/Konoike_and_Nara_Central_gymnasium_201410.jpg?utm_source=commons.wikimedia.org&utm_campaign=imageinfo&utm_content=original"
"bg_031.jpg","File:Konoike and Nara Central gymnasium 20141002.jpg","CC BY 3.0","374945","https://upload.wikimedia.org/wikipedia/commons/a/a6/Konoike_and_Nara_Central_gymnasium_20141002.jpg?utm_source=commons.wikimedia.org&utm_campaign=imageinfo&utm_content=original"
"bg_032.jpg","File:Minh enters quarter-finals of Badminton Asia Champs.jpg","CC BY-SA 4.0","366072","https://upload.wikimedia.org/wikipedia/commons/2/2d/Minh_enters_quarter-finals_of_Badminton_Asia_Champs.jpg?utm_source=commons.wikimedia.org&utm_campaign=imageinfo&utm_content=original"
