background,n_samples,n_evaluable,n_negative,n_missing_ground_truth,n_detector_errors,n_ground_truth,n_predictions,tp,fp,fn,precision,recall,f1,mAP50,mAP50-95,top1_hit_rate,topk_hit_rate,gt_covered_rate,mean_center_error_px,n_center_error,mean_confidence,n_confidence,mean_matched_confidence,n_matched_confidence,mean_best_iou,iou_threshold,top_k,notes
bg_001.jpg,1663,1663,0,0,0,1663,4159,747,3412,916,0.17961,0.449188,0.256613,0.243911,0.192113,0.316897,0.449188,0.287432,4.663058,747,0.668256,1610,0.652933,747,0.393525,0.5,5,
bg_002.jpg,3,3,0,0,0,3,8,3,5,0,0.375,1.0,0.545455,0.5,0.283267,0.666667,1.0,0.333333,1.439901,3,0.678133,3,0.529607,3,0.756089,0.5,5,
bg_003.jpg,3,3,0,0,0,3,5,1,4,2,0.2,0.333333,0.25,0.084158,0.042079,0.0,0.333333,0.0,1.957489,1,0.851058,3,0.737018,1,0.23379,0.5,5,
bg_004.jpg,3,3,0,0,0,3,14,3,11,0,0.214286,1.0,0.352941,0.423492,0.182658,0.0,1.0,0.0,2.124855,3,0.685654,3,0.495345,3,0.693493,0.5,5,
bg_005.jpg,3,3,0,0,0,3,11,3,8,0,0.272727,1.0,0.428571,0.915842,0.441089,1.0,1.0,0.0,2.107077,3,0.57783,3,0.57783,3,0.705145,0.5,5,
bg_006.jpg,3,3,0,0,0,3,16,1,15,2,0.0625,0.333333,0.105263,0.168317,0.084158,0.333333,0.333333,0.0,2.519398,1,0.651443,3,0.634337,1,0.236846,0.5,5,
bg_007.jpg,3,3,0,0,0,3,27,0,27,3,0.0,0.0,0.0,0.0,0.0,0.0,0.0,0.0,NOT_COMPUTABLE: no matched candidate in this group,0,0.753276,3,NOT_COMPUTABLE: no matched candidate in this group,0,0.0,0.5,5,mean_center_error_px: no matched candidate in this group; mean_matched_confidence: no matched candidate in this group
bg_008.jpg,3,3,0,0,0,3,4,0,4,3,0.0,0.0,0.0,0.0,0.0,0.0,0.0,0.0,NOT_COMPUTABLE: no matched candidate in this group,0,0.428416,3,NOT_COMPUTABLE: no matched candidate in this group,0,0.0,0.5,5,mean_center_error_px: no matched candidate in this group; mean_matched_confidence: no matched candidate in this group
bg_009.jpg,3,3,0,0,0,3,15,3,12,0,0.2,1.0,0.333333,0.244884,0.122442,0.0,1.0,0.0,1.94979,3,0.704742,3,0.286729,3,0.724208,0.5,5,
bg_010.jpg,3,3,0,0,0,3,4,3,1,0,0.75,1.0,0.857143,1.0,0.5,1.0,1.0,0.0,2.011893,3,0.733129,3,0.733129,3,0.746921,0.5,5,
bg_011.jpg,3,3,0,0,0,3,13,3,10,0,0.230769,1.0,0.375,1.0,0.483168,1.0,1.0,0.0,2.22998,3,0.809338,3,0.809338,3,0.734281,0.5,5,
bg_012.jpg,3,3,0,0,0,3,2,2,0,1,1.0,0.666667,0.8,0.663366,0.29901,0.666667,0.666667,0.0,2.239545,2,0.794875,2,0.794875,2,0.461802,0.5,5,
bg_013.jpg,3,3,0,0,0,3,3,3,0,0,1.0,1.0,1.0,1.0,0.483168,1.0,1.0,0.0,2.233495,3,0.574853,3,0.574853,3,0.729271,0.5,5,
bg_015.jpg,3,3,0,0,0,3,21,3,18,0,0.142857,1.0,0.25,1.0,0.431683,1.0,1.0,0.333333,2.367102,3,0.701551,3,0.701551,3,0.686023,0.5,5,
bg_016.jpg,3,3,0,0,0,3,6,3,3,0,0.5,1.0,0.666667,1.0,0.544224,1.0,1.0,0.0,2.006021,3,0.815635,3,0.815635,3,0.749203,0.5,5,
bg_017.jpg,3,3,0,0,0,3,4,2,2,1,0.5,0.666667,0.571429,0.663366,0.39802,0.666667,0.666667,0.0,1.735342,2,0.811726,2,0.811726,2,0.52065,0.5,5,
bg_018.jpg,3,3,0,0,0,3,8,2,6,1,0.25,0.666667,0.363636,0.663366,0.331683,0.666667,0.666667,0.0,2.058364,2,0.567511,3,0.819368,2,0.492331,0.5,5,
bg_019.jpg,3,3,0,0,0,3,6,3,3,0,0.5,1.0,0.666667,1.0,0.511221,1.0,1.0,0.0,2.032993,3,0.661776,3,0.661776,3,0.744173,0.5,5,
bg_020.jpg,3,3,0,0,0,3,4,0,4,3,0.0,0.0,0.0,0.0,0.0,0.0,0.0,0.0,NOT_COMPUTABLE: no matched candidate in this group,0,0.128096,3,NOT_COMPUTABLE: no matched candidate in this group,0,0.0,0.5,5,mean_center_error_px: no matched candidate in this group; mean_matched_confidence: no matched candidate in this group
bg_021.jpg,3,3,0,0,0,3,5,3,2,0,0.6,1.0,0.75,1.0,0.5,1.0,1.0,0.0,2.055357,3,0.829184,3,0.829184,3,0.740953,0.5,5,
bg_022.jpg,3,3,0,0,0,3,7,3,4,0,0.428571,1.0,0.6,1.0,0.433663,1.0,1.0,0.0,2.369621,3,0.800146,3,0.800146,3,0.682378,0.5,5,
bg_024.jpg,3,3,0,0,0,3,23,3,20,0,0.130435,1.0,0.230769,1.0,0.39901,1.0,1.0,0.333333,2.468049,3,0.748621,3,0.748621,3,0.680567,0.5,5,
bg_025.jpg,3,3,0,0,0,3,5,3,2,0,0.6,1.0,0.75,1.0,0.367327,1.0,1.0,0.0,2.619653,3,0.488781,3,0.488781,3,0.660747,0.5,5,
bg_026.jpg,3,3,0,0,0,3,5,3,2,0,0.6,1.0,0.75,1.0,0.533663,1.0,1.0,0.0,1.979372,3,0.629297,3,0.629297,3,0.748584,0.5,5,
bg_027.jpg,3,3,0,0,0,3,3,3,0,0,1.0,1.0,1.0,1.0,0.5,1.0,1.0,0.333333,1.572871,3,0.56152,3,0.56152,3,0.726555,0.5,5,
bg_028.jpg,3,3,0,0,0,3,4,3,1,0,0.75,1.0,0.857143,1.0,0.5,1.0,1.0,0.333333,2.238908,3,0.663305,3,0.663305,3,0.729966,0.5,5,
bg_029.jpg,3,3,0,0,0,3,5,2,3,1,0.4,0.666667,0.5,0.663366,0.282178,0.666667,0.666667,0.0,2.069988,2,0.21704,3,0.292191,2,0.475527,0.5,5,
bg_030.jpg,3,3,0,0,0,3,6,3,3,0,0.5,1.0,0.666667,0.865347,0.432673,1.0,1.0,0.0,2.152587,3,0.458641,3,0.458641,3,0.72603,0.5,5,
bg_031.jpg,3,3,0,0,0,3,4,3,1,0,0.75,1.0,0.857143,1.0,0.633663,1.0,1.0,0.333333,1.682163,3,0.770279,3,0.770279,3,0.790692,0.5,5,
bg_032.jpg,3,3,0,0,0,3,3,3,0,0,1.0,1.0,1.0,1.0,0.4,1.0,1.0,0.0,2.629391,3,0.584733,3,0.584733,3,0.662772,0.5,5,
