file,title,license,page,url,bytes
hn2_001.jpg,File:Olympics 2012 Mixed Doubles Final.jpg,CC BY-SA 2.0,https://commons.wikimedia.org/wiki/File:Olympics_2012_Mixed_Doubles_Final.jpg,https://thumb.wikimedia.org/wikipedia/commons/thumb/f/fd/Olympics_2012_Mixed_Doubles_Final.jpg/1280px-Olympics_2012_Mixed_Doubles_Final.jpg?utm_source=commons.wikimedia.org&utm_campaign=imageinfo&utm_content=thumbnail,274734
hn2_002.jpg,File:2014 US Open Grand Prix Gold - Men's doubles final match 1.jpg,CC BY-SA 2.0,https://commons.wikimedia.org/wiki/File:2014_US_Open_Grand_Prix_Gold_-_Men%27s_doubles_final_match_1.jpg,https://thumb.wikimedia.org/wikipedia/commons/thumb/8/88/2014_US_Open_Grand_Prix_Gold_-_Men%27s_doubles_final_match_1.jpg/1280px-2014_US_Open_Grand_Prix_Gold_-_Men%27s_doubles_final_match_1.jpg?utm_source=commons.wikimedia.org&utm_campaign=imageinfo&utm_content=thumbnail,383864
hn2_003.jpg,File:2014 US Open Grand Prix Gold - Men's doubles final match 2.jpg,CC BY-SA 2.0,https://commons.wikimedia.org/wiki/File:2014_US_Open_Grand_Prix_Gold_-_Men%27s_doubles_final_match_2.jpg,https://thumb.wikimedia.org/wikipedia/commons/thumb/e/e5/2014_US_Open_Grand_Prix_Gold_-_Men%27s_doubles_final_match_2.jpg/1280px-2014_US_Open_Grand_Prix_Gold_-_Men%27s_doubles_final_match_2.jpg?utm_source=commons.wikimedia.org&utm_campaign=imageinfo&utm_content=thumbnail,366285
hn2_004.jpg,File:Mondial Ping - Men's Doubles - Semifinals - 34.jpg,CC BY-SA 3.0,https://commons.wikimedia.org/wiki/File:Mondial_Ping_-_Men%27s_Doubles_-_Semifinals_-_34.jpg,https://thumb.wikimedia.org/wikipedia/commons/thumb/8/88/Mondial_Ping_-_Men%27s_Doubles_-_Semifinals_-_34.jpg/1280px-Mondial_Ping_-_Men%27s_Doubles_-_Semifinals_-_34.jpg?utm_source=commons.wikimedia.org&utm_campaign=imageinfo&utm_content=thumbnail,224453
hn2_005.jpg,File:Badminton Asian Games 2018 - Individual Event Day 3.jpg,CC BY-SA 4.0,https://commons.wikimedia.org/wiki/File:Badminton_Asian_Games_2018_-_Individual_Event_Day_3.jpg,https://thumb.wikimedia.org/wikipedia/commons/thumb/e/e5/Badminton_Asian_Games_2018_-_Individual_Event_Day_3.jpg/1280px-Badminton_Asian_Games_2018_-_Individual_Event_Day_3.jpg?utm_source=commons.wikimedia.org&utm_campaign=imageinfo&utm_content=thumbnail,358649
hn2_006.jpg,File:2014 US Open Grand Prix Gold - Mixed doubles final match.jpg,CC BY-SA 2.0,https://commons.wikimedia.org/wiki/File:2014_US_Open_Grand_Prix_Gold_-_Mixed_doubles_final_match.jpg,https://thumb.wikimedia.org/wikipedia/commons/thumb/4/46/2014_US_Open_Grand_Prix_Gold_-_Mixed_doubles_final_match.jpg/1280px-2014_US_Open_Grand_Prix_Gold_-_Mixed_doubles_final_match.jpg?utm_source=commons.wikimedia.org&utm_campaign=imageinfo&utm_content=thumbnail,400177
hn2_007.jpg,File:2014 US Open Grand Prix Gold - Women's doubles final match.jpg,CC BY-SA 2.0,https://commons.wikimedia.org/wiki/File:2014_US_Open_Grand_Prix_Gold_-_Women%27s_doubles_final_match.jpg,https://thumb.wikimedia.org/wikipedia/commons/thumb/7/7b/2014_US_Open_Grand_Prix_Gold_-_Women%27s_doubles_final_match.jpg/1280px-2014_US_Open_Grand_Prix_Gold_-_Women%27s_doubles_final_match.jpg?utm_source=commons.wikimedia.org&utm_campaign=imageinfo&utm_content=thumbnail,391741
hn2_008.jpg,File:Nitya Krishinda Maheswari (INA) 2013.jpg,CC BY-SA 4.0,https://commons.wikimedia.org/wiki/File:Nitya_Krishinda_Maheswari_(INA)_2013.jpg,https://upload.wikimedia.org/wikipedia/commons/1/14/Nitya_Krishinda_Maheswari_%28INA%29_2013.jpg?utm_source=commons.wikimedia.org&utm_campaign=imageinfo&utm_content=thumbnail_unscaled,262606
hn2_009.jpg,File:Yonex IFB 2013 - Eightfinal - Ma Jin - Zhong Qianxin — Nitya Krishinda Maheswari - Greysia Polii 02.jpg,CC BY-SA 4.0,https://commons.wikimedia.org/wiki/File:Yonex_IFB_2013_-_Eightfinal_-_Ma_Jin_-_Zhong_Qianxin_%E2%80%94_Nitya_Krishinda_Maheswari_-_Greysia_Polii_02.jpg,https://thumb.wikimedia.org/wikipedia/commons/thumb/d/d4/Yonex_IFB_2013_-_Eightfinal_-_Ma_Jin_-_Zhong_Qianxin_%E2%80%94_Nitya_Krishinda_Maheswari_-_Greysia_Polii_02.jpg/1280px-Yonex_IFB_2013_-_Eightfinal_-_Ma_Jin_-_Zhong_Qianxin_%E2%80%94_Nitya_Krishinda_Maheswari_-_Greysia_Polii_02.jpg?utm_source=commons.wikimedia.org&utm_campaign=imageinfo&utm_content=thumbnail,194668
hn2_010.jpg,File:Hougang Sports Hall .jpg,CC BY-SA 4.0,https://commons.wikimedia.org/wiki/File:Hougang_Sports_Hall_.jpg,https://upload.wikimedia.org/wikipedia/commons/c/c4/Hougang_Sports_Hall_.jpg?utm_source=commons.wikimedia.org&utm_campaign=imageinfo&utm_content=thumbnail_unscaled,268584
hn2_011.jpg,File:Double Club Sports Hall 2017.jpg,CC BY-SA 4.0,https://commons.wikimedia.org/wiki/File:Double_Club_Sports_Hall_2017.jpg,https://thumb.wikimedia.org/wikipedia/commons/thumb/c/c7/Double_Club_Sports_Hall_2017.jpg/1280px-Double_Club_Sports_Hall_2017.jpg?utm_source=commons.wikimedia.org&utm_campaign=imageinfo&utm_content=thumbnail,273389
hn2_012.jpg,File:Interior overview of the indoor sports hall at OAU Gymnasium.jpg,CC0,https://commons.wikimedia.org/wiki/File:Interior_overview_of_the_indoor_sports_hall_at_OAU_Gymnasium.jpg,https://upload.wikimedia.org/wikipedia/commons/9/90/Interior_overview_of_the_indoor_sports_hall_at_OAU_Gymnasium.jpg?utm_source=commons.wikimedia.org&utm_campaign=imageinfo&utm_content=thumbnail_unscaled,613701
hn2_013.jpg,File:Badminton féminin au palais du sport de Général Mathieu KEREKOU.jpg,CC BY-SA 4.0,https://commons.wikimedia.org/wiki/File:Badminton_f%C3%A9minin_au_palais_du_sport_de_G%C3%A9n%C3%A9ral_Mathieu_KEREKOU.jpg,https://thumb.wikimedia.org/wikipedia/commons/thumb/f/f8/Badminton_f%C3%A9minin_au_palais_du_sport_de_G%C3%A9n%C3%A9ral_Mathieu_KEREKOU.jpg/1280px-Badminton_f%C3%A9minin_au_palais_du_sport_de_G%C3%A9n%C3%A9ral_Mathieu_KEREKOU.jpg?utm_source=commons.wikimedia.org&utm_campaign=imageinfo&utm_content=thumbnail,244410
hn2_014.jpg,File:Singapore Badminton Hall.jpg,CC BY-SA 3.0,https://commons.wikimedia.org/wiki/File:Singapore_Badminton_Hall.jpg,https://upload.wikimedia.org/wikipedia/commons/1/18/Singapore_Badminton_Hall.jpg?utm_source=commons.wikimedia.org&utm_campaign=imageinfo&utm_content=thumbnail_unscaled,56919
hn2_015.jpg,"File:Schule Schloss Stein, School sports hall.jpg",CC BY-SA 4.0,"https://commons.wikimedia.org/wiki/File:Schule_Schloss_Stein,_School_sports_hall.jpg",https://thumb.wikimedia.org/wikipedia/commons/thumb/e/ec/Schule_Schloss_Stein%2C_School_sports_hall.jpg/1280px-Schule_Schloss_Stein%2C_School_sports_hall.jpg?utm_source=commons.wikimedia.org&utm_campaign=imageinfo&utm_content=thumbnail,193013
hn2_016.jpg,File:York Railway Institute interior.jpg,CC BY-SA 4.0,https://commons.wikimedia.org/wiki/File:York_Railway_Institute_interior.jpg,https://thumb.wikimedia.org/wikipedia/commons/thumb/0/09/York_Railway_Institute_interior.jpg/1280px-York_Railway_Institute_interior.jpg?utm_source=commons.wikimedia.org&utm_campaign=imageinfo&utm_content=thumbnail,692287
hn2_017.jpg,File:FC Slavoj Kladno 3.jpg,CC BY-SA 4.0,https://commons.wikimedia.org/wiki/File:FC_Slavoj_Kladno_3.jpg,https://thumb.wikimedia.org/wikipedia/commons/thumb/d/d4/FC_Slavoj_Kladno_3.jpg/1280px-FC_Slavoj_Kladno_3.jpg?utm_source=commons.wikimedia.org&utm_campaign=imageinfo&utm_content=thumbnail,229342
hn2_018.jpg,File:Hermsdorf-Halle.jpg,CC BY-SA 3.0,https://commons.wikimedia.org/wiki/File:Hermsdorf-Halle.jpg,https://thumb.wikimedia.org/wikipedia/commons/thumb/7/7e/Hermsdorf-Halle.jpg/1280px-Hermsdorf-Halle.jpg?utm_source=commons.wikimedia.org&utm_campaign=imageinfo&utm_content=thumbnail,303888
hn2_019.jpg,File:Mei Tin Estate Carpar Podium 201408.jpg,CC BY 3.0,https://commons.wikimedia.org/wiki/File:Mei_Tin_Estate_Carpar_Podium_201408.jpg,https://thumb.wikimedia.org/wikipedia/commons/thumb/5/5b/Mei_Tin_Estate_Carpar_Podium_201408.jpg/1280px-Mei_Tin_Estate_Carpar_Podium_201408.jpg?utm_source=commons.wikimedia.org&utm_campaign=imageinfo&utm_content=thumbnail,470616
hn2_020.jpg,File:ARG vs KOR Women's Volleyball 2024 friendly match at GELP (178).jpg,CC BY-SA 4.0,https://commons.wikimedia.org/wiki/File:ARG_vs_KOR_Women%27s_Volleyball_2024_friendly_match_at_GELP_(178).jpg,https://thumb.wikimedia.org/wikipedia/commons/thumb/f/fc/ARG_vs_KOR_Women%27s_Volleyball_2024_friendly_match_at_GELP_%28178%29.jpg/1280px-ARG_vs_KOR_Women%27s_Volleyball_2024_friendly_match_at_GELP_%28178%29.jpg?utm_source=commons.wikimedia.org&utm_campaign=imageinfo&utm_content=thumbnail,269398
hn2_021.jpg,File:Netherlands - Poland women's volleyball match 09.01.2020.jpg,CC0,https://commons.wikimedia.org/wiki/File:Netherlands_-_Poland_women%27s_volleyball_match_09.01.2020.jpg,https://thumb.wikimedia.org/wikipedia/commons/thumb/9/98/Netherlands_-_Poland_women%27s_volleyball_match_09.01.2020.jpg/1280px-Netherlands_-_Poland_women%27s_volleyball_match_09.01.2020.jpg?utm_source=commons.wikimedia.org&utm_campaign=imageinfo&utm_content=thumbnail,381474
hn2_022.jpg,File:Thailand women's national volleyball team at 2025 Korea–Thailand Pro Volleyball All-Star Super Match 03.jpg,CC BY 4.0,https://commons.wikimedia.org/wiki/File:Thailand_women%27s_national_volleyball_team_at_2025_Korea%E2%80%93Thailand_Pro_Volleyball_All-Star_Super_Match_03.jpg,https://thumb.wikimedia.org/wikipedia/commons/thumb/f/fb/Thailand_women%27s_national_volleyball_team_at_2025_Korea%E2%80%93Thailand_Pro_Volleyball_All-Star_Super_Match_03.jpg/1280px-Thailand_women%27s_national_volleyball_team_at_2025_Korea%E2%80%93Thailand_Pro_Volleyball_All-Star_Super_Match_03.jpg?utm_source=commons.wikimedia.org&utm_campaign=imageinfo&utm_content=thumbnail,288832
hn2_023.jpg,File:Thailand women's national volleyball team at 2025 Korea–Thailand Pro Volleyball All-Star Super Match 02.jpg,CC BY 4.0,https://commons.wikimedia.org/wiki/File:Thailand_women%27s_national_volleyball_team_at_2025_Korea%E2%80%93Thailand_Pro_Volleyball_All-Star_Super_Match_02.jpg,https://thumb.wikimedia.org/wikipedia/commons/thumb/7/78/Thailand_women%27s_national_volleyball_team_at_2025_Korea%E2%80%93Thailand_Pro_Volleyball_All-Star_Super_Match_02.jpg/1280px-Thailand_women%27s_national_volleyball_team_at_2025_Korea%E2%80%93Thailand_Pro_Volleyball_All-Star_Super_Match_02.jpg?utm_source=commons.wikimedia.org&utm_campaign=imageinfo&utm_content=thumbnail,308799
hn2_024.jpg,File:Thailand women's national volleyball team at 2025 Korea–Thailand Pro Volleyball All-Star Super Match 05.jpg,CC BY 4.0,https://commons.wikimedia.org/wiki/File:Thailand_women%27s_national_volleyball_team_at_2025_Korea%E2%80%93Thailand_Pro_Volleyball_All-Star_Super_Match_05.jpg,https://thumb.wikimedia.org/wikipedia/commons/thumb/a/a4/Thailand_women%27s_national_volleyball_team_at_2025_Korea%E2%80%93Thailand_Pro_Volleyball_All-Star_Super_Match_05.jpg/1280px-Thailand_women%27s_national_volleyball_team_at_2025_Korea%E2%80%93Thailand_Pro_Volleyball_All-Star_Super_Match_05.jpg?utm_source=commons.wikimedia.org&utm_campaign=imageinfo&utm_content=thumbnail,307177
hn2_025.jpg,File:Thailand women's national volleyball team at 2025 Korea–Thailand Pro Volleyball All-Star Super Match 06.jpg,CC BY 4.0,https://commons.wikimedia.org/wiki/File:Thailand_women%27s_national_volleyball_team_at_2025_Korea%E2%80%93Thailand_Pro_Volleyball_All-Star_Super_Match_06.jpg,https://thumb.wikimedia.org/wikipedia/commons/thumb/a/a7/Thailand_women%27s_national_volleyball_team_at_2025_Korea%E2%80%93Thailand_Pro_Volleyball_All-Star_Super_Match_06.jpg/1280px-Thailand_women%27s_national_volleyball_team_at_2025_Korea%E2%80%93Thailand_Pro_Volleyball_All-Star_Super_Match_06.jpg?utm_source=commons.wikimedia.org&utm_campaign=imageinfo&utm_content=thumbnail,292011
hn2_026.jpg,File:Thailand women's national volleyball team at 2025 Korea–Thailand Pro Volleyball All-Star Super Match 01.jpg,CC BY 4.0,https://commons.wikimedia.org/wiki/File:Thailand_women%27s_national_volleyball_team_at_2025_Korea%E2%80%93Thailand_Pro_Volleyball_All-Star_Super_Match_01.jpg,https://thumb.wikimedia.org/wikipedia/commons/thumb/a/ae/Thailand_women%27s_national_volleyball_team_at_2025_Korea%E2%80%93Thailand_Pro_Volleyball_All-Star_Super_Match_01.jpg/1280px-Thailand_women%27s_national_volleyball_team_at_2025_Korea%E2%80%93Thailand_Pro_Volleyball_All-Star_Super_Match_01.jpg?utm_source=commons.wikimedia.org&utm_campaign=imageinfo&utm_content=thumbnail,322952
hn2_027.jpg,File:Thailand women's national volleyball team at 2025 Korea–Thailand Pro Volleyball All-Star Super Match 04.jpg,CC BY 4.0,https://commons.wikimedia.org/wiki/File:Thailand_women%27s_national_volleyball_team_at_2025_Korea%E2%80%93Thailand_Pro_Volleyball_All-Star_Super_Match_04.jpg,https://thumb.wikimedia.org/wikipedia/commons/thumb/7/70/Thailand_women%27s_national_volleyball_team_at_2025_Korea%E2%80%93Thailand_Pro_Volleyball_All-Star_Super_Match_04.jpg/1280px-Thailand_women%27s_national_volleyball_team_at_2025_Korea%E2%80%93Thailand_Pro_Volleyball_All-Star_Super_Match_04.jpg?utm_source=commons.wikimedia.org&utm_campaign=imageinfo&utm_content=thumbnail,324344
hn2_028.jpg,File:South Korea women's national volleyball team at 2025 Korea–Thailand Pro Volleyball All-Star Super Match 04.jpg,CC BY 4.0,https://commons.wikimedia.org/wiki/File:South_Korea_women%27s_national_volleyball_team_at_2025_Korea%E2%80%93Thailand_Pro_Volleyball_All-Star_Super_Match_04.jpg,https://thumb.wikimedia.org/wikipedia/commons/thumb/0/01/South_Korea_women%27s_national_volleyball_team_at_2025_Korea%E2%80%93Thailand_Pro_Volleyball_All-Star_Super_Match_04.jpg/1280px-South_Korea_women%27s_national_volleyball_team_at_2025_Korea%E2%80%93Thailand_Pro_Volleyball_All-Star_Super_Match_04.jpg?utm_source=commons.wikimedia.org&utm_campaign=imageinfo&utm_content=thumbnail,292925
hn2_029.jpg,File:South Korea women's national volleyball team at 2025 Korea–Thailand Pro Volleyball All-Star Super Match 06.jpg,CC BY 4.0,https://commons.wikimedia.org/wiki/File:South_Korea_women%27s_national_volleyball_team_at_2025_Korea%E2%80%93Thailand_Pro_Volleyball_All-Star_Super_Match_06.jpg,https://thumb.wikimedia.org/wikipedia/commons/thumb/3/38/South_Korea_women%27s_national_volleyball_team_at_2025_Korea%E2%80%93Thailand_Pro_Volleyball_All-Star_Super_Match_06.jpg/1280px-South_Korea_women%27s_national_volleyball_team_at_2025_Korea%E2%80%93Thailand_Pro_Volleyball_All-Star_Super_Match_06.jpg?utm_source=commons.wikimedia.org&utm_campaign=imageinfo&utm_content=thumbnail,316988
hn2_030.jpg,File:20130126 Simeon-Whitney Young game at start of 4th quarter at Emil and Patricia Jones Convocation Center.jpg,CC BY-SA 3.0,https://commons.wikimedia.org/wiki/File:20130126_Simeon-Whitney_Young_game_at_start_of_4th_quarter_at_Emil_and_Patricia_Jones_Convocation_Center.jpg,https://upload.wikimedia.org/wikipedia/commons/b/b9/20130126_Simeon-Whitney_Young_game_at_start_of_4th_quarter_at_Emil_and_Patricia_Jones_Convocation_Center.jpg?utm_source=commons.wikimedia.org&utm_campaign=imageinfo&utm_content=thumbnail_unscaled,103494
hn2_031.jpg,File:Game at NVMC.jpg,Public domain,https://commons.wikimedia.org/wiki/File:Game_at_NVMC.jpg,https://thumb.wikimedia.org/wikipedia/commons/thumb/5/5e/Game_at_NVMC.jpg/1280px-Game_at_NVMC.jpg?utm_source=commons.wikimedia.org&utm_campaign=imageinfo&utm_content=thumbnail,308010
hn2_032.jpg,File:Official A.A.U. basketball guide (1894) (14773889424).jpg,Public domain,https://commons.wikimedia.org/wiki/File:Official_A.A.U._basketball_guide_(1894)_(14773889424).jpg,https://thumb.wikimedia.org/wikipedia/commons/thumb/e/e2/Official_A.A.U._basketball_guide_%281894%29_%2814773889424%29.jpg/1280px-Official_A.A.U._basketball_guide_%281894%29_%2814773889424%29.jpg?utm_source=commons.wikimedia.org&utm_campaign=imageinfo&utm_content=thumbnail,372005
hn2_033.jpg,File:1961–62 Elette tiebreaker game - Simmenthal Milano.jpg,Public domain,https://commons.wikimedia.org/wiki/File:1961%E2%80%9362_Elette_tiebreaker_game_-_Simmenthal_Milano.jpg,https://thumb.wikimedia.org/wikipedia/commons/thumb/4/42/1961%E2%80%9362_Elette_tiebreaker_game_-_Simmenthal_Milano.jpg/1280px-1961%E2%80%9362_Elette_tiebreaker_game_-_Simmenthal_Milano.jpg?utm_source=commons.wikimedia.org&utm_campaign=imageinfo&utm_content=thumbnail,338206
hn2_034.jpg,File:NBA All-Stars 2010 shootaround.jpg,CC BY 2.0,https://commons.wikimedia.org/wiki/File:NBA_All-Stars_2010_shootaround.jpg,https://thumb.wikimedia.org/wikipedia/commons/thumb/8/8c/NBA_All-Stars_2010_shootaround.jpg/1280px-NBA_All-Stars_2010_shootaround.jpg?utm_source=commons.wikimedia.org&utm_campaign=imageinfo&utm_content=thumbnail,504878
hn2_035.jpg,"File:Group photo of the United States rifle team at the 1912 Summer Olympics, Stockholm.png",Public domain,"https://commons.wikimedia.org/wiki/File:Group_photo_of_the_United_States_rifle_team_at_the_1912_Summer_Olympics,_Stockholm.png",https://upload.wikimedia.org/wikipedia/commons/7/79/Group_photo_of_the_United_States_rifle_team_at_the_1912_Summer_Olympics%2C_Stockholm.png?utm_source=commons.wikimedia.org&utm_campaign=imageinfo&utm_content=thumbnail_unscaled,777984
hn2_036.jpg,File:Team USA group photo (37021691350).jpg,CC BY 2.0,https://commons.wikimedia.org/wiki/File:Team_USA_group_photo_(37021691350).jpg,https://thumb.wikimedia.org/wikipedia/commons/thumb/d/df/Team_USA_group_photo_%2837021691350%29.jpg/1280px-Team_USA_group_photo_%2837021691350%29.jpg?utm_source=commons.wikimedia.org&utm_campaign=imageinfo&utm_content=thumbnail,165447
hn2_037.jpg,"File:Clare Senior Hurling team, group (5517432760).jpg",No restrictions,"https://commons.wikimedia.org/wiki/File:Clare_Senior_Hurling_team,_group_(5517432760).jpg",https://thumb.wikimedia.org/wikipedia/commons/thumb/a/a1/Clare_Senior_Hurling_team%2C_group_%285517432760%29.jpg/1280px-Clare_Senior_Hurling_team%2C_group_%285517432760%29.jpg?utm_source=commons.wikimedia.org&utm_campaign=imageinfo&utm_content=thumbnail,531945
hn2_038.jpg,File:Royal Irish Constabulary Football team group portrait (21783395394).jpg,No restrictions,https://commons.wikimedia.org/wiki/File:Royal_Irish_Constabulary_Football_team_group_portrait_(21783395394).jpg,https://thumb.wikimedia.org/wikipedia/commons/thumb/c/ca/Royal_Irish_Constabulary_Football_team_group_portrait_%2821783395394%29.jpg/1280px-Royal_Irish_Constabulary_Football_team_group_portrait_%2821783395394%29.jpg?utm_source=commons.wikimedia.org&utm_campaign=imageinfo&utm_content=thumbnail,417145
hn2_039.jpg,"File:Group photo of the United States clay bird shooting team at the 1912 Summer Olympics, Stockholm.png",Public domain,"https://commons.wikimedia.org/wiki/File:Group_photo_of_the_United_States_clay_bird_shooting_team_at_the_1912_Summer_Olympics,_Stockholm.png",https://upload.wikimedia.org/wikipedia/commons/2/2e/Group_photo_of_the_United_States_clay_bird_shooting_team_at_the_1912_Summer_Olympics%2C_Stockholm.png?utm_source=commons.wikimedia.org&utm_campaign=imageinfo&utm_content=thumbnail_unscaled,619451
hn2_040.jpg,File:Group portrait of a girl's sport team (AM 80173-1).jpg,CC BY 4.0,https://commons.wikimedia.org/wiki/File:Group_portrait_of_a_girl%27s_sport_team_(AM_80173-1).jpg,https://upload.wikimedia.org/wikipedia/commons/2/24/Group_portrait_of_a_girl%27s_sport_team_%28AM_80173-1%29.jpg?utm_source=commons.wikimedia.org&utm_campaign=imageinfo&utm_content=thumbnail_unscaled,782953
hn2_041.jpg,File:Group portrait of a girl's sport team (AM 80171-1).jpg,CC BY 4.0,https://commons.wikimedia.org/wiki/File:Group_portrait_of_a_girl%27s_sport_team_(AM_80171-1).jpg,https://upload.wikimedia.org/wikipedia/commons/2/2c/Group_portrait_of_a_girl%27s_sport_team_%28AM_80171-1%29.jpg?utm_source=commons.wikimedia.org&utm_campaign=imageinfo&utm_content=thumbnail_unscaled,741160
hn2_042.jpg,File:Group portrait of a girl's sport team (AM 80172-1).jpg,CC BY 4.0,https://commons.wikimedia.org/wiki/File:Group_portrait_of_a_girl%27s_sport_team_(AM_80172-1).jpg,https://upload.wikimedia.org/wikipedia/commons/a/af/Group_portrait_of_a_girl%27s_sport_team_%28AM_80172-1%29.jpg?utm_source=commons.wikimedia.org&utm_campaign=imageinfo&utm_content=thumbnail_unscaled,687292
hn2_043.jpg,File:Group portrait of a girl's sport team (AM 80180-1).jpg,CC BY 4.0,https://commons.wikimedia.org/wiki/File:Group_portrait_of_a_girl%27s_sport_team_(AM_80180-1).jpg,https://upload.wikimedia.org/wikipedia/commons/e/e5/Group_portrait_of_a_girl%27s_sport_team_%28AM_80180-1%29.jpg?utm_source=commons.wikimedia.org&utm_campaign=imageinfo&utm_content=thumbnail_unscaled,783513
hn2_044.jpg,"File:20181003 Münsterland Giro, Team Sport Vlaanderen-Baloise (07556).jpg",CC BY-SA 3.0,"https://commons.wikimedia.org/wiki/File:20181003_M%C3%BCnsterland_Giro,_Team_Sport_Vlaanderen-Baloise_(07556).jpg",https://thumb.wikimedia.org/wikipedia/commons/thumb/9/9b/20181003_M%C3%BCnsterland_Giro%2C_Team_Sport_Vlaanderen-Baloise_%2807556%29.jpg/1280px-20181003_M%C3%BCnsterland_Giro%2C_Team_Sport_Vlaanderen-Baloise_%2807556%29.jpg?utm_source=commons.wikimedia.org&utm_campaign=imageinfo&utm_content=thumbnail,298045
hn2_045.jpg,File:School girls of Baozhong Junior High School at the graduation ceremony 20120613.jpg,CC BY 2.0,https://commons.wikimedia.org/wiki/File:School_girls_of_Baozhong_Junior_High_School_at_the_graduation_ceremony_20120613.jpg,https://thumb.wikimedia.org/wikipedia/commons/thumb/6/66/School_girls_of_Baozhong_Junior_High_School_at_the_graduation_ceremony_20120613.jpg/1280px-School_girls_of_Baozhong_Junior_High_School_at_the_graduation_ceremony_20120613.jpg?utm_source=commons.wikimedia.org&utm_campaign=imageinfo&utm_content=thumbnail,454942
hn2_046.jpg,File:80th-rtt-graduation-ceremony 5615674466 o.jpg,Public domain,https://commons.wikimedia.org/wiki/File:80th-rtt-graduation-ceremony_5615674466_o.jpg,https://thumb.wikimedia.org/wikipedia/commons/thumb/2/2c/80th-rtt-graduation-ceremony_5615674466_o.jpg/1280px-80th-rtt-graduation-ceremony_5615674466_o.jpg?utm_source=commons.wikimedia.org&utm_campaign=imageinfo&utm_content=thumbnail,113574
hn2_047.jpg,File:Group photo of graduating cadets of 89th INAC course.jpg,GODL-India,https://commons.wikimedia.org/wiki/File:Group_photo_of_graduating_cadets_of_89th_INAC_course.jpg,https://upload.wikimedia.org/wikipedia/commons/9/9a/Group_photo_of_graduating_cadets_of_89th_INAC_course.jpg?utm_source=commons.wikimedia.org&utm_campaign=imageinfo&utm_content=thumbnail_unscaled,103363
hn2_048.jpg,File:Andrea Campbell speaks at Bunker Hill College 2023 graduation ceremony 349642545.jpg,Public domain,https://commons.wikimedia.org/wiki/File:Andrea_Campbell_speaks_at_Bunker_Hill_College_2023_graduation_ceremony_349642545.jpg,https://thumb.wikimedia.org/wikipedia/commons/thumb/f/f5/Andrea_Campbell_speaks_at_Bunker_Hill_College_2023_graduation_ceremony_349642545.jpg/1280px-Andrea_Campbell_speaks_at_Bunker_Hill_College_2023_graduation_ceremony_349642545.jpg?utm_source=commons.wikimedia.org&utm_campaign=imageinfo&utm_content=thumbnail,165112
hn2_049.jpg,File:Graduation ceremony at the National Huwei Agricultural & Industrial Vocational Senior High School 20150610.jpg,CC BY 2.0,https://commons.wikimedia.org/wiki/File:Graduation_ceremony_at_the_National_Huwei_Agricultural_%26_Industrial_Vocational_Senior_High_School_20150610.jpg,https://thumb.wikimedia.org/wikipedia/commons/thumb/d/de/Graduation_ceremony_at_the_National_Huwei_Agricultural_%26_Industrial_Vocational_Senior_High_School_20150610.jpg/1280px-Graduation_ceremony_at_the_National_Huwei_Agricultural_%26_Industrial_Vocational_Senior_High_School_20150610.jpg?utm_source=commons.wikimedia.org&utm_campaign=imageinfo&utm_content=thumbnail,243474
hn2_050.jpg,File:Basic Leadership Course Graduation Ceremony (4557761).jpg,Public domain,https://commons.wikimedia.org/wiki/File:Basic_Leadership_Course_Graduation_Ceremony_(4557761).jpg,https://thumb.wikimedia.org/wikipedia/commons/thumb/5/50/Basic_Leadership_Course_Graduation_Ceremony_%284557761%29.jpg/1280px-Basic_Leadership_Course_Graduation_Ceremony_%284557761%29.jpg?utm_source=commons.wikimedia.org&utm_campaign=imageinfo&utm_content=thumbnail,307148
hn2_051.jpg,File:Basic Leadership Course Graduation Ceremony (4557760).jpg,Public domain,https://commons.wikimedia.org/wiki/File:Basic_Leadership_Course_Graduation_Ceremony_(4557760).jpg,https://thumb.wikimedia.org/wikipedia/commons/thumb/5/5d/Basic_Leadership_Course_Graduation_Ceremony_%284557760%29.jpg/1280px-Basic_Leadership_Course_Graduation_Ceremony_%284557760%29.jpg?utm_source=commons.wikimedia.org&utm_campaign=imageinfo&utm_content=thumbnail,299323
hn2_052.jpg,File:School girls of Baozhong Junior High School playing recorders at the graduation ceremony 20120613.jpg,CC BY 2.0,https://commons.wikimedia.org/wiki/File:School_girls_of_Baozhong_Junior_High_School_playing_recorders_at_the_graduation_ceremony_20120613.jpg,https://thumb.wikimedia.org/wikipedia/commons/thumb/9/9e/School_girls_of_Baozhong_Junior_High_School_playing_recorders_at_the_graduation_ceremony_20120613.jpg/1280px-School_girls_of_Baozhong_Junior_High_School_playing_recorders_at_the_graduation_ceremony_20120613.jpg?utm_source=commons.wikimedia.org&utm_campaign=imageinfo&utm_content=thumbnail,257850
hn2_053.jpg,File:Group Photo with Flower Board (69750587-ce25-4f04-a4ee-e984ee1ce1bb).jpg,Public domain,https://commons.wikimedia.org/wiki/File:Group_Photo_with_Flower_Board_(69750587-ce25-4f04-a4ee-e984ee1ce1bb).jpg,https://thumb.wikimedia.org/wikipedia/commons/thumb/0/02/Group_Photo_with_Flower_Board_%2869750587-ce25-4f04-a4ee-e984ee1ce1bb%29.jpg/1280px-Group_Photo_with_Flower_Board_%2869750587-ce25-4f04-a4ee-e984ee1ce1bb%29.jpg?utm_source=commons.wikimedia.org&utm_campaign=imageinfo&utm_content=thumbnail,494373
hn2_054.jpg,File:IB Graduation Ceremony at LIS.jpg,CC BY-SA 4.0,https://commons.wikimedia.org/wiki/File:IB_Graduation_Ceremony_at_LIS.jpg,https://thumb.wikimedia.org/wikipedia/commons/thumb/8/86/IB_Graduation_Ceremony_at_LIS.jpg/1280px-IB_Graduation_Ceremony_at_LIS.jpg?utm_source=commons.wikimedia.org&utm_campaign=imageinfo&utm_content=thumbnail,364085
hn2_055.jpg,File:1954 Namirembe Conference delegates Kampala Uganda.jpg,CC BY-SA 4.0,https://commons.wikimedia.org/wiki/File:1954_Namirembe_Conference_delegates_Kampala_Uganda.jpg,https://thumb.wikimedia.org/wikipedia/commons/thumb/5/59/1954_Namirembe_Conference_delegates_Kampala_Uganda.jpg/1280px-1954_Namirembe_Conference_delegates_Kampala_Uganda.jpg?utm_source=commons.wikimedia.org&utm_campaign=imageinfo&utm_content=thumbnail,275061
hn2_056.jpg,"File:Group portrait of Australian delegates to the United Nations conference in San Francisco, 1945 (NLA 146519831).jpg",Public domain,"https://commons.wikimedia.org/wiki/File:Group_portrait_of_Australian_delegates_to_the_United_Nations_conference_in_San_Francisco,_1945_(NLA_146519831).jpg",https://upload.wikimedia.org/wikipedia/commons/d/dc/Group_portrait_of_Australian_delegates_to_the_United_Nations_conference_in_San_Francisco%2C_1945_%28NLA_146519831%29.jpg?utm_source=commons.wikimedia.org&utm_campaign=imageinfo&utm_content=thumbnail_unscaled,72066
hn2_057.jpg,File:SLNSW 13705 Group of delegates sitting down to dinner.jpg,Public domain,https://commons.wikimedia.org/wiki/File:SLNSW_13705_Group_of_delegates_sitting_down_to_dinner.jpg,https://thumb.wikimedia.org/wikipedia/commons/thumb/e/e5/SLNSW_13705_Group_of_delegates_sitting_down_to_dinner.jpg/1280px-SLNSW_13705_Group_of_delegates_sitting_down_to_dinner.jpg?utm_source=commons.wikimedia.org&utm_campaign=imageinfo&utm_content=thumbnail,187285
hn2_058.jpg,"File:Group of Pan-Islamic conference. Gathers at Shunet Nimrin, Transjordan. Group of delegates LOC matpc.03056 (cropped).jpg",Public domain,"https://commons.wikimedia.org/wiki/File:Group_of_Pan-Islamic_conference._Gathers_at_Shunet_Nimrin,_Transjordan._Group_of_delegates_LOC_matpc.03056_(cropped).jpg",https://thumb.wikimedia.org/wikipedia/commons/thumb/b/bd/Group_of_Pan-Islamic_conference._Gathers_at_Shunet_Nimrin%2C_Transjordan._Group_of_delegates_LOC_matpc.03056_%28cropped%29.jpg/1280px-Group_of_Pan-Islamic_conference._Gathers_at_Shunet_Nimrin%2C_Transjordan._Group_of_delegates_LOC_matpc.03056_%28cropped%29.jpg?utm_source=commons.wikimedia.org&utm_campaign=imageinfo&utm_content=thumbnail,183185
hn2_059.jpg,File:Delegates seated around the conference table at Cecilienhof Palace during a session of the Potsdam Conference in... - NARA - 198891.jpg,Public domain,https://commons.wikimedia.org/wiki/File:Delegates_seated_around_the_conference_table_at_Cecilienhof_Palace_during_a_session_of_the_Potsdam_Conference_in..._-_NARA_-_198891.jpg,https://thumb.wikimedia.org/wikipedia/commons/thumb/8/86/Delegates_seated_around_the_conference_table_at_Cecilienhof_Palace_during_a_session_of_the_Potsdam_Conference_in..._-_NARA_-_198891.jpg/1280px-Delegates_seated_around_the_conference_table_at_Cecilienhof_Palace_during_a_session_of_the_Potsdam_Conference_in..._-_NARA_-_198891.jpg?utm_source=commons.wikimedia.org&utm_campaign=imageinfo&utm_content=thumbnail,391016
hn2_060.jpg,File:Delegates of the Potsdam Conference in Germany seated around the conference table. Soviet leader Josef Stalin is... - NARA - 198893.jpg,Public domain,https://commons.wikimedia.org/wiki/File:Delegates_of_the_Potsdam_Conference_in_Germany_seated_around_the_conference_table._Soviet_leader_Josef_Stalin_is..._-_NARA_-_198893.jpg,https://thumb.wikimedia.org/wikipedia/commons/thumb/0/09/Delegates_of_the_Potsdam_Conference_in_Germany_seated_around_the_conference_table._Soviet_leader_Josef_Stalin_is..._-_NARA_-_198893.jpg/1280px-Delegates_of_the_Potsdam_Conference_in_Germany_seated_around_the_conference_table._Soviet_leader_Josef_Stalin_is..._-_NARA_-_198893.jpg?utm_source=commons.wikimedia.org&utm_campaign=imageinfo&utm_content=thumbnail,298954
