sim_t,step,wall_s,nan,inf,reset_ok,reset_fail,cross_env,contact_events,gpu_util,gpu_mem_used
0.0,0,0.4,0,0,0,0,0,0,99 %,8135 MiB
1.0,240,2.4,0,0,0,0,0,128,99 %,8199 MiB
2.0,480,4.5,0,0,0,0,0,256,99 %,8199 MiB
3.0,720,6.6,0,0,0,0,0,384,99 %,8199 MiB
4.0,960,9.0,0,0,0,0,0,512,99 %,8199 MiB
6.0,1440,13.3,0,0,1,0,0,640,99 %,8199 MiB
7.0,1680,15.4,0,0,1,0,0,768,99 %,8199 MiB
8.0,1920,17.6,0,0,1,0,0,896,99 %,8199 MiB
9.0,2160,19.8,0,0,1,0,0,1024,99 %,8199 MiB
11.0,2640,24.1,0,0,2,0,0,1152,99 %,8199 MiB
12.0,2880,26.2,0,0,2,0,0,1280,99 %,8199 MiB
13.0,3120,28.3,0,0,2,0,0,1408,99 %,8199 MiB
14.0,3360,30.6,0,0,2,0,0,1536,99 %,8199 MiB
16.0,3840,35.1,0,0,3,0,0,1664,99 %,8199 MiB
17.0,4080,37.4,0,0,3,0,0,1792,99 %,8199 MiB
18.0,4320,39.8,0,0,3,0,0,1920,99 %,8199 MiB
19.0,4560,42.1,0,0,3,0,0,2048,99 %,8199 MiB
21.0,5040,46.8,0,0,4,0,0,2176,99 %,8199 MiB
22.0,5280,49.1,0,0,4,0,0,2304,99 %,8199 MiB
23.0,5520,51.3,0,0,4,0,0,2432,99 %,8199 MiB
24.0,5760,53.7,0,0,4,0,0,2560,99 %,8199 MiB
26.0,6240,57.9,0,0,5,0,0,2688,99 %,8199 MiB
27.0,6480,60.1,0,0,5,0,0,2816,99 %,8199 MiB
28.0,6720,62.1,0,0,5,0,0,2944,99 %,8199 MiB
29.0,6960,64.2,0,0,5,0,0,3072,99 %,8199 MiB
31.0,7440,68.3,0,0,6,0,0,3200,99 %,8199 MiB
32.0,7680,70.4,0,0,6,0,0,3328,98 %,8199 MiB
33.0,7920,72.6,0,0,6,0,0,3456,99 %,8199 MiB
34.0,8160,74.9,0,0,6,0,0,3584,99 %,8199 MiB
36.0,8640,79.2,0,0,7,0,0,3712,99 %,8199 MiB
37.0,8880,81.4,0,0,7,0,0,3840,99 %,8199 MiB
38.0,9120,83.6,0,0,7,0,0,3968,99 %,8199 MiB
39.0,9360,85.8,0,0,7,0,0,4096,99 %,8199 MiB
41.0,9840,90.3,0,0,8,0,0,4224,99 %,8199 MiB
42.0,10080,92.6,0,0,8,0,0,4352,99 %,8199 MiB
43.0,10320,94.8,0,0,8,0,0,4480,99 %,8199 MiB
44.0,10560,97.1,0,0,8,0,0,4608,99 %,8199 MiB
46.0,11040,101.5,0,0,9,0,0,4736,99 %,8199 MiB
47.0,11280,103.7,0,0,9,0,0,4864,99 %,8199 MiB
48.0,11520,105.9,0,0,9,0,0,4992,99 %,8199 MiB
49.0,11760,108.2,0,0,9,0,0,5120,99 %,8199 MiB
51.0,12240,112.7,0,0,10,0,0,5248,99 %,8199 MiB
52.0,12480,114.9,0,0,10,0,0,5376,99 %,8199 MiB
53.0,12720,117.2,0,0,10,0,0,5504,99 %,8199 MiB
54.0,12960,119.5,0,0,10,0,0,5632,99 %,8199 MiB
56.0,13440,124.1,0,0,11,0,0,5760,99 %,8199 MiB
57.0,13680,126.3,0,0,11,0,0,5888,99 %,8199 MiB
58.0,13920,128.6,0,0,11,0,0,6016,99 %,8199 MiB
59.0,14160,130.8,0,0,11,0,0,6144,99 %,8199 MiB
61.0,14640,135.2,0,0,12,0,0,6272,99 %,8199 MiB
62.0,14880,137.5,0,0,12,0,0,6400,99 %,8199 MiB
63.0,15120,139.7,0,0,12,0,0,6528,99 %,8199 MiB
64.0,15360,142.0,0,0,12,0,0,6656,99 %,8199 MiB
66.0,15840,146.3,0,0,13,0,0,6784,99 %,8199 MiB
67.0,16080,148.6,0,0,13,0,0,6912,99 %,8199 MiB
68.0,16320,150.8,0,0,13,0,0,7040,99 %,8199 MiB
69.0,16560,153.0,0,0,13,0,0,7168,99 %,8199 MiB
71.0,17040,157.8,0,0,14,0,0,7296,99 %,8199 MiB
72.0,17280,160.0,0,0,14,0,0,7424,99 %,8199 MiB
73.0,17520,162.2,0,0,14,0,0,7552,99 %,8199 MiB
74.0,17760,164.5,0,0,14,0,0,7680,99 %,8199 MiB
76.0,18240,169.0,0,0,15,0,0,7808,99 %,8199 MiB
77.0,18480,171.2,0,0,15,0,0,7936,98 %,8199 MiB
78.0,18720,173.4,0,0,15,0,0,8064,99 %,8199 MiB
79.0,18960,175.6,0,0,15,0,0,8192,99 %,8199 MiB
81.0,19440,180.1,0,0,16,0,0,8320,99 %,8199 MiB
82.0,19680,182.3,0,0,16,0,0,8448,99 %,8199 MiB
83.0,19920,184.6,0,0,16,0,0,8576,99 %,8199 MiB
84.0,20160,186.8,0,0,16,0,0,8704,99 %,8199 MiB
86.0,20640,191.2,0,0,17,0,0,8832,98 %,8199 MiB
87.0,20880,193.4,0,0,17,0,0,8960,99 %,8199 MiB
88.0,21120,195.5,0,0,17,0,0,9088,99 %,8199 MiB
89.0,21360,197.7,0,0,17,0,0,9216,99 %,8199 MiB
91.0,21840,202.4,0,0,18,0,0,9344,99 %,8199 MiB
92.0,22080,204.6,0,0,18,0,0,9472,99 %,8199 MiB
93.0,22320,206.9,0,0,18,0,0,9600,99 %,8199 MiB
94.0,22560,209.0,0,0,18,0,0,9728,99 %,8199 MiB
96.0,23040,213.5,0,0,19,0,0,9856,99 %,8199 MiB
97.0,23280,215.7,0,0,19,0,0,9984,99 %,8199 MiB
98.0,23520,217.9,0,0,19,0,0,10112,99 %,8199 MiB
99.0,23760,220.2,0,0,19,0,0,10240,99 %,8199 MiB
101.0,24240,224.5,0,0,20,0,0,10368,99 %,8199 MiB
102.0,24480,226.7,0,0,20,0,0,10496,99 %,8199 MiB
103.0,24720,228.9,0,0,20,0,0,10624,99 %,8199 MiB
104.0,24960,231.1,0,0,20,0,0,10752,99 %,8199 MiB
106.0,25440,235.5,0,0,21,0,0,10880,99 %,8199 MiB
107.0,25680,237.7,0,0,21,0,0,11008,99 %,8199 MiB
108.0,25920,240.0,0,0,21,0,0,11136,99 %,8199 MiB
109.0,26160,242.3,0,0,21,0,0,11264,99 %,8199 MiB
111.0,26640,246.8,0,0,22,0,0,11392,99 %,8199 MiB
112.0,26880,249.1,0,0,22,0,0,11520,99 %,8199 MiB
113.0,27120,251.3,0,0,22,0,0,11648,99 %,8199 MiB
114.0,27360,253.6,0,0,22,0,0,11776,99 %,8199 MiB
116.0,27840,258.2,0,0,23,0,0,11904,99 %,8199 MiB
117.0,28080,260.5,0,0,23,0,0,12032,99 %,8199 MiB
118.0,28320,262.9,0,0,23,0,0,12160,99 %,8199 MiB
119.0,28560,265.2,0,0,23,0,0,12288,99 %,8199 MiB
121.0,29040,269.6,0,0,24,0,0,12416,99 %,8199 MiB
122.0,29280,271.8,0,0,24,0,0,12544,98 %,8199 MiB
123.0,29520,274.0,0,0,24,0,0,12672,99 %,8199 MiB
124.0,29760,276.2,0,0,24,0,0,12800,99 %,8199 MiB
126.0,30240,280.6,0,0,25,0,0,12928,99 %,8199 MiB
127.0,30480,282.8,0,0,25,0,0,13056,99 %,8199 MiB
128.0,30720,285.0,0,0,25,0,0,13184,99 %,8199 MiB
129.0,30960,287.3,0,0,25,0,0,13312,99 %,8199 MiB
131.0,31440,291.6,0,0,26,0,0,13440,99 %,8199 MiB
132.0,31680,293.6,0,0,26,0,0,13568,99 %,8199 MiB
133.0,31920,295.7,0,0,26,0,0,13696,99 %,8199 MiB
134.0,32160,297.7,0,0,26,0,0,13824,99 %,8199 MiB
136.0,32640,302.0,0,0,27,0,0,13952,99 %,8199 MiB
137.0,32880,304.1,0,0,27,0,0,14080,99 %,8199 MiB
138.0,33120,306.2,0,0,27,0,0,14208,99 %,8199 MiB
139.0,33360,308.3,0,0,27,0,0,14336,98 %,8199 MiB
141.0,33840,312.4,0,0,28,0,0,14464,98 %,8199 MiB
142.0,34080,314.5,0,0,28,0,0,14592,99 %,8199 MiB
143.0,34320,316.7,0,0,28,0,0,14720,99 %,8199 MiB
144.0,34560,319.0,0,0,28,0,0,14848,99 %,8199 MiB
146.0,35040,323.3,0,0,29,0,0,14976,99 %,8199 MiB
147.0,35280,325.5,0,0,29,0,0,15104,99 %,8199 MiB
148.0,35520,327.7,0,0,29,0,0,15232,99 %,8199 MiB
149.0,35760,329.9,0,0,29,0,0,15360,99 %,8199 MiB
151.0,36240,334.5,0,0,30,0,0,15488,100 %,8199 MiB
152.0,36480,336.7,0,0,30,0,0,15616,99 %,8199 MiB
153.0,36720,339.0,0,0,30,0,0,15744,99 %,8199 MiB
154.0,36960,341.1,0,0,30,0,0,15872,99 %,8199 MiB
156.0,37440,345.4,0,0,31,0,0,16000,99 %,8199 MiB
157.0,37680,347.7,0,0,31,0,0,16128,99 %,8199 MiB
158.0,37920,349.9,0,0,31,0,0,16256,99 %,8199 MiB
159.0,38160,352.1,0,0,31,0,0,16384,99 %,8199 MiB
161.0,38640,356.6,0,0,32,0,0,16512,99 %,8199 MiB
162.0,38880,358.9,0,0,32,0,0,16640,99 %,8199 MiB
163.0,39120,361.1,0,0,32,0,0,16768,99 %,8199 MiB
164.0,39360,363.3,0,0,32,0,0,16896,99 %,8199 MiB
166.0,39840,367.7,0,0,33,0,0,17024,99 %,8199 MiB
167.0,40080,369.9,0,0,33,0,0,17152,99 %,8199 MiB
168.0,40320,372.2,0,0,33,0,0,17280,99 %,8199 MiB
169.0,40560,374.5,0,0,33,0,0,17408,99 %,8199 MiB
171.0,41040,379.0,0,0,34,0,0,17536,99 %,8199 MiB
172.0,41280,381.3,0,0,34,0,0,17664,99 %,8199 MiB
173.0,41520,383.6,0,0,34,0,0,17792,99 %,8199 MiB
174.0,41760,385.8,0,0,34,0,0,17920,99 %,8199 MiB
176.0,42240,390.3,0,0,35,0,0,18048,99 %,8199 MiB
177.0,42480,392.8,0,0,35,0,0,18176,98 %,8199 MiB
178.0,42720,395.2,0,0,35,0,0,18304,99 %,8199 MiB
179.0,42960,397.5,0,0,35,0,0,18432,99 %,8199 MiB
181.0,43440,402.0,0,0,36,0,0,18560,99 %,8199 MiB
182.0,43680,404.2,0,0,36,0,0,18688,99 %,8199 MiB
183.0,43920,406.5,0,0,36,0,0,18816,99 %,8199 MiB
184.0,44160,408.8,0,0,36,0,0,18944,99 %,8199 MiB
186.0,44640,413.3,0,0,37,0,0,19072,99 %,8199 MiB
187.0,44880,415.5,0,0,37,0,0,19200,99 %,8199 MiB
188.0,45120,417.7,0,0,37,0,0,19328,99 %,8199 MiB
189.0,45360,420.0,0,0,37,0,0,19456,99 %,8199 MiB
191.0,45840,424.5,0,0,38,0,0,19584,99 %,8199 MiB
192.0,46080,426.8,0,0,38,0,0,19712,99 %,8199 MiB
193.0,46320,429.1,0,0,38,0,0,19840,99 %,8199 MiB
194.0,46560,431.4,0,0,38,0,0,19968,99 %,8199 MiB
196.0,47040,436.0,0,0,39,0,0,20096,99 %,8199 MiB
197.0,47280,438.2,0,0,39,0,0,20224,99 %,8199 MiB
198.0,47520,440.5,0,0,39,0,0,20352,99 %,8199 MiB
199.0,47760,442.8,0,0,39,0,0,20480,99 %,8199 MiB
201.0,48240,447.4,0,0,40,0,0,20608,99 %,8199 MiB
202.0,48480,449.6,0,0,40,0,0,20736,99 %,8199 MiB
203.0,48720,452.0,0,0,40,0,0,20864,99 %,8199 MiB
204.0,48960,454.4,0,0,40,0,0,20992,99 %,8199 MiB
206.0,49440,459.2,0,0,41,0,0,21120,99 %,8199 MiB
207.0,49680,461.5,0,0,41,0,0,21248,99 %,8199 MiB
208.0,49920,463.8,0,0,41,0,0,21376,99 %,8199 MiB
209.0,50160,466.2,0,0,41,0,0,21504,99 %,8199 MiB
211.0,50640,470.7,0,0,42,0,0,21632,99 %,8199 MiB
212.0,50880,473.0,0,0,42,0,0,21760,99 %,8199 MiB
213.0,51120,475.2,0,0,42,0,0,21888,99 %,8199 MiB
214.0,51360,477.5,0,0,42,0,0,22016,99 %,8199 MiB
216.0,51840,482.0,0,0,43,0,0,22144,99 %,8199 MiB
217.0,52080,484.3,0,0,43,0,0,22272,99 %,8199 MiB
218.0,52320,486.6,0,0,43,0,0,22400,99 %,8199 MiB
219.0,52560,488.9,0,0,43,0,0,22528,99 %,8199 MiB
221.0,53040,493.2,0,0,44,0,0,22656,99 %,8199 MiB
222.0,53280,495.5,0,0,44,0,0,22784,99 %,8199 MiB
223.0,53520,497.7,0,0,44,0,0,22912,98 %,8199 MiB
224.0,53760,500.0,0,0,44,0,0,23040,99 %,8199 MiB
226.0,54240,504.8,0,0,45,0,0,23168,99 %,8199 MiB
227.0,54480,507.1,0,0,45,0,0,23296,99 %,8199 MiB
228.0,54720,509.4,0,0,45,0,0,23424,99 %,8199 MiB
229.0,54960,511.7,0,0,45,0,0,23552,99 %,8199 MiB
231.0,55440,516.4,0,0,46,0,0,23680,99 %,8199 MiB
232.0,55680,518.8,0,0,46,0,0,23808,99 %,8199 MiB
233.0,55920,521.2,0,0,46,0,0,23936,99 %,8199 MiB
234.0,56160,523.5,0,0,46,0,0,24064,99 %,8199 MiB
236.0,56640,528.2,0,0,47,0,0,24192,99 %,8199 MiB
237.0,56880,530.5,0,0,47,0,0,24320,99 %,8199 MiB
238.0,57120,533.0,0,0,47,0,0,24448,99 %,8199 MiB
239.0,57360,535.4,0,0,47,0,0,24576,99 %,8199 MiB
241.0,57840,540.0,0,0,48,0,0,24704,99 %,8199 MiB
242.0,58080,542.3,0,0,48,0,0,24832,98 %,8199 MiB
243.0,58320,544.6,0,0,48,0,0,24960,99 %,8199 MiB
244.0,58560,546.9,0,0,48,0,0,25088,99 %,8199 MiB
246.0,59040,551.6,0,0,49,0,0,25216,99 %,8199 MiB
247.0,59280,553.8,0,0,49,0,0,25344,99 %,8199 MiB
248.0,59520,556.1,0,0,49,0,0,25472,99 %,8199 MiB
249.0,59760,558.4,0,0,49,0,0,25600,99 %,8199 MiB
251.0,60240,562.8,0,0,50,0,0,25728,99 %,8199 MiB
252.0,60480,565.0,0,0,50,0,0,25856,99 %,8199 MiB
253.0,60720,567.3,0,0,50,0,0,25984,99 %,8199 MiB
254.0,60960,569.8,0,0,50,0,0,26112,99 %,8199 MiB
256.0,61440,574.1,0,0,51,0,0,26240,99 %,8199 MiB
257.0,61680,576.4,0,0,51,0,0,26368,99 %,8199 MiB
258.0,61920,578.6,0,0,51,0,0,26496,99 %,8199 MiB
259.0,62160,580.9,0,0,51,0,0,26624,99 %,8199 MiB
261.0,62640,585.3,0,0,52,0,0,26752,99 %,8199 MiB
262.0,62880,587.5,0,0,52,0,0,26880,99 %,8199 MiB
263.0,63120,589.8,0,0,52,0,0,27008,99 %,8199 MiB
264.0,63360,592.0,0,0,52,0,0,27136,99 %,8199 MiB
266.0,63840,596.3,0,0,53,0,0,27264,99 %,8199 MiB
267.0,64080,598.5,0,0,53,0,0,27392,99 %,8199 MiB
268.0,64320,600.8,0,0,53,0,0,27520,99 %,8199 MiB
269.0,64560,602.9,0,0,53,0,0,27648,99 %,8199 MiB
271.0,65040,607.2,0,0,54,0,0,27776,99 %,8199 MiB
272.0,65280,609.3,0,0,54,0,0,27904,99 %,8199 MiB
273.0,65520,611.4,0,0,54,0,0,28032,99 %,8199 MiB
274.0,65760,613.4,0,0,54,0,0,28160,99 %,8199 MiB
276.0,66240,617.6,0,0,55,0,0,28288,99 %,8199 MiB
277.0,66480,619.7,0,0,55,0,0,28416,99 %,8199 MiB
278.0,66720,621.9,0,0,55,0,0,28544,99 %,8199 MiB
279.0,66960,624.0,0,0,55,0,0,28672,99 %,8199 MiB
281.0,67440,628.3,0,0,56,0,0,28800,99 %,8199 MiB
282.0,67680,630.3,0,0,56,0,0,28928,99 %,8199 MiB
283.0,67920,632.4,0,0,56,0,0,29056,99 %,8199 MiB
284.0,68160,634.8,0,0,56,0,0,29184,99 %,8199 MiB
286.0,68640,639.0,0,0,57,0,0,29312,99 %,8199 MiB
287.0,68880,641.0,0,0,57,0,0,29440,99 %,8199 MiB
288.0,69120,643.1,0,0,57,0,0,29568,99 %,8199 MiB
289.0,69360,645.2,0,0,57,0,0,29696,99 %,8199 MiB
291.0,69840,649.4,0,0,58,0,0,29824,99 %,8199 MiB
292.0,70080,651.5,0,0,58,0,0,29952,99 %,8199 MiB
293.0,70320,653.5,0,0,58,0,0,30080,99 %,8199 MiB
294.0,70560,655.6,0,0,58,0,0,30208,99 %,8199 MiB
296.0,71040,659.8,0,0,59,0,0,30336,99 %,8199 MiB
297.0,71280,662.0,0,0,59,0,0,30464,99 %,8199 MiB
298.0,71520,664.3,0,0,59,0,0,30592,99 %,8199 MiB
299.0,71760,666.6,0,0,59,0,0,30720,99 %,8199 MiB
301.0,72240,671.1,0,0,60,0,0,30848,99 %,8199 MiB
302.0,72480,673.3,0,0,60,0,0,30976,99 %,8199 MiB
303.0,72720,675.5,0,0,60,0,0,31104,99 %,8199 MiB
304.0,72960,677.7,0,0,60,0,0,31232,99 %,8199 MiB
306.0,73440,682.1,0,0,61,0,0,31360,99 %,8199 MiB
307.0,73680,684.3,0,0,61,0,0,31488,99 %,8199 MiB
308.0,73920,686.6,0,0,61,0,0,31616,99 %,8199 MiB
309.0,74160,688.8,0,0,61,0,0,31744,99 %,8199 MiB
311.0,74640,693.2,0,0,62,0,0,31872,99 %,8199 MiB
312.0,74880,695.5,0,0,62,0,0,32000,99 %,8199 MiB
313.0,75120,697.8,0,0,62,0,0,32128,99 %,8199 MiB
314.0,75360,700.0,0,0,62,0,0,32256,99 %,8199 MiB
316.0,75840,704.6,0,0,63,0,0,32384,99 %,8199 MiB
317.0,76080,706.8,0,0,63,0,0,32512,99 %,8199 MiB
318.0,76320,709.1,0,0,63,0,0,32640,99 %,8199 MiB
319.0,76560,711.4,0,0,63,0,0,32768,99 %,8199 MiB
321.0,77040,716.0,0,0,64,0,0,32896,99 %,8199 MiB
322.0,77280,718.2,0,0,64,0,0,33024,99 %,8199 MiB
323.0,77520,720.4,0,0,64,0,0,33152,99 %,8199 MiB
324.0,77760,722.6,0,0,64,0,0,33280,99 %,8199 MiB
326.0,78240,726.9,0,0,65,0,0,33408,99 %,8199 MiB
327.0,78480,729.0,0,0,65,0,0,33536,99 %,8199 MiB
328.0,78720,731.1,0,0,65,0,0,33664,99 %,8199 MiB
329.0,78960,733.3,0,0,65,0,0,33792,99 %,8199 MiB
331.0,79440,737.6,0,0,66,0,0,33920,99 %,8199 MiB
332.0,79680,739.8,0,0,66,0,0,34048,99 %,8199 MiB
333.0,79920,742.0,0,0,66,0,0,34176,99 %,8199 MiB
334.0,80160,744.2,0,0,66,0,0,34304,99 %,8199 MiB
336.0,80640,748.6,0,0,67,0,0,34432,99 %,8199 MiB
337.0,80880,750.7,0,0,67,0,0,34560,99 %,8199 MiB
338.0,81120,753.2,0,0,67,0,0,34688,99 %,8199 MiB
339.0,81360,755.2,0,0,67,0,0,34816,99 %,8199 MiB
341.0,81840,759.5,0,0,68,0,0,34944,99 %,8199 MiB
342.0,82080,761.6,0,0,68,0,0,35072,99 %,8199 MiB
343.0,82320,763.7,0,0,68,0,0,35200,99 %,8199 MiB
344.0,82560,765.8,0,0,68,0,0,35328,99 %,8199 MiB
346.0,83040,769.9,0,0,69,0,0,35456,99 %,8199 MiB
347.0,83280,772.0,0,0,69,0,0,35584,99 %,8199 MiB
348.0,83520,774.1,0,0,69,0,0,35712,99 %,8199 MiB
349.0,83760,776.2,0,0,69,0,0,35840,99 %,8199 MiB
351.0,84240,780.5,0,0,70,0,0,35968,99 %,8199 MiB
352.0,84480,782.5,0,0,70,0,0,36096,99 %,8199 MiB
353.0,84720,784.6,0,0,70,0,0,36224,99 %,8199 MiB
354.0,84960,786.7,0,0,70,0,0,36352,99 %,8199 MiB
356.0,85440,790.9,0,0,71,0,0,36480,99 %,8199 MiB
357.0,85680,792.9,0,0,71,0,0,36608,99 %,8199 MiB
358.0,85920,795.2,0,0,71,0,0,36736,99 %,8199 MiB
359.0,86160,797.3,0,0,71,0,0,36864,99 %,8199 MiB
361.0,86640,801.4,0,0,72,0,0,36992,99 %,8199 MiB
362.0,86880,803.5,0,0,72,0,0,37120,99 %,8199 MiB
363.0,87120,805.6,0,0,72,0,0,37248,99 %,8199 MiB
364.0,87360,807.7,0,0,72,0,0,37376,99 %,8199 MiB
366.0,87840,811.8,0,0,73,0,0,37504,99 %,8199 MiB
367.0,88080,814.0,0,0,73,0,0,37632,99 %,8199 MiB
368.0,88320,816.2,0,0,73,0,0,37760,99 %,8199 MiB
369.0,88560,818.4,0,0,73,0,0,37888,99 %,8199 MiB
371.0,89040,822.8,0,0,74,0,0,38016,99 %,8199 MiB
372.0,89280,825.1,0,0,74,0,0,38144,99 %,8199 MiB
373.0,89520,827.4,0,0,74,0,0,38272,99 %,8199 MiB
374.0,89760,829.7,0,0,74,0,0,38400,99 %,8199 MiB
376.0,90240,834.2,0,0,75,0,0,38528,99 %,8199 MiB
377.0,90480,836.4,0,0,75,0,0,38656,99 %,8199 MiB
378.0,90720,838.6,0,0,75,0,0,38784,99 %,8199 MiB
379.0,90960,840.9,0,0,75,0,0,38912,99 %,8199 MiB
381.0,91440,845.4,0,0,76,0,0,39040,99 %,8199 MiB
382.0,91680,847.6,0,0,76,0,0,39168,99 %,8199 MiB
383.0,91920,849.9,0,0,76,0,0,39296,99 %,8199 MiB
384.0,92160,852.1,0,0,76,0,0,39424,99 %,8199 MiB
386.0,92640,856.5,0,0,77,0,0,39552,99 %,8199 MiB
387.0,92880,858.7,0,0,77,0,0,39680,98 %,8199 MiB
388.0,93120,861.2,0,0,77,0,0,39808,99 %,8199 MiB
389.0,93360,863.4,0,0,77,0,0,39936,99 %,8199 MiB
391.0,93840,867.6,0,0,78,0,0,40064,99 %,8199 MiB
392.0,94080,869.8,0,0,78,0,0,40192,99 %,8199 MiB
393.0,94320,872.0,0,0,78,0,0,40320,99 %,8199 MiB
394.0,94560,874.3,0,0,78,0,0,40448,99 %,8199 MiB
396.0,95040,878.7,0,0,79,0,0,40576,99 %,8199 MiB
397.0,95280,880.9,0,0,79,0,0,40704,99 %,8199 MiB
398.0,95520,883.2,0,0,79,0,0,40832,99 %,8199 MiB
399.0,95760,885.4,0,0,79,0,0,40960,99 %,8199 MiB
401.0,96240,889.8,0,0,80,0,0,41088,99 %,8199 MiB
402.0,96480,892.0,0,0,80,0,0,41216,99 %,8199 MiB
403.0,96720,894.2,0,0,80,0,0,41344,99 %,8199 MiB
404.0,96960,896.5,0,0,80,0,0,41472,99 %,8199 MiB
406.0,97440,900.9,0,0,81,0,0,41600,99 %,8199 MiB
407.0,97680,903.1,0,0,81,0,0,41728,99 %,8199 MiB
408.0,97920,905.3,0,0,81,0,0,41856,99 %,8199 MiB
409.0,98160,907.6,0,0,81,0,0,41984,99 %,8199 MiB
411.0,98640,912.1,0,0,82,0,0,42112,99 %,8199 MiB
412.0,98880,914.3,0,0,82,0,0,42240,99 %,8199 MiB
413.0,99120,916.5,0,0,82,0,0,42368,99 %,8199 MiB
414.0,99360,918.8,0,0,82,0,0,42496,99 %,8199 MiB
416.0,99840,923.5,0,0,83,0,0,42624,99 %,8199 MiB
417.0,100080,925.7,0,0,83,0,0,42752,99 %,8199 MiB
418.0,100320,928.0,0,0,83,0,0,42880,99 %,8199 MiB
419.0,100560,930.3,0,0,83,0,0,43008,99 %,8199 MiB
421.0,101040,934.7,0,0,84,0,0,43136,99 %,8199 MiB
422.0,101280,937.0,0,0,84,0,0,43264,98 %,8199 MiB
423.0,101520,939.2,0,0,84,0,0,43392,99 %,8199 MiB
424.0,101760,941.5,0,0,84,0,0,43520,99 %,8199 MiB
426.0,102240,946.0,0,0,85,0,0,43648,99 %,8199 MiB
427.0,102480,948.2,0,0,85,0,0,43776,99 %,8199 MiB
428.0,102720,950.4,0,0,85,0,0,43904,99 %,8199 MiB
429.0,102960,952.7,0,0,85,0,0,44032,99 %,8199 MiB
431.0,103440,957.2,0,0,86,0,0,44160,99 %,8199 MiB
432.0,103680,959.4,0,0,86,0,0,44288,99 %,8199 MiB
433.0,103920,961.7,0,0,86,0,0,44416,99 %,8199 MiB
434.0,104160,963.9,0,0,86,0,0,44544,99 %,8199 MiB
436.0,104640,968.8,0,0,87,0,0,44672,99 %,8199 MiB
437.0,104880,971.0,0,0,87,0,0,44800,99 %,8199 MiB
438.0,105120,973.3,0,0,87,0,0,44928,99 %,8199 MiB
439.0,105360,975.5,0,0,87,0,0,45056,99 %,8199 MiB
441.0,105840,979.9,0,0,88,0,0,45184,99 %,8199 MiB
442.0,106080,982.2,0,0,88,0,0,45312,99 %,8199 MiB
443.0,106320,984.4,0,0,88,0,0,45440,99 %,8199 MiB
444.0,106560,986.6,0,0,88,0,0,45568,99 %,8199 MiB
446.0,107040,991.1,0,0,89,0,0,45696,99 %,8199 MiB
447.0,107280,993.2,0,0,89,0,0,45824,99 %,8199 MiB
448.0,107520,995.4,0,0,89,0,0,45952,99 %,8199 MiB
449.0,107760,997.7,0,0,89,0,0,46080,99 %,8199 MiB
451.0,108240,1002.1,0,0,90,0,0,46208,99 %,8199 MiB
452.0,108480,1004.5,0,0,90,0,0,46336,99 %,8199 MiB
453.0,108720,1006.8,0,0,90,0,0,46464,99 %,8199 MiB
454.0,108960,1009.0,0,0,90,0,0,46592,99 %,8199 MiB
456.0,109440,1013.4,0,0,91,0,0,46720,99 %,8199 MiB
457.0,109680,1015.6,0,0,91,0,0,46848,99 %,8199 MiB
458.0,109920,1017.8,0,0,91,0,0,46976,99 %,8199 MiB
459.0,110160,1020.1,0,0,91,0,0,47104,99 %,8199 MiB
461.0,110640,1024.6,0,0,92,0,0,47232,99 %,8199 MiB
462.0,110880,1026.8,0,0,92,0,0,47360,99 %,8199 MiB
463.0,111120,1029.1,0,0,92,0,0,47488,99 %,8199 MiB
464.0,111360,1031.3,0,0,92,0,0,47616,99 %,8199 MiB
466.0,111840,1035.8,0,0,93,0,0,47744,99 %,8199 MiB
467.0,112080,1038.1,0,0,93,0,0,47872,99 %,8199 MiB
468.0,112320,1040.3,0,0,93,0,0,48000,99 %,8199 MiB
469.0,112560,1042.5,0,0,93,0,0,48128,99 %,8199 MiB
471.0,113040,1046.9,0,0,94,0,0,48256,99 %,8199 MiB
472.0,113280,1049.1,0,0,94,0,0,48384,99 %,8199 MiB
473.0,113520,1051.3,0,0,94,0,0,48512,99 %,8199 MiB
474.0,113760,1053.8,0,0,94,0,0,48640,99 %,8199 MiB
476.0,114240,1058.2,0,0,95,0,0,48768,99 %,8199 MiB
477.0,114480,1060.4,0,0,95,0,0,48896,99 %,8199 MiB
478.0,114720,1062.6,0,0,95,0,0,49024,99 %,8199 MiB
479.0,114960,1064.8,0,0,95,0,0,49152,99 %,8199 MiB
481.0,115440,1069.1,0,0,96,0,0,49280,99 %,8199 MiB
482.0,115680,1071.2,0,0,96,0,0,49408,99 %,8199 MiB
483.0,115920,1073.3,0,0,96,0,0,49536,99 %,8199 MiB
484.0,116160,1075.4,0,0,96,0,0,49664,99 %,8199 MiB
486.0,116640,1079.6,0,0,97,0,0,49792,99 %,8199 MiB
487.0,116880,1081.7,0,0,97,0,0,49920,99 %,8199 MiB
488.0,117120,1083.8,0,0,97,0,0,50048,99 %,8199 MiB
489.0,117360,1085.8,0,0,97,0,0,50176,99 %,8199 MiB
491.0,117840,1089.9,0,0,98,0,0,50304,99 %,8199 MiB
492.0,118080,1092.0,0,0,98,0,0,50432,99 %,8199 MiB
493.0,118320,1094.1,0,0,98,0,0,50560,99 %,8199 MiB
494.0,118560,1096.3,0,0,98,0,0,50688,99 %,8199 MiB
496.0,119040,1100.6,0,0,99,0,0,50816,99 %,8199 MiB
497.0,119280,1102.7,0,0,99,0,0,50944,98 %,8199 MiB
498.0,119520,1104.8,0,0,99,0,0,51072,99 %,8199 MiB
499.0,119760,1107.0,0,0,99,0,0,51200,99 %,8199 MiB
501.0,120240,1111.4,0,0,100,0,0,51328,99 %,8199 MiB
502.0,120480,1113.4,0,0,100,0,0,51456,99 %,8199 MiB
503.0,120720,1115.8,0,0,100,0,0,51584,99 %,8199 MiB
504.0,120960,1117.9,0,0,100,0,0,51712,99 %,8199 MiB
506.0,121440,1122.0,0,0,101,0,0,51840,99 %,8199 MiB
507.0,121680,1124.1,0,0,101,0,0,51968,99 %,8199 MiB
508.0,121920,1126.3,0,0,101,0,0,52096,99 %,8199 MiB
509.0,122160,1128.5,0,0,101,0,0,52224,99 %,8199 MiB
511.0,122640,1132.8,0,0,102,0,0,52352,98 %,8199 MiB
512.0,122880,1134.9,0,0,102,0,0,52480,99 %,8199 MiB
513.0,123120,1137.0,0,0,102,0,0,52608,99 %,8199 MiB
514.0,123360,1139.2,0,0,102,0,0,52736,99 %,8199 MiB
516.0,123840,1143.6,0,0,103,0,0,52864,99 %,8199 MiB
517.0,124080,1145.7,0,0,103,0,0,52992,99 %,8199 MiB
518.0,124320,1147.8,0,0,103,0,0,53120,99 %,8199 MiB
519.0,124560,1149.9,0,0,103,0,0,53248,99 %,8199 MiB
521.0,125040,1153.9,0,0,104,0,0,53376,99 %,8199 MiB
522.0,125280,1156.0,0,0,104,0,0,53504,99 %,8199 MiB
523.0,125520,1158.2,0,0,104,0,0,53632,99 %,8199 MiB
524.0,125760,1160.3,0,0,104,0,0,53760,99 %,8199 MiB
526.0,126240,1164.4,0,0,105,0,0,53888,99 %,8199 MiB
527.0,126480,1166.5,0,0,105,0,0,54016,99 %,8199 MiB
528.0,126720,1168.7,0,0,105,0,0,54144,99 %,8199 MiB
529.0,126960,1171.1,0,0,105,0,0,54272,99 %,8199 MiB
531.0,127440,1175.5,0,0,106,0,0,54400,99 %,8199 MiB
532.0,127680,1177.7,0,0,106,0,0,54528,99 %,8199 MiB
533.0,127920,1180.0,0,0,106,0,0,54656,99 %,8199 MiB
534.0,128160,1182.2,0,0,106,0,0,54784,99 %,8199 MiB
536.0,128640,1186.6,0,0,107,0,0,54912,99 %,8199 MiB
537.0,128880,1188.8,0,0,107,0,0,55040,99 %,8199 MiB
538.0,129120,1191.0,0,0,107,0,0,55168,99 %,8199 MiB
539.0,129360,1193.2,0,0,107,0,0,55296,99 %,8199 MiB
541.0,129840,1197.7,0,0,108,0,0,55424,99 %,8199 MiB
542.0,130080,1199.9,0,0,108,0,0,55552,99 %,8199 MiB
543.0,130320,1202.1,0,0,108,0,0,55680,99 %,8199 MiB
544.0,130560,1204.3,0,0,108,0,0,55808,99 %,8199 MiB
546.0,131040,1208.8,0,0,109,0,0,55936,99 %,8199 MiB
547.0,131280,1211.1,0,0,109,0,0,56064,99 %,8199 MiB
548.0,131520,1213.3,0,0,109,0,0,56192,97 %,8199 MiB
549.0,131760,1215.5,0,0,109,0,0,56320,99 %,8199 MiB
551.0,132240,1220.1,0,0,110,0,0,56448,99 %,8199 MiB
552.0,132480,1222.3,0,0,110,0,0,56576,99 %,8199 MiB
553.0,132720,1224.6,0,0,110,0,0,56704,99 %,8199 MiB
554.0,132960,1227.0,0,0,110,0,0,56832,99 %,8199 MiB
556.0,133440,1231.6,0,0,111,0,0,56960,98 %,8199 MiB
557.0,133680,1233.9,0,0,111,0,0,57088,99 %,8199 MiB
558.0,133920,1236.1,0,0,111,0,0,57216,99 %,8199 MiB
559.0,134160,1238.3,0,0,111,0,0,57344,99 %,8199 MiB
561.0,134640,1243.0,0,0,112,0,0,57472,99 %,8199 MiB
562.0,134880,1245.2,0,0,112,0,0,57600,99 %,8199 MiB
563.0,135120,1247.5,0,0,112,0,0,57728,99 %,8199 MiB
564.0,135360,1249.7,0,0,112,0,0,57856,98 %,8199 MiB
566.0,135840,1254.1,0,0,113,0,0,57984,99 %,8199 MiB
567.0,136080,1256.2,0,0,113,0,0,58112,99 %,8199 MiB
568.0,136320,1258.3,0,0,113,0,0,58240,99 %,8199 MiB
569.0,136560,1260.4,0,0,113,0,0,58368,99 %,8199 MiB
571.0,137040,1264.6,0,0,114,0,0,58496,99 %,8199 MiB
572.0,137280,1266.7,0,0,114,0,0,58624,99 %,8199 MiB
573.0,137520,1268.9,0,0,114,0,0,58752,99 %,8199 MiB
574.0,137760,1271.1,0,0,114,0,0,58880,99 %,8199 MiB
576.0,138240,1275.7,0,0,115,0,0,59008,99 %,8199 MiB
577.0,138480,1277.8,0,0,115,0,0,59136,99 %,8199 MiB
578.0,138720,1280.1,0,0,115,0,0,59264,99 %,8199 MiB
579.0,138960,1282.4,0,0,115,0,0,59392,99 %,8199 MiB
581.0,139440,1286.9,0,0,116,0,0,59520,99 %,8199 MiB
582.0,139680,1289.2,0,0,116,0,0,59648,99 %,8199 MiB
583.0,139920,1291.4,0,0,116,0,0,59776,99 %,8199 MiB
584.0,140160,1293.5,0,0,116,0,0,59904,99 %,8199 MiB
586.0,140640,1297.9,0,0,117,0,0,60032,99 %,8199 MiB
587.0,140880,1300.1,0,0,117,0,0,60160,99 %,8199 MiB
588.0,141120,1302.4,0,0,117,0,0,60288,99 %,8199 MiB
589.0,141360,1304.8,0,0,117,0,0,60416,99 %,8199 MiB
591.0,141840,1309.5,0,0,118,0,0,60544,99 %,8199 MiB
592.0,142080,1311.7,0,0,118,0,0,60672,99 %,8199 MiB
593.0,142320,1313.8,0,0,118,0,0,60800,99 %,8199 MiB
594.0,142560,1316.0,0,0,118,0,0,60928,99 %,8199 MiB
596.0,143040,1320.2,0,0,119,0,0,61056,99 %,8199 MiB
597.0,143280,1322.3,0,0,119,0,0,61184,97 %,8199 MiB
598.0,143520,1324.4,0,0,119,0,0,61312,97 %,8199 MiB
599.0,143760,1326.4,0,0,119,0,0,61440,99 %,8199 MiB
