kind,checkpoint,metric,unit,scope,bin_lo,bin_hi,count,share,mode,mean,median,std,P10,P25,P50,P75,P90
histogram,a_best,dh,px1024,ALL,,-4,38,0.013562,,,,,,,,,
histogram,a_best,dh,px1024,ALL,-4,-3,19,0.006781,,,,,,,,,
histogram,a_best,dh,px1024,ALL,-3,-2,45,0.01606,,,,,,,,,
histogram,a_best,dh,px1024,ALL,-2,-1.5,35,0.012491,,,,,,,,,
histogram,a_best,dh,px1024,ALL,-1.5,-1,70,0.024982,,,,,,,,,
histogram,a_best,dh,px1024,ALL,-1,-0.5,97,0.034618,,,,,,,,,
histogram,a_best,dh,px1024,ALL,-0.5,0.5,471,0.168094,,,,,,,,,
histogram,a_best,dh,px1024,ALL,0.5,1,374,0.133476,,,,,,,,,
histogram,a_best,dh,px1024,ALL,1,1.5,424,0.15132,,,,,,,,,
histogram,a_best,dh,px1024,ALL,1.5,2,430,0.153462,,,,,,,,,
histogram,a_best,dh,px1024,ALL,2,3,486,0.173448,,,,,,,,,
histogram,a_best,dh,px1024,ALL,3,4,192,0.068522,,,,,,,,,
histogram,a_best,dh,px1024,ALL,4,,121,0.043183,,,,,,,,,
summary,a_best,dh,px1024,ALL,,,2802,,1.0,1.253143,1.282031,2.182784,-0.623553,0.389922,1.282031,2.170806,3.11021
summary,a_best,dh_mode_count,px1024,ALL,,,798,,1.0,,,,,,,,
share,a_best,"share_dh_px1024_(0.5,1.5]",px1024,ALL,,,798,0.284797,,,,,,,,,
share,a_best,"share_dh_px1024_(1.5,2.5]",px1024,ALL,,,713,0.254461,,,,,,,,,
share,a_best,"share_dh_px1024_[-0.5,0.5]",px1024,ALL,,,471,0.168094,,,,,,,,,
histogram,a_best,dw,px1024,ALL,,-4,220,0.078515,,,,,,,,,
histogram,a_best,dw,px1024,ALL,-4,-3,100,0.035689,,,,,,,,,
histogram,a_best,dw,px1024,ALL,-3,-2,185,0.066024,,,,,,,,,
histogram,a_best,dw,px1024,ALL,-2,-1.5,133,0.047466,,,,,,,,,
histogram,a_best,dw,px1024,ALL,-1.5,-1,179,0.063883,,,,,,,,,
histogram,a_best,dw,px1024,ALL,-1,-0.5,247,0.088151,,,,,,,,,
histogram,a_best,dw,px1024,ALL,-0.5,0.5,669,0.238758,,,,,,,,,
histogram,a_best,dw,px1024,ALL,0.5,1,288,0.102784,,,,,,,,,
histogram,a_best,dw,px1024,ALL,1,1.5,259,0.092434,,,,,,,,,
histogram,a_best,dw,px1024,ALL,1.5,2,171,0.061028,,,,,,,,,
histogram,a_best,dw,px1024,ALL,2,3,222,0.079229,,,,,,,,,
histogram,a_best,dw,px1024,ALL,3,4,70,0.024982,,,,,,,,,
histogram,a_best,dw,px1024,ALL,4,,59,0.021056,,,,,,,,,
summary,a_best,dw,px1024,ALL,,,2802,,-0.0,-0.356093,0.00802,2.762349,-3.267938,-1.320373,0.00802,1.139007,2.204205
histogram,a_best,dh_orig,px_orig,ALL,,-4,92,0.032834,,,,,,,,,
histogram,a_best,dh_orig,px_orig,ALL,-4,-3,31,0.011064,,,,,,,,,
histogram,a_best,dh_orig,px_orig,ALL,-3,-2,69,0.024625,,,,,,,,,
histogram,a_best,dh_orig,px_orig,ALL,-2,-1.5,39,0.013919,,,,,,,,,
histogram,a_best,dh_orig,px_orig,ALL,-1.5,-1,60,0.021413,,,,,,,,,
histogram,a_best,dh_orig,px_orig,ALL,-1,-0.5,82,0.029265,,,,,,,,,
histogram,a_best,dh_orig,px_orig,ALL,-0.5,0.5,253,0.090293,,,,,,,,,
histogram,a_best,dh_orig,px_orig,ALL,0.5,1,174,0.062099,,,,,,,,,
histogram,a_best,dh_orig,px_orig,ALL,1,1.5,177,0.063169,,,,,,,,,
histogram,a_best,dh_orig,px_orig,ALL,1.5,2,222,0.079229,,,,,,,,,
histogram,a_best,dh_orig,px_orig,ALL,2,3,468,0.167024,,,,,,,,,
histogram,a_best,dh_orig,px_orig,ALL,3,4,421,0.15025,,,,,,,,,
histogram,a_best,dh_orig,px_orig,ALL,4,,714,0.254818,,,,,,,,,
summary,a_best,dh_orig,px_orig,ALL,,,2802,,2.0,2.348089,2.399323,4.071932,-1.066414,0.72703,2.399323,4.063934,5.830084
histogram,a_best,dw_orig,px_orig,ALL,,-4,472,0.168451,,,,,,,,,
histogram,a_best,dw_orig,px_orig,ALL,-4,-3,132,0.047109,,,,,,,,,
histogram,a_best,dw_orig,px_orig,ALL,-3,-2,185,0.066024,,,,,,,,,
histogram,a_best,dw_orig,px_orig,ALL,-2,-1.5,111,0.039615,,,,,,,,,
histogram,a_best,dw_orig,px_orig,ALL,-1.5,-1,142,0.050678,,,,,,,,,
histogram,a_best,dw_orig,px_orig,ALL,-1,-0.5,170,0.060671,,,,,,,,,
histogram,a_best,dw_orig,px_orig,ALL,-0.5,0.5,360,0.12848,,,,,,,,,
histogram,a_best,dw_orig,px_orig,ALL,0.5,1,185,0.066024,,,,,,,,,
histogram,a_best,dw_orig,px_orig,ALL,1,1.5,147,0.052463,,,,,,,,,
histogram,a_best,dw_orig,px_orig,ALL,1.5,2,165,0.058887,,,,,,,,,
histogram,a_best,dw_orig,px_orig,ALL,2,3,252,0.089936,,,,,,,,,
histogram,a_best,dw_orig,px_orig,ALL,3,4,182,0.064954,,,,,,,,,
histogram,a_best,dw_orig,px_orig,ALL,4,,299,0.106709,,,,,,,,,
summary,a_best,dw_orig,px_orig,ALL,,,2802,,-0.0,-0.671685,0.015038,5.157153,-6.125599,-2.470574,0.015038,2.088658,4.108123
histogram,a_best,h_rel,rel,ALL,,-0.5,0,0.0,,,,,,,,,
histogram,a_best,h_rel,rel,ALL,-0.5,-0.25,4,0.001428,,,,,,,,,
histogram,a_best,h_rel,rel,ALL,-0.25,-0.1,91,0.032477,,,,,,,,,
histogram,a_best,h_rel,rel,ALL,-0.1,-0.05,114,0.040685,,,,,,,,,
histogram,a_best,h_rel,rel,ALL,-0.05,-0.02,140,0.049964,,,,,,,,,
histogram,a_best,h_rel,rel,ALL,-0.02,0.02,306,0.109208,,,,,,,,,
histogram,a_best,h_rel,rel,ALL,0.02,0.05,316,0.112777,,,,,,,,,
histogram,a_best,h_rel,rel,ALL,0.05,0.1,594,0.211991,,,,,,,,,
histogram,a_best,h_rel,rel,ALL,0.1,0.25,1035,0.369379,,,,,,,,,
histogram,a_best,h_rel,rel,ALL,0.25,0.5,195,0.069593,,,,,,,,,
histogram,a_best,h_rel,rel,ALL,0.5,,7,0.002498,,,,,,,,,
summary,a_best,h_rel,rel,ALL,,,2802,,0.07,0.091922,0.087059,0.10852,-0.032731,0.023733,0.087059,0.154047,0.225075
histogram,a_best,w_rel,rel,ALL,,-0.5,0,0.0,,,,,,,,,
histogram,a_best,w_rel,rel,ALL,-0.5,-0.25,71,0.025339,,,,,,,,,
histogram,a_best,w_rel,rel,ALL,-0.25,-0.1,356,0.127052,,,,,,,,,
histogram,a_best,w_rel,rel,ALL,-0.1,-0.05,357,0.127409,,,,,,,,,
histogram,a_best,w_rel,rel,ALL,-0.05,-0.02,333,0.118844,,,,,,,,,
histogram,a_best,w_rel,rel,ALL,-0.02,0.02,534,0.190578,,,,,,,,,
histogram,a_best,w_rel,rel,ALL,0.02,0.05,353,0.125981,,,,,,,,,
histogram,a_best,w_rel,rel,ALL,0.05,0.1,427,0.152391,,,,,,,,,
histogram,a_best,w_rel,rel,ALL,0.1,0.25,326,0.116345,,,,,,,,,
histogram,a_best,w_rel,rel,ALL,0.25,0.5,44,0.015703,,,,,,,,,
histogram,a_best,w_rel,rel,ALL,0.5,,1,0.000357,,,,,,,,,
summary,a_best,w_rel,rel,ALL,,,2802,,-0.02,-0.002159,0.000485,0.10898,-0.133999,-0.05779,0.000485,0.060364,0.11839
histogram,b_best,dh,px1024,ALL,,-4,28,0.011015,,,,,,,,,
histogram,b_best,dh,px1024,ALL,-4,-3,19,0.007474,,,,,,,,,
histogram,b_best,dh,px1024,ALL,-3,-2,24,0.009441,,,,,,,,,
histogram,b_best,dh,px1024,ALL,-2,-1.5,27,0.010622,,,,,,,,,
histogram,b_best,dh,px1024,ALL,-1.5,-1,41,0.016129,,,,,,,,,
histogram,b_best,dh,px1024,ALL,-1,-0.5,89,0.035012,,,,,,,,,
histogram,b_best,dh,px1024,ALL,-0.5,0.5,381,0.149882,,,,,,,,,
histogram,b_best,dh,px1024,ALL,0.5,1,370,0.145555,,,,,,,,,
histogram,b_best,dh,px1024,ALL,1,1.5,471,0.185287,,,,,,,,,
histogram,b_best,dh,px1024,ALL,1.5,2,450,0.177026,,,,,,,,,
histogram,b_best,dh,px1024,ALL,2,3,471,0.185287,,,,,,,,,
histogram,b_best,dh,px1024,ALL,3,4,116,0.045633,,,,,,,,,
histogram,b_best,dh,px1024,ALL,4,,55,0.021637,,,,,,,,,
summary,b_best,dh,px1024,ALL,,,2542,,1.0,1.252411,1.308194,2.086653,-0.339875,0.539806,1.308194,2.010503,2.729705
summary,b_best,dh_mode_count,px1024,ALL,,,841,,1.0,,,,,,,,
share,b_best,"share_dh_px1024_(0.5,1.5]",px1024,ALL,,,841,0.330842,,,,,,,,,
share,b_best,"share_dh_px1024_(1.5,2.5]",px1024,ALL,,,736,0.289536,,,,,,,,,
share,b_best,"share_dh_px1024_[-0.5,0.5]",px1024,ALL,,,381,0.149882,,,,,,,,,
histogram,b_best,dw,px1024,ALL,,-4,165,0.06491,,,,,,,,,
histogram,b_best,dw,px1024,ALL,-4,-3,88,0.034618,,,,,,,,,
histogram,b_best,dw,px1024,ALL,-3,-2,137,0.053895,,,,,,,,,
histogram,b_best,dw,px1024,ALL,-2,-1.5,124,0.04878,,,,,,,,,
histogram,b_best,dw,px1024,ALL,-1.5,-1,141,0.055468,,,,,,,,,
histogram,b_best,dw,px1024,ALL,-1,-0.5,249,0.097954,,,,,,,,,
histogram,b_best,dw,px1024,ALL,-0.5,0.5,662,0.260425,,,,,,,,,
histogram,b_best,dw,px1024,ALL,0.5,1,320,0.125885,,,,,,,,,
histogram,b_best,dw,px1024,ALL,1,1.5,230,0.09048,,,,,,,,,
histogram,b_best,dw,px1024,ALL,1.5,2,147,0.057828,,,,,,,,,
histogram,b_best,dw,px1024,ALL,2,3,179,0.070417,,,,,,,,,
histogram,b_best,dw,px1024,ALL,3,4,57,0.022423,,,,,,,,,
histogram,b_best,dw,px1024,ALL,4,,43,0.016916,,,,,,,,,
summary,b_best,dw,px1024,ALL,,,2542,,-0.0,-0.260237,0.050081,2.557617,-2.98409,-1.05678,0.050081,1.035538,2.084432
histogram,b_best,dh_orig,px_orig,ALL,,-4,65,0.02557,,,,,,,,,
histogram,b_best,dh_orig,px_orig,ALL,-4,-3,26,0.010228,,,,,,,,,
histogram,b_best,dh_orig,px_orig,ALL,-3,-2,39,0.015342,,,,,,,,,
histogram,b_best,dh_orig,px_orig,ALL,-2,-1.5,33,0.012982,,,,,,,,,
histogram,b_best,dh_orig,px_orig,ALL,-1.5,-1,52,0.020456,,,,,,,,,
histogram,b_best,dh_orig,px_orig,ALL,-1,-0.5,59,0.02321,,,,,,,,,
histogram,b_best,dh_orig,px_orig,ALL,-0.5,0.5,208,0.081825,,,,,,,,,
histogram,b_best,dh_orig,px_orig,ALL,0.5,1,153,0.060189,,,,,,,,,
histogram,b_best,dh_orig,px_orig,ALL,1,1.5,190,0.074744,,,,,,,,,
histogram,b_best,dh_orig,px_orig,ALL,1.5,2,229,0.090087,,,,,,,,,
histogram,b_best,dh_orig,px_orig,ALL,2,3,497,0.195515,,,,,,,,,
histogram,b_best,dh_orig,px_orig,ALL,3,4,453,0.178206,,,,,,,,,
histogram,b_best,dh_orig,px_orig,ALL,4,,538,0.211644,,,,,,,,,
summary,b_best,dh_orig,px_orig,ALL,,,2542,,3.0,2.336828,2.448198,3.89506,-0.633878,1.002307,2.448198,3.767278,5.114175
histogram,b_best,dw_orig,px_orig,ALL,,-4,361,0.142014,,,,,,,,,
histogram,b_best,dw_orig,px_orig,ALL,-4,-3,122,0.047994,,,,,,,,,
histogram,b_best,dw_orig,px_orig,ALL,-3,-2,148,0.058222,,,,,,,,,
histogram,b_best,dw_orig,px_orig,ALL,-2,-1.5,91,0.035799,,,,,,,,,
histogram,b_best,dw_orig,px_orig,ALL,-1.5,-1,154,0.060582,,,,,,,,,
histogram,b_best,dw_orig,px_orig,ALL,-1,-0.5,172,0.067663,,,,,,,,,
histogram,b_best,dw_orig,px_orig,ALL,-0.5,0.5,369,0.145161,,,,,,,,,
histogram,b_best,dw_orig,px_orig,ALL,0.5,1,179,0.070417,,,,,,,,,
histogram,b_best,dw_orig,px_orig,ALL,1,1.5,173,0.068057,,,,,,,,,
histogram,b_best,dw_orig,px_orig,ALL,1.5,2,160,0.062943,,,,,,,,,
histogram,b_best,dw_orig,px_orig,ALL,2,3,230,0.09048,,,,,,,,,
histogram,b_best,dw_orig,px_orig,ALL,3,4,152,0.059795,,,,,,,,,
histogram,b_best,dw_orig,px_orig,ALL,4,,231,0.090873,,,,,,,,,
summary,b_best,dw_orig,px_orig,ALL,,,2542,,-0.0,-0.50166,0.093903,4.777391,-5.584931,-1.978534,0.093903,1.925666,3.859782
histogram,b_best,h_rel,rel,ALL,,-0.5,0,0.0,,,,,,,,,
histogram,b_best,h_rel,rel,ALL,-0.5,-0.25,3,0.00118,,,,,,,,,
histogram,b_best,h_rel,rel,ALL,-0.25,-0.1,54,0.021243,,,,,,,,,
histogram,b_best,h_rel,rel,ALL,-0.1,-0.05,76,0.029898,,,,,,,,,
histogram,b_best,h_rel,rel,ALL,-0.05,-0.02,121,0.0476,,,,,,,,,
histogram,b_best,h_rel,rel,ALL,-0.02,0.02,251,0.098741,,,,,,,,,
histogram,b_best,h_rel,rel,ALL,0.02,0.05,283,0.11133,,,,,,,,,
histogram,b_best,h_rel,rel,ALL,0.05,0.1,608,0.239182,,,,,,,,,
histogram,b_best,h_rel,rel,ALL,0.1,0.25,1036,0.407553,,,,,,,,,
histogram,b_best,h_rel,rel,ALL,0.25,0.5,104,0.040913,,,,,,,,,
histogram,b_best,h_rel,rel,ALL,0.5,,6,0.00236,,,,,,,,,
summary,b_best,h_rel,rel,ALL,,,2542,,0.11,0.091802,0.08899,0.095157,-0.01997,0.033532,0.08899,0.146382,0.205404
histogram,b_best,w_rel,rel,ALL,,-0.5,0,0.0,,,,,,,,,
histogram,b_best,w_rel,rel,ALL,-0.5,-0.25,48,0.018883,,,,,,,,,
histogram,b_best,w_rel,rel,ALL,-0.25,-0.1,291,0.114477,,,,,,,,,
histogram,b_best,w_rel,rel,ALL,-0.1,-0.05,301,0.118411,,,,,,,,,
histogram,b_best,w_rel,rel,ALL,-0.05,-0.02,316,0.124312,,,,,,,,,
histogram,b_best,w_rel,rel,ALL,-0.02,0.02,535,0.210464,,,,,,,,,
histogram,b_best,w_rel,rel,ALL,0.02,0.05,380,0.149489,,,,,,,,,
histogram,b_best,w_rel,rel,ALL,0.05,0.1,352,0.138474,,,,,,,,,
histogram,b_best,w_rel,rel,ALL,0.1,0.25,282,0.110936,,,,,,,,,
histogram,b_best,w_rel,rel,ALL,0.25,0.5,34,0.013375,,,,,,,,,
histogram,b_best,w_rel,rel,ALL,0.5,,3,0.00118,,,,,,,,,
summary,b_best,w_rel,rel,ALL,,,2542,,-0.02,0.000256,0.002534,0.102534,-0.123407,-0.050315,0.002534,0.054591,0.113726
histogram,b_last,dh,px1024,ALL,,-4,20,0.010173,,,,,,,,,
histogram,b_last,dh,px1024,ALL,-4,-3,14,0.007121,,,,,,,,,
histogram,b_last,dh,px1024,ALL,-3,-2,23,0.011699,,,,,,,,,
histogram,b_last,dh,px1024,ALL,-2,-1.5,33,0.016785,,,,,,,,,
histogram,b_last,dh,px1024,ALL,-1.5,-1,47,0.023906,,,,,,,,,
histogram,b_last,dh,px1024,ALL,-1,-0.5,83,0.042218,,,,,,,,,
histogram,b_last,dh,px1024,ALL,-0.5,0.5,340,0.17294,,,,,,,,,
histogram,b_last,dh,px1024,ALL,0.5,1,237,0.120549,,,,,,,,,
histogram,b_last,dh,px1024,ALL,1,1.5,297,0.151068,,,,,,,,,
histogram,b_last,dh,px1024,ALL,1.5,2,324,0.164802,,,,,,,,,
histogram,b_last,dh,px1024,ALL,2,3,404,0.205493,,,,,,,,,
histogram,b_last,dh,px1024,ALL,3,4,110,0.055951,,,,,,,,,
histogram,b_last,dh,px1024,ALL,4,,34,0.017294,,,,,,,,,
summary,b_last,dh,px1024,ALL,,,1966,,2.0,1.249628,1.314518,2.676967,-0.596608,0.360836,1.314518,2.108777,2.754867
summary,b_last,dh_mode_count,px1024,ALL,,,576,,2.0,,,,,,,,
share,b_last,"share_dh_px1024_(0.5,1.5]",px1024,ALL,,,534,0.271617,,,,,,,,,
share,b_last,"share_dh_px1024_(1.5,2.5]",px1024,ALL,,,576,0.292981,,,,,,,,,
share,b_last,"share_dh_px1024_[-0.5,0.5]",px1024,ALL,,,340,0.17294,,,,,,,,,
histogram,b_last,dw,px1024,ALL,,-4,105,0.053408,,,,,,,,,
histogram,b_last,dw,px1024,ALL,-4,-3,71,0.036114,,,,,,,,,
histogram,b_last,dw,px1024,ALL,-3,-2,93,0.047304,,,,,,,,,
histogram,b_last,dw,px1024,ALL,-2,-1.5,114,0.057986,,,,,,,,,
histogram,b_last,dw,px1024,ALL,-1.5,-1,185,0.0941,,,,,,,,,
histogram,b_last,dw,px1024,ALL,-1,-0.5,213,0.108342,,,,,,,,,
histogram,b_last,dw,px1024,ALL,-0.5,0.5,527,0.268057,,,,,,,,,
histogram,b_last,dw,px1024,ALL,0.5,1,209,0.106307,,,,,,,,,
histogram,b_last,dw,px1024,ALL,1,1.5,157,0.079858,,,,,,,,,
histogram,b_last,dw,px1024,ALL,1.5,2,142,0.072228,,,,,,,,,
histogram,b_last,dw,px1024,ALL,2,3,99,0.050356,,,,,,,,,
histogram,b_last,dw,px1024,ALL,3,4,29,0.014751,,,,,,,,,
histogram,b_last,dw,px1024,ALL,4,,22,0.01119,,,,,,,,,
summary,b_last,dw,px1024,ALL,,,1966,,0.0,-0.300806,-0.053955,2.561357,-2.697966,-1.185557,-0.053955,0.881328,1.798177
histogram,b_last,dh_orig,px_orig,ALL,,-4,55,0.027976,,,,,,,,,
histogram,b_last,dh_orig,px_orig,ALL,-4,-3,28,0.014242,,,,,,,,,
histogram,b_last,dh_orig,px_orig,ALL,-3,-2,48,0.024415,,,,,,,,,
histogram,b_last,dh_orig,px_orig,ALL,-2,-1.5,31,0.015768,,,,,,,,,
histogram,b_last,dh_orig,px_orig,ALL,-1.5,-1,49,0.024924,,,,,,,,,
histogram,b_last,dh_orig,px_orig,ALL,-1,-0.5,55,0.027976,,,,,,,,,
histogram,b_last,dh_orig,px_orig,ALL,-0.5,0.5,191,0.097152,,,,,,,,,
histogram,b_last,dh_orig,px_orig,ALL,0.5,1,120,0.061038,,,,,,,,,
histogram,b_last,dh_orig,px_orig,ALL,1,1.5,120,0.061038,,,,,,,,,
histogram,b_last,dh_orig,px_orig,ALL,1.5,2,146,0.074262,,,,,,,,,
histogram,b_last,dh_orig,px_orig,ALL,2,3,336,0.170905,,,,,,,,,
histogram,b_last,dh_orig,px_orig,ALL,3,4,315,0.160224,,,,,,,,,
histogram,b_last,dh_orig,px_orig,ALL,4,,472,0.240081,,,,,,,,,
summary,b_last,dh_orig,px_orig,ALL,,,1966,,3.0,2.332978,2.461792,5.01131,-1.088254,0.666405,2.461792,3.951618,5.159271
histogram,b_last,dw_orig,px_orig,ALL,,-4,252,0.128179,,,,,,,,,
histogram,b_last,dw_orig,px_orig,ALL,-4,-3,103,0.052391,,,,,,,,,
histogram,b_last,dw_orig,px_orig,ALL,-3,-2,190,0.096643,,,,,,,,,
histogram,b_last,dw_orig,px_orig,ALL,-2,-1.5,99,0.050356,,,,,,,,,
histogram,b_last,dw_orig,px_orig,ALL,-1.5,-1,119,0.060529,,,,,,,,,
histogram,b_last,dw_orig,px_orig,ALL,-1,-0.5,119,0.060529,,,,,,,,,
histogram,b_last,dw_orig,px_orig,ALL,-0.5,0.5,306,0.155646,,,,,,,,,
histogram,b_last,dw_orig,px_orig,ALL,0.5,1,134,0.068159,,,,,,,,,
histogram,b_last,dw_orig,px_orig,ALL,1,1.5,134,0.068159,,,,,,,,,
histogram,b_last,dw_orig,px_orig,ALL,1.5,2,95,0.048321,,,,,,,,,
histogram,b_last,dw_orig,px_orig,ALL,2,3,168,0.085453,,,,,,,,,
histogram,b_last,dw_orig,px_orig,ALL,3,4,123,0.062564,,,,,,,,,
histogram,b_last,dw_orig,px_orig,ALL,4,,124,0.063072,,,,,,,,,
summary,b_last,dw_orig,px_orig,ALL,,,1966,,-0.0,-0.57371,-0.101165,4.787625,-5.04601,-2.203353,-0.101165,1.600007,3.295524
histogram,b_last,h_rel,rel,ALL,,-0.5,0,0.0,,,,,,,,,
histogram,b_last,h_rel,rel,ALL,-0.5,-0.25,0,0.0,,,,,,,,,
histogram,b_last,h_rel,rel,ALL,-0.25,-0.1,38,0.019329,,,,,,,,,
histogram,b_last,h_rel,rel,ALL,-0.1,-0.05,110,0.055951,,,,,,,,,
histogram,b_last,h_rel,rel,ALL,-0.05,-0.02,95,0.048321,,,,,,,,,
histogram,b_last,h_rel,rel,ALL,-0.02,0.02,242,0.123093,,,,,,,,,
histogram,b_last,h_rel,rel,ALL,0.02,0.05,187,0.095117,,,,,,,,,
histogram,b_last,h_rel,rel,ALL,0.05,0.1,357,0.181587,,,,,,,,,
histogram,b_last,h_rel,rel,ALL,0.1,0.25,819,0.416582,,,,,,,,,
histogram,b_last,h_rel,rel,ALL,0.25,0.5,115,0.058494,,,,,,,,,
histogram,b_last,h_rel,rel,ALL,0.5,,3,0.001526,,,,,,,,,
summary,b_last,h_rel,rel,ALL,,,1966,,0.13,0.093635,0.093584,0.103462,-0.033382,0.020795,0.093584,0.160026,0.221039
histogram,b_last,w_rel,rel,ALL,,-0.5,0,0.0,,,,,,,,,
histogram,b_last,w_rel,rel,ALL,-0.5,-0.25,30,0.015259,,,,,,,,,
histogram,b_last,w_rel,rel,ALL,-0.25,-0.1,202,0.102747,,,,,,,,,
histogram,b_last,w_rel,rel,ALL,-0.1,-0.05,310,0.157681,,,,,,,,,
histogram,b_last,w_rel,rel,ALL,-0.05,-0.02,277,0.140895,,,,,,,,,
histogram,b_last,w_rel,rel,ALL,-0.02,0.02,421,0.21414,,,,,,,,,
histogram,b_last,w_rel,rel,ALL,0.02,0.05,256,0.130214,,,,,,,,,
histogram,b_last,w_rel,rel,ALL,0.05,0.1,266,0.1353,,,,,,,,,
histogram,b_last,w_rel,rel,ALL,0.1,0.25,185,0.0941,,,,,,,,,
histogram,b_last,w_rel,rel,ALL,0.25,0.5,17,0.008647,,,,,,,,,
histogram,b_last,w_rel,rel,ALL,0.5,,2,0.001017,,,,,,,,,
summary,b_last,w_rel,rel,ALL,,,1966,,-0.0,-0.004574,-0.002801,0.09588,-0.10882,-0.054921,-0.002801,0.046697,0.101128
