epoch,time,train/box_loss,train/cls_loss,train/l1_loss,metrics/precision(B),metrics/recall(B),metrics/mAP50(B),metrics/mAP50-95(B),val/box_loss,val/cls_loss,val/l1_loss,lr/pg0,lr/pg1,lr/pg2
1,478.232,2.38529,2.95055,0.00194,0.8559,0.49007,0.63953,0.40856,1.46316,2.29503,0.00162,3.3315e-05,3.3315e-05,0.0667183
2,1000.36,2.09598,2.09924,0.00161,0.96958,0.72047,0.85601,0.57556,1.30516,0.85302,0.00142,6.53287e-05,6.53287e-05,0.033417
3,1497.28,1.93162,1.78997,0.00145,0.96798,0.80788,0.90027,0.61477,1.23663,0.75461,0.00132,9.60224e-05,9.60224e-05,0.000114358
4,2012.3,1.84804,1.63857,0.00136,0.94784,0.86508,0.9241,0.63801,1.21073,0.7234,0.0013,9.406e-05,9.406e-05,9.406e-05
5,2581.02,1.80678,1.56628,0.00132,0.96421,0.87705,0.94474,0.64829,1.20958,0.56918,0.0013,9.208e-05,9.208e-05,9.208e-05
6,3153.36,1.77346,1.48045,0.00129,0.92483,0.72888,0.87792,0.60547,1.20962,0.94918,0.00129,9.01e-05,9.01e-05,9.01e-05
7,3775.72,1.76029,1.44115,0.00127,0.9798,0.80308,0.90888,0.63132,1.17674,0.69827,0.00125,8.812e-05,8.812e-05,8.812e-05
8,4413.61,1.72776,1.39041,0.00124,0.97557,0.77938,0.88641,0.61379,1.20897,0.85487,0.00129,8.614e-05,8.614e-05,8.614e-05
9,4924.52,1.70984,1.37047,0.00124,0.93381,0.79236,0.91485,0.63653,1.18272,0.75062,0.00126,8.416e-05,8.416e-05,8.416e-05
10,5461.48,1.69216,1.32688,0.00121,0.975,0.86199,0.93747,0.65303,1.16885,0.59885,0.00124,8.218e-05,8.218e-05,8.218e-05
11,5978.67,1.68059,1.31435,0.0012,0.94735,0.86849,0.93053,0.64554,1.18807,0.63932,0.00125,8.02e-05,8.02e-05,8.02e-05
12,6493.27,1.66418,1.27885,0.00118,0.97391,0.88207,0.94513,0.65308,1.19133,0.5893,0.00126,7.822e-05,7.822e-05,7.822e-05
13,7094.47,1.65466,1.24997,0.00117,0.97087,0.89144,0.95387,0.66307,1.17229,0.56614,0.00124,7.624e-05,7.624e-05,7.624e-05
14,7698.64,1.64993,1.24805,0.00116,0.97221,0.90616,0.95444,0.66708,1.1713,0.52404,0.00124,7.426e-05,7.426e-05,7.426e-05
15,8329.77,1.65007,1.23026,0.00117,0.94475,0.89598,0.94499,0.65848,1.1748,0.5733,0.00125,7.228e-05,7.228e-05,7.228e-05
16,8967.88,1.63409,1.18904,0.00116,0.96827,0.89932,0.95437,0.66523,1.17064,0.54059,0.00124,7.03e-05,7.03e-05,7.03e-05
17,9541.69,1.62038,1.18167,0.00115,0.97757,0.8774,0.95087,0.66415,1.16567,0.51792,0.00123,6.832e-05,6.832e-05,6.832e-05
18,9981.72,1.62182,1.1808,0.00114,0.95422,0.8863,0.94648,0.66233,1.15892,0.53093,0.00123,6.634e-05,6.634e-05,6.634e-05
19,10670.4,1.61213,1.14992,0.00114,0.96377,0.86986,0.94392,0.66253,1.167,0.53618,0.00124,6.436e-05,6.436e-05,6.436e-05
20,11116.9,1.59458,1.14085,0.00112,0.98223,0.86849,0.94391,0.6671,1.14297,0.53641,0.00121,6.238e-05,6.238e-05,6.238e-05
21,11569.4,1.59704,1.13213,0.00112,0.9688,0.91448,0.96384,0.67733,1.13836,0.4719,0.00121,6.04e-05,6.04e-05,6.04e-05
22,12039.4,1.59978,1.13366,0.00112,0.96717,0.89007,0.95211,0.66771,1.15592,0.5231,0.00123,5.842e-05,5.842e-05,5.842e-05
23,12547.5,1.59435,1.12235,0.00112,0.96123,0.88253,0.94763,0.67048,1.13782,0.54094,0.00121,5.644e-05,5.644e-05,5.644e-05
24,13074.1,1.5827,1.10376,0.00111,0.95687,0.89652,0.95469,0.67309,1.1459,0.50755,0.00122,5.446e-05,5.446e-05,5.446e-05
25,13575,1.5654,1.08244,0.00109,0.96731,0.90181,0.9594,0.675,1.14307,0.48964,0.00121,5.248e-05,5.248e-05,5.248e-05
26,14070.7,1.56837,1.0835,0.0011,0.95844,0.91301,0.96085,0.67674,1.13635,0.48895,0.00121,5.05e-05,5.05e-05,5.05e-05
27,14578.8,1.56808,1.0748,0.0011,0.9676,0.90993,0.95734,0.67409,1.14232,0.49411,0.00121,4.852e-05,4.852e-05,4.852e-05
28,15149.3,1.56615,1.06864,0.00109,0.96549,0.90582,0.95616,0.67373,1.14542,0.49899,0.00121,4.654e-05,4.654e-05,4.654e-05
29,15676.6,1.55406,1.06337,0.00109,0.97149,0.91039,0.95968,0.6749,1.1401,0.49072,0.00121,4.456e-05,4.456e-05,4.456e-05
30,16235.6,1.53683,1.03251,0.00107,0.97075,0.90931,0.95923,0.67451,1.14244,0.49302,0.00121,4.258e-05,4.258e-05,4.258e-05
31,16792.2,1.54732,1.04479,0.00108,0.97947,0.90411,0.95959,0.67454,1.14097,0.48969,0.0012,4.06e-05,4.06e-05,4.06e-05
32,17462,1.53629,1.03053,0.00107,0.97137,0.90993,0.96078,0.67561,1.14095,0.48751,0.00121,3.862e-05,3.862e-05,3.862e-05
33,17989.9,1.52889,1.01575,0.00107,0.9743,0.90895,0.96223,0.67637,1.14195,0.48535,0.00121,3.664e-05,3.664e-05,3.664e-05
34,18604.7,1.52301,1.02532,0.00105,0.97542,0.91048,0.96292,0.67664,1.14294,0.49455,0.00121,3.466e-05,3.466e-05,3.466e-05
35,19135.8,1.52627,1.00814,0.00106,0.97448,0.90993,0.96309,0.67566,1.14628,0.59515,0.00121,3.268e-05,3.268e-05,3.268e-05
36,19679.6,1.51661,0.99056,0.00105,0.97811,0.90304,0.9613,0.67373,1.14554,1.13448,0.00121,3.07e-05,3.07e-05,3.07e-05
37,20208,1.52717,0.99359,0.00106,0.97863,0.89377,0.95919,0.6728,1.14793,3.58005,0.00121,2.872e-05,2.872e-05,2.872e-05
38,20767.1,1.50773,0.97704,0.00104,0.97917,0.88904,0.95813,0.67183,1.14734,11.6352,0.00121,2.674e-05,2.674e-05,2.674e-05
39,21268.6,1.52595,0.98081,0.00105,0.98034,0.88779,0.95712,0.67059,1.14886,38.2352,0.00122,2.476e-05,2.476e-05,2.476e-05
40,21786.5,1.5114,0.97023,0.00104,0.98106,0.88711,0.95692,0.67055,1.14993,92.6929,0.00122,2.278e-05,2.278e-05,2.278e-05
41,22179.7,1.23428,0.39582,0.0009,0.97737,0.89212,0.95844,0.67228,1.15087,192.906,0.00122,2.08e-05,2.08e-05,2.08e-05
42,22602.7,1.21097,0.37946,0.00088,0.97639,0.8976,0.96064,0.6723,1.1528,329.153,0.00122,1.882e-05,1.882e-05,1.882e-05
43,23079.9,1.20211,0.36414,0.00087,0.97551,0.90171,0.96135,0.67286,1.15487,516.965,0.00122,1.684e-05,1.684e-05,1.684e-05
44,23546.7,1.19114,0.36062,0.00086,0.97525,0.9041,0.96173,0.67334,1.15527,747.916,0.00122,1.486e-05,1.486e-05,1.486e-05
45,24028,1.18778,0.35552,0.00086,0.9752,0.90227,0.9617,0.67259,1.15661,1003.66,0.00122,1.288e-05,1.288e-05,1.288e-05
46,24516.9,1.18057,0.35221,0.00086,0.97595,0.90328,0.96129,0.67222,1.15775,1242.14,0.00122,1.09e-05,1.09e-05,1.09e-05
47,24996.1,1.17539,0.34994,0.00085,0.97373,0.90445,0.96138,0.6719,1.1566,1531.74,0.00122,8.92e-06,8.92e-06,8.92e-06
48,25470.6,1.17898,0.34652,0.00085,0.97276,0.90488,0.95887,0.67189,1.15601,1790.43,0.00122,6.94e-06,6.94e-06,6.94e-06
49,25948.3,1.17634,0.34662,0.00085,0.97203,0.9044,0.95874,0.67172,1.15591,2034.45,0.00122,4.96e-06,4.96e-06,4.96e-06
50,26427.3,1.16572,0.34068,0.00084,0.97236,0.90479,0.96112,0.67085,1.1573,2234.81,0.00123,2.98e-06,2.98e-06,2.98e-06
