scope,key,gt,fn,fn_rate,extra
summary,val|eth_unseen,495,394,0.795959595959596,"{""fn_rate"": 0.795959595959596, ""fn_rate_ci95"": [0.758242, 0.829119], ""fn_total_ci95"": [356.051465, 434.891846], ""tp_total"": 101}"
by_location,synthetic,120,120,1.0,"{""field"": ""location"", ""fn_rate_ci95"": [0.968981, 1.0], ""images"": 120}"
by_location,iphone_20251015,112,100,0.8928571428571429,"{""field"": ""location"", ""fn_rate_ci95"": [0.822019, 0.93764], ""images"": 112}"
by_location,ml_3,144,86,0.5972222222222222,"{""field"": ""location"", ""fn_rate_ci95"": [0.515597, 0.673795], ""images"": 144}"
by_location,ml_6,115,86,0.7478260869565218,"{""field"": ""location"", ""fn_rate_ci95"": [0.66133, 0.818301], ""images"": 115}"
by_location,uetlibergstrasse_1,4,2,0.5,"{""field"": ""location"", ""fn_rate_ci95"": [0.150039, 0.849961], ""images"": 4}"
by_size,<4,24,24,1.0,"{""bucket"": ""<4"", ""fn_rate_ci95"": [0.862024, 1.0]}"
by_size,4-6,37,37,1.0,"{""bucket"": ""4-6"", ""fn_rate_ci95"": [0.905942, 1.0]}"
by_size,6-8,44,40,0.9090909090909091,"{""bucket"": ""6-8"", ""fn_rate_ci95"": [0.788408, 0.964078]}"
by_size,8-12,180,124,0.6888888888888889,"{""bucket"": ""8-12"", ""fn_rate_ci95"": [0.617905, 0.751979]}"
by_size,12-16,110,84,0.7636363636363637,"{""bucket"": ""12-16"", ""fn_rate_ci95"": [0.676192, 0.833288]}"
by_size,16-24,66,52,0.7878787878787878,"{""bucket"": ""16-24"", ""fn_rate_ci95"": [0.674869, 0.86922]}"
by_size,24-32,11,11,1.0,"{""bucket"": ""24-32"", ""fn_rate_ci95"": [0.741167, 1.0]}"
by_size,32-64,12,11,0.9166666666666666,"{""bucket"": ""32-64"", ""fn_rate_ci95"": [0.64612, 0.985135]}"
by_size,>64,11,11,1.0,"{""bucket"": "">64"", ""fn_rate_ci95"": [0.741167, 1.0]}"
by_size,<8,105,101,0.9619047619047619,"{""aggregate"": true, ""bucket"": ""<8"", ""buckets"": [""<4"", ""4-6"", ""6-8""], ""fn_rate_ci95"": [0.906117, 0.985088]}"
by_source,eth_main,263,174,0.6615969581749049,"{""field"": ""source"", ""fn_rate_ci95"": [0.602451, 0.71609], ""images"": 263}"
by_source,synthetic,120,120,1.0,"{""field"": ""source"", ""fn_rate_ci95"": [0.968981, 1.0], ""images"": 120}"
by_source,eth_iphone,112,100,0.8928571428571429,"{""field"": ""source"", ""fn_rate_ci95"": [0.822019, 0.93764], ""images"": 112}"
recoverable,eth_tp_v1_fn,269,169,0.6282527881040892,"{""fn_rate"": 0.6282527881040892, ""share_of_v1_fn"": 0.4289340101522843, ""side"": ""eth_tp_v1_fn""}"
recoverable_size,4-6,1,1,1.0,"{""fn_rate"": 1.0, ""side"": ""eth_tp_v1_fn""}"
recoverable_size,6-8,17,13,0.7647058823529411,"{""fn_rate"": 0.7647058823529411, ""side"": ""eth_tp_v1_fn""}"
recoverable_size,8-12,141,85,0.6028368794326241,"{""fn_rate"": 0.6028368794326241, ""side"": ""eth_tp_v1_fn""}"
recoverable_size,12-16,72,46,0.6388888888888888,"{""fn_rate"": 0.6388888888888888, ""side"": ""eth_tp_v1_fn""}"
recoverable_size,16-24,30,16,0.5333333333333333,"{""fn_rate"": 0.5333333333333333, ""side"": ""eth_tp_v1_fn""}"
recoverable_size,24-32,4,4,1.0,"{""fn_rate"": 1.0, ""side"": ""eth_tp_v1_fn""}"
recoverable_size,32-64,4,4,1.0,"{""fn_rate"": 1.0, ""side"": ""eth_tp_v1_fn""}"
recoverable_location,ml_6,110,81,0.7363636363636363,"{""fn_rate"": 0.7363636363636363, ""side"": ""eth_tp_v1_fn""}"
recoverable_location,ml_3,137,79,0.5766423357664233,"{""fn_rate"": 0.5766423357664233, ""side"": ""eth_tp_v1_fn""}"
recoverable_location,iphone_20251015,16,5,0.3125,"{""fn_rate"": 0.3125, ""side"": ""eth_tp_v1_fn""}"
recoverable_location,synthetic,4,4,1.0,"{""fn_rate"": 1.0, ""side"": ""eth_tp_v1_fn""}"
recoverable_location,uetlibergstrasse_1,2,0,0.0,"{""fn_rate"": 0.0, ""side"": ""eth_tp_v1_fn""}"
recoverable,v1_tp_eth_fn,101,1,0.009900990099009901,"{""fn_rate"": 0.009900990099009901, ""share_of_eth_fn"": 0.004424778761061947, ""side"": ""v1_tp_eth_fn""}"
recoverable_size,6-8,4,0,0.0,"{""fn_rate"": 0.0, ""side"": ""v1_tp_eth_fn""}"
recoverable_size,8-12,56,0,0.0,"{""fn_rate"": 0.0, ""side"": ""v1_tp_eth_fn""}"
recoverable_size,12-16,26,0,0.0,"{""fn_rate"": 0.0, ""side"": ""v1_tp_eth_fn""}"
recoverable_size,16-24,14,0,0.0,"{""fn_rate"": 0.0, ""side"": ""v1_tp_eth_fn""}"
recoverable_size,32-64,1,1,1.0,"{""fn_rate"": 1.0, ""side"": ""v1_tp_eth_fn""}"
recoverable_location,iphone_20251015,12,1,0.08333333333333333,"{""fn_rate"": 0.08333333333333333, ""side"": ""v1_tp_eth_fn""}"
recoverable_location,ml_3,58,0,0.0,"{""fn_rate"": 0.0, ""side"": ""v1_tp_eth_fn""}"
recoverable_location,ml_6,29,0,0.0,"{""fn_rate"": 0.0, ""side"": ""v1_tp_eth_fn""}"
recoverable_location,uetlibergstrasse_1,2,0,0.0,"{""fn_rate"": 0.0, ""side"": ""v1_tp_eth_fn""}"
