location,eth_easy_medium_frames,consumed_by_our_evaluation,remaining_trainable,fully_consumed,v1_train_frames_used,val_unseen_gt,v1_fn,v1_fn_rate,recoverable_fn
cab_2,3271,0,3271,False,3271,0,0,,0
glc_1,2446,0,2446,False,2446,0,0,,0
ticino_1,2437,0,2437,False,2437,0,0,,0
ticino_2,2369,0,2369,False,2369,0,0,,0
cab_1,2127,0,2127,False,2127,0,0,,0
glc_2,1613,0,1613,False,0,0,0,,0
ml_4,1343,0,1343,False,1343,0,0,,0
uetlibergstrasse_2,1307,0,1307,False,0,0,0,,0
ml_6,1123,1123,0,True,0,115,84,0.7304347826086957,79
ml_3,1004,1004,0,True,0,144,115,0.7986111111111112,108
uetlibergstrasse_1,638,638,0,True,0,4,2,0.5,0
