bucket,boxes,median_equiv_size_640,mean_equiv_size_640,min_equiv_size_640,max_equiv_size_640
<4,161,3.316508,3.2445495341614907,2.0,3.99268
4-6,1282,5.562348500000001,5.401070199687988,4.0,5.994227
6-8,4522,6.9998629999999995,7.014494136001769,6.0,7.995174
8-12,5599,9.510183,9.648491693338096,8.0,11.999544
12-16,1691,13.519564,13.64232798639858,12.0,15.986138
16-24,596,18.304459,18.805805013422816,16.020866,23.990774
24-32,97,26.720778,27.01936539175258,24.036839,31.659701
32-64,41,38.930107,39.997710268292685,32.162953,61.4638
>64,3,89.296257,90.25335766666666,72.590104,108.873712
