model,set,images,GT,detections@0.25,TP@0.5,FP@0.5,FN@0.5,Precision@op,Recall@0.5,AP50,AP55,AP60,AP65,AP70,AP75,AP80,AP85,AP90,AP95,mAP50-95
eth_official,val,4413,3260,3096,3028,68,232,0.978036,0.928834,0.939596,0.938676,0.936938,0.932439,0.923492,0.902122,0.854116,0.734024,0.494785,0.110736,0.776692
eth_official,val|eth_unseen,1648,495,332,269,63,226,0.810241,0.543434,0.6133,0.609259,0.604209,0.587037,0.555724,0.499158,0.41431,0.254377,0.109091,0.014141,0.426061
eth_official,controlled_capability/images,2070,2070,108,5,103,2065,0.046296,0.002415,0.017498,0.017498,0.017489,0.017324,0.01521,0.014321,0.01263,0.008696,0.002945,6e-06,0.012362
eth_official,challenge_test/images,227,194,5,0,5,194,0.0,0.0,0.010309,0.010309,0.010309,0.010309,0.010309,0.005155,0.005155,0.005155,0.005155,0.0,0.007216
a_best,val,4413,3260,4071,2802,1269,458,0.688283,0.859509,0.905095,0.898302,0.880945,0.848789,0.791425,0.685511,0.513493,0.284809,0.090381,0.008691,0.590744
a_best,val|eth_unseen,1648,495,414,276,138,219,0.666667,0.557576,0.677891,0.652724,0.623017,0.564469,0.474733,0.369108,0.26431,0.13468,0.032323,0.008081,0.380134
a_best,controlled_capability/images,2070,2070,406,359,47,1711,0.884236,0.17343,0.365888,0.357925,0.345568,0.319859,0.284888,0.241297,0.187094,0.127996,0.06468,0.007755,0.230295
a_best,challenge_test/images,227,194,13,9,4,185,0.692308,0.046392,0.184045,0.178105,0.155664,0.136429,0.107743,0.088896,0.065896,0.039484,0.015654,5.4e-05,0.097197
b_best,val,4413,3260,3710,2542,1168,718,0.685175,0.779755,0.883464,0.87751,0.863045,0.834335,0.781854,0.703063,0.540445,0.319331,0.114826,0.008282,0.592615
b_best,val|eth_unseen,1648,495,364,241,123,254,0.662088,0.486869,0.651613,0.631131,0.591471,0.528576,0.441952,0.368771,0.260522,0.162542,0.06734,0.00404,0.370796
b_best,controlled_capability/images,2070,2070,1079,523,556,1547,0.484708,0.252657,0.436648,0.428855,0.418649,0.403148,0.379858,0.347193,0.294227,0.203771,0.089449,0.012802,0.30146
b_best,challenge_test/images,227,194,24,14,10,180,0.583333,0.072165,0.233914,0.222868,0.190277,0.154017,0.125536,0.096277,0.08047,0.051546,0.015464,0.0,0.117037
b_last,val,4413,3260,2772,1966,806,1294,0.709235,0.603067,0.756384,0.750895,0.74198,0.720446,0.674869,0.589812,0.449679,0.258908,0.094632,0.006135,0.504374
b_last,val|eth_unseen,1648,495,292,175,117,320,0.599315,0.353535,0.48464,0.466332,0.450044,0.412603,0.373209,0.303445,0.227687,0.138125,0.044444,0.00202,0.290255
b_last,controlled_capability/images,2070,2070,718,507,211,1563,0.706128,0.244928,0.321176,0.317364,0.311245,0.301197,0.287721,0.267206,0.225126,0.178737,0.120129,0.01256,0.234246
b_last,challenge_test/images,227,194,97,32,65,162,0.329897,0.164948,0.223368,0.213058,0.203093,0.194674,0.165169,0.141049,0.097611,0.068387,0.021355,0.0,0.132776
