model,set,images,GT,detections@0.25,detections@floor,TP,FP,FN,Precision,Recall,F1,FP_per_image,params,gflops,AP50,AP55,AP60,AP65,AP70,AP75,AP80,AP85,AP90,AP95,mAP50-95,Recall_<4,Recall_4_6,Recall_6_8,Recall_<8,Recall_8_12,Recall_12_16,Recall_8_16,Recall_16_32,Recall_32_64,Recall_>64,GT_<4,GT_4_6,GT_6_8,GT_<8,GT_8_12,GT_12_16,GT_8_16,GT_16_32,GT_32_64,GT_>64,TP_<4,TP_4_6,TP_6_8,TP_<8,TP_8_12,TP_12_16,TP_8_16,TP_16_32,TP_32_64,TP_>64
eth_official,val,4413,3260,3096,5645,3028,68,232,0.978036,0.928834,0.952801,0.015409,11166560,73.75854,0.939596,0.938676,0.936938,0.932439,0.923492,0.902122,0.854116,0.734024,0.494785,0.110736,0.776692,0.0,0.422535,0.89243,0.734104,0.977378,0.949669,0.968939,0.888608,0.724138,0.0,24,71,251,346,1724,755,2479,395,29,11,0,30,224,254,1685,717,2402,351,21,0
eth_official,val|eth_unseen,1648,495,332,2217,269,63,226,0.810241,0.543434,0.650544,0.038228,11166560,73.75854,0.6133,0.609259,0.604209,0.587037,0.555724,0.499158,0.41431,0.254377,0.109091,0.014141,0.426061,0.0,0.027027,0.386364,0.171429,0.783333,0.654545,0.734483,0.441558,0.333333,0.0,24,37,44,105,180,110,290,77,12,11,0,1,17,18,141,72,213,34,4,0
eth_official,controlled_capability/images,2070,2070,108,10201,5,103,2065,0.046296,0.002415,0.004591,0.049758,11166560,73.75854,0.017498,0.017498,0.017489,0.017324,0.01521,0.014321,0.01263,0.008696,0.002945,6e-06,0.012362,0.0,0.0,0.0,0.0,0.0,0.004848,0.003252,0.00625,0.0,0.0,160,106,54,320,405,825,1230,160,120,240,0,0,0,0,0,4,4,1,0,0
eth_official,challenge_test/images,227,194,5,299,0,5,194,0.0,0.0,,0.022026,11166560,73.75854,0.010309,0.010309,0.010309,0.010309,0.010309,0.005155,0.005155,0.005155,0.005155,0.0,0.007216,0.0,,0.0,0.0,0.0,0.0,0.0,,,0.0,40,0,66,106,20,44,64,0,0,24,0,0,0,0,0,0,0,0,0,0
a_best,val,4413,3260,4071,70218,2802,1269,458,0.688283,0.859509,0.764425,0.287559,9663464,69.090935,0.905095,0.898302,0.880945,0.848789,0.791425,0.685511,0.513493,0.284809,0.090381,0.008691,0.590744,0.041667,0.366197,0.792829,0.653179,0.884571,0.903311,0.890278,0.865823,0.689655,0.636364,24,71,251,346,1724,755,2479,395,29,11,1,26,199,226,1525,682,2207,342,20,7
a_best,val|eth_unseen,1648,495,414,9717,276,138,219,0.666667,0.557576,0.607261,0.083738,9663464,69.090935,0.677891,0.652724,0.623017,0.564469,0.474733,0.369108,0.26431,0.13468,0.032323,0.008081,0.380134,0.041667,0.189189,0.295455,0.2,0.555556,0.718182,0.617241,0.753247,0.916667,0.636364,24,37,44,105,180,110,290,77,12,11,1,7,13,21,100,79,179,58,11,7
a_best,controlled_capability/images,2070,2070,406,27942,359,47,1711,0.884236,0.17343,0.289984,0.022705,9663464,69.090935,0.365888,0.357925,0.345568,0.319859,0.284888,0.241297,0.187094,0.127996,0.06468,0.007755,0.230295,0.06875,0.132075,0.203704,0.1125,0.076543,0.126061,0.109756,0.38125,0.591667,0.233333,160,106,54,320,405,825,1230,160,120,240,11,14,11,36,31,104,135,61,71,56
a_best,challenge_test/images,227,194,13,4974,9,4,185,0.692308,0.046392,0.086957,0.017621,9663464,69.090935,0.184045,0.178105,0.155664,0.136429,0.107743,0.088896,0.065896,0.039484,0.015654,5.4e-05,0.097197,0.0,,0.060606,0.037736,0.05,0.090909,0.078125,,,0.0,40,0,66,106,20,44,64,0,0,24,0,0,4,4,1,4,5,0,0,0
b_best,val,4413,3260,3710,26401,2542,1168,718,0.685175,0.779755,0.729412,0.264673,9663464,69.090935,0.883464,0.87751,0.863045,0.834335,0.781854,0.703063,0.540445,0.319331,0.114826,0.008282,0.592615,0.041667,0.352113,0.796813,0.653179,0.857309,0.735099,0.820089,0.635443,0.793103,0.818182,24,71,251,346,1724,755,2479,395,29,11,1,25,200,226,1478,555,2033,251,23,9
b_best,val|eth_unseen,1648,495,364,6377,241,123,254,0.662088,0.486869,0.561118,0.074636,9663464,69.090935,0.651613,0.631131,0.591471,0.528576,0.441952,0.368771,0.260522,0.162542,0.06734,0.00404,0.370796,0.041667,0.243243,0.386364,0.257143,0.461111,0.545455,0.493103,0.662338,0.916667,0.818182,24,37,44,105,180,110,290,77,12,11,1,9,17,27,83,60,143,51,11,9
b_best,controlled_capability/images,2070,2070,1079,13314,523,556,1547,0.484708,0.252657,0.332169,0.268599,9663464,69.090935,0.436648,0.428855,0.418649,0.403148,0.379858,0.347193,0.294227,0.203771,0.089449,0.012802,0.30146,0.05,0.122642,0.166667,0.09375,0.083951,0.163636,0.137398,0.3875,0.85,0.666667,160,106,54,320,405,825,1230,160,120,240,8,13,9,30,34,135,169,62,102,160
b_best,challenge_test/images,227,194,24,3205,14,10,180,0.583333,0.072165,0.12844,0.044053,9663464,69.090935,0.233914,0.222868,0.190277,0.154017,0.125536,0.096277,0.08047,0.051546,0.015464,0.0,0.117037,0.0,,0.106061,0.066038,0.05,0.136364,0.109375,,,0.0,40,0,66,106,20,44,64,0,0,24,0,0,7,7,1,6,7,0,0,0
b_last,val,4413,3260,2772,6578,1966,806,1294,0.709235,0.603067,0.651857,0.182642,9663464,69.090935,0.756384,0.750895,0.74198,0.720446,0.674869,0.589812,0.449679,0.258908,0.094632,0.006135,0.504374,0.041667,0.253521,0.633466,0.514451,0.687355,0.544371,0.643808,0.427848,0.517241,0.727273,24,71,251,346,1724,755,2479,395,29,11,1,18,159,178,1185,411,1596,169,15,8
b_last,val|eth_unseen,1648,495,292,1498,175,117,320,0.599315,0.353535,0.444727,0.070995,9663464,69.090935,0.48464,0.466332,0.450044,0.412603,0.373209,0.303445,0.227687,0.138125,0.044444,0.00202,0.290255,0.041667,0.189189,0.386364,0.238095,0.261111,0.381818,0.306897,0.558442,0.833333,0.727273,24,37,44,105,180,110,290,77,12,11,1,7,17,25,47,42,89,43,10,8
b_last,controlled_capability/images,2070,2070,718,2411,507,211,1563,0.706128,0.244928,0.363702,0.101932,9663464,69.090935,0.321176,0.317364,0.311245,0.301197,0.287721,0.267206,0.225126,0.178737,0.120129,0.01256,0.234246,0.025,0.103774,0.12963,0.06875,0.05679,0.078788,0.071545,0.36875,0.833333,0.991667,160,106,54,320,405,825,1230,160,120,240,4,11,7,22,23,65,88,59,100,238
b_last,challenge_test/images,227,194,97,435,32,65,162,0.329897,0.164948,0.219931,0.286344,9663464,69.090935,0.223368,0.213058,0.203093,0.194674,0.165169,0.141049,0.097611,0.068387,0.021355,0.0,0.132776,0.0,,0.030303,0.018868,0.05,0.113636,0.09375,,,1.0,40,0,66,106,20,44,64,0,0,24,0,0,2,2,1,5,6,0,0,24
