scope,set,metric,value
real_no_target_pooled,,images,496
real_no_target_pooled,,fp_total,6
real_no_target_pooled,,fp_per_image,0.012096774193548387
real_no_target_pooled,,images_with_fp,5
real_no_target_pooled,,image_fp_rate,0.010080645161290322
real_no_target_pooled,,fp_per_image_ci95_low,0.004439
real_no_target_pooled,,fp_per_image_ci95_high,0.02633
real_no_target_per_set,real_images/backgrounds,images,30
real_no_target_per_set,real_images/backgrounds,fp_total,2
real_no_target_per_set,real_images/backgrounds,fp_per_image,0.06666666666666667
real_no_target_per_set,real_images/backgrounds,image_fp_rate,0.06666666666666667
real_no_target_per_set,real_images/raw,images,59
real_no_target_per_set,real_images/raw,fp_total,3
real_no_target_per_set,real_images/raw,fp_per_image,0.05084745762711865
real_no_target_per_set,real_images/raw,image_fp_rate,0.03389830508474576
real_no_target_per_set,real_video/frames,images,150
real_no_target_per_set,real_video/frames,fp_total,0
real_no_target_per_set,real_video/frames,fp_per_image,0.0
real_no_target_per_set,real_video/frames,image_fp_rate,0.0
real_no_target_per_set,real_match_frames/images,images,235
real_no_target_per_set,real_match_frames/images,fp_total,0
real_no_target_per_set,real_match_frames/images,fp_per_image,0.0
real_no_target_per_set,real_match_frames/images,image_fp_rate,0.0
real_no_target_per_set,real_train/raw,images,22
real_no_target_per_set,real_train/raw,fp_total,1
real_no_target_per_set,real_train/raw,fp_per_image,0.045454545454545456
real_no_target_per_set,real_train/raw,image_fp_rate,0.045454545454545456
val_eth_unseen,,gt_total,495
val_eth_unseen,,fn_total,414
val_eth_unseen,,fn_rate,0.8363636363636363
val_eth_unseen,,small_lt8_gt,105
val_eth_unseen,,small_lt8_fn,97
val_eth_unseen,,small_lt8_fn_rate,0.9238095238095239
val_eth_unseen_bucket,8-12,fn_rate,0.7777777777777778
val_eth_unseen_bucket,12-16,fn_rate,0.8636363636363636
val_eth_unseen_bucket,16-24,fn_rate,0.803030303030303
val_eth_unseen_bucket,24-32,fn_rate,0.8181818181818182
val_eth_unseen_bucket,32-64,fn_rate,0.75
val_eth_unseen_bucket,>64,fn_rate,1.0
val_eth_unseen_bucket,6-8,fn_rate,0.8181818181818182
val_eth_unseen_bucket,<4,fn_rate,1.0
val_eth_unseen_bucket,4-6,fn_rate,1.0
val_eth_unseen_eth_vs_v1,,common_gt,495
val_eth_unseen_eth_vs_v1,,eth_tp_v1_fn,194
val_eth_unseen_eth_vs_v1,,v1_tp_eth_fn,6
val_eth_unseen_eth_vs_v1,,eth_tp_total,269
val_eth_unseen_eth_vs_v1,,v1_tp_total,81
