model,set,n_tp,IoU_mean,IoU_median,IoU_P10,IoU_P25,IoU_P75,IoU_P90,center_px640_mean,center_px640_median,center_px640_P10,center_px640_P90,norm_center_mean,norm_center_median,norm_center_P10,norm_center_P90,width_ratio_mean,width_ratio_median,width_ratio_P10,width_ratio_P90,height_ratio_mean,height_ratio_median,height_ratio_P10,height_ratio_P90,area_ratio_mean,area_ratio_median,area_ratio_P10,area_ratio_P90,width_rel_err_mean,width_rel_err_median,width_rel_err_P10,width_rel_err_P90,height_rel_err_mean,height_rel_err_median,height_rel_err_P10,height_rel_err_P90,center_px_mean,center_px_median,center_px_P10,center_px_P90
eth_official,val,3028,0.888594,0.903719,0.807013,0.859097,0.932049,0.953029,0.406855,0.316223,,0.785913,0.036413,0.028317,,0.072437,0.991093,0.988582,,1.063292,0.989231,0.986944,,1.04975,0.981211,0.974062,,1.083723,0.047317,0.032482,,0.107388,0.042243,0.03303,,0.088334,1.218788,0.947542,,2.346327
eth_official,val,269,0.820432,0.829975,0.70277,0.781037,0.876964,0.915322,0.807542,0.641246,,1.446199,0.067331,0.054358,,0.12925,1.00518,0.988894,,1.165404,1.008981,1.002324,,1.11772,1.016449,0.988574,,1.228487,0.096298,0.074254,,0.216693,0.063055,0.051252,,0.13228,2.402624,1.891259,,4.239315
eth_official,controlled_capability/images,5,0.862624,0.882626,0.795812,0.869553,0.885768,0.911421,0.51603,0.32179,,0.991658,0.039863,0.026816,,0.07636,0.963955,0.93829,,1.028926,0.970685,0.991316,,1.011902,0.934906,0.922856,,0.996383,0.057795,0.06171,,0.086655,0.038762,0.012276,,0.082253,0.774045,0.482686,,1.487487
eth_official,challenge_test/images,0,,,,,,,,,,,,,,,,,,,,,,,,,,,,,,,,,,,,,,
a_best,val,2802,0.805043,0.81702,0.692303,0.758382,0.864154,0.901148,0.691253,0.531948,,1.334976,0.058108,0.048896,,0.112982,0.997841,1.000485,,1.11839,1.091922,1.087059,,1.225075,1.091214,1.084425,,1.279612,0.079613,0.059116,,0.173469,0.112206,0.095442,,0.227157,2.06457,1.587299,,3.985866
a_best,val,276,0.764247,0.776904,0.631986,0.691925,0.841238,0.886789,1.089292,0.739078,,2.14466,0.072117,0.056478,,0.143155,0.989048,0.981597,,1.18928,1.069277,1.045712,,1.269071,1.059286,1.053608,,1.345083,0.131705,0.105139,,0.287272,0.110665,0.087272,,0.269071,3.174579,2.122852,,6.328844
a_best,controlled_capability/images,359,0.828395,0.851994,0.685198,0.7579,0.907395,0.935432,2.339577,0.698166,,6.247853,0.052997,0.045174,,0.102343,0.992587,0.995897,,1.116017,1.018658,0.997114,,1.210916,1.020017,1.003382,,1.352499,0.067849,0.042971,,0.163405,0.092657,0.0626,,0.241088,4.497224,1.053606,,12.495706
a_best,challenge_test/images,9,0.778229,0.792024,0.588999,0.771759,0.880154,0.888127,0.758987,0.414958,,1.514996,0.068361,0.044543,,0.125878,0.938467,0.960468,,1.090979,0.931864,0.964477,,1.018585,0.876248,0.929594,,1.025768,0.102851,0.096276,,0.181244,0.081763,0.039009,,0.148854,1.138481,0.622438,,2.272495
b_best,val,2542,0.81846,0.828445,0.70899,0.773419,0.876474,0.909647,0.604306,0.438594,,1.216674,0.051574,0.041159,,0.102991,1.000256,1.002534,,1.113726,1.091802,1.08899,,1.205404,1.093445,1.090644,,1.270924,0.074079,0.052408,,0.166656,0.106959,0.094371,,0.207096,1.800537,1.305935,,3.631286
b_best,val,241,0.780691,0.795223,0.639355,0.695554,0.866594,0.907529,1.071102,0.7614,,2.145138,0.074075,0.057008,,0.160231,1.006782,1.007858,,1.195353,1.070708,1.051714,,1.227611,1.080465,1.052359,,1.396706,0.119749,0.084528,,0.281772,0.100867,0.061918,,0.233345,3.082697,2.015913,,6.435413
b_best,controlled_capability/images,523,0.812057,0.845528,0.617537,0.748326,0.897605,0.932221,5.825088,1.110797,,26.99324,0.058369,0.045117,,0.126976,0.979333,0.999508,,1.118876,1.00272,1.02381,,1.118015,0.994116,1.02863,,1.232648,0.096911,0.078947,,0.240961,0.08394,0.061423,,0.198323,11.517378,1.819312,,53.98648
b_best,challenge_test/images,14,0.786586,0.81312,0.61404,0.719131,0.885074,0.896668,0.765568,0.403589,,2.186131,0.075971,0.052262,,0.178893,0.920329,0.921356,,1.02707,1.001526,1.049575,,1.096105,0.926085,0.928619,,1.113507,0.107337,0.117436,,0.21583,0.086867,0.078558,,0.119516,1.148353,0.605384,,3.279196
b_last,val,1966,0.817893,0.827395,0.7193,0.774543,0.871574,0.910249,0.572568,0.43863,,1.080368,0.049745,0.040594,,0.094507,0.995426,0.997199,,1.101128,1.093635,1.093584,,1.221039,1.089308,1.08399,,1.261389,0.069455,0.051701,,0.150733,0.111907,0.099378,,0.221333,1.707001,1.304863,,3.233826
b_last,val,175,0.79352,0.81336,0.641585,0.734184,0.869379,0.904614,1.012575,0.649941,,1.929423,0.062551,0.046712,,0.139413,1.033854,1.034336,,1.209359,1.067645,1.045211,,1.226387,1.103951,1.076485,,1.368723,0.115741,0.092431,,0.245791,0.098295,0.063259,,0.226387,2.917475,1.840671,,5.788269
b_last,controlled_capability/images,507,0.83483,0.872405,0.68303,0.770675,0.920496,0.939906,9.49755,1.503266,,37.841674,0.046019,0.029485,,0.10058,0.994858,1.017472,,1.108085,1.018984,1.013894,,1.143772,1.020636,1.03823,,1.24512,0.087263,0.057579,,0.242943,0.074958,0.052069,,0.164069,18.909083,2.936185,,75.683349
b_last,challenge_test/images,32,0.712329,0.713955,0.531056,0.643161,0.78757,0.856444,40.456999,40.047175,,70.728788,0.096535,0.093728,,0.152285,0.851715,0.853385,,1.080634,0.993232,0.995135,,1.092558,0.857499,0.855207,,1.150606,0.178673,0.146615,,0.361669,0.076015,0.066274,,0.173491,113.121087,112.132089,,198.040607
