model,set,bucket,GT,TP,FN,Recall,AP50,AP75,AP90,AP95,mAP50-95,iou_mean,iou_median,center_err_px640_median,width_rel_err_median,height_rel_err_median
eth_real_hardneg_v2_best,val,<4,24,0,24,0.0,0.041667,0.0,0.0,0.0,0.008333,,,,,
eth_real_hardneg_v2_best,val,4-6,71,13,58,0.183099,0.415493,0.105634,0.014085,0.0,0.199296,0.717695,0.728605,0.534525,0.096754,0.183512
eth_real_hardneg_v2_best,val,6-8,251,114,137,0.454183,0.762616,0.598606,0.055777,0.003984,0.497776,0.820461,0.824877,0.456811,0.064657,0.040652
eth_real_hardneg_v2_best,val,8-12,1724,1253,471,0.726798,0.863505,0.739965,0.156419,0.01861,0.616377,0.840692,0.856768,0.43583,0.062631,0.037817
eth_real_hardneg_v2_best,val,12-16,755,393,362,0.52053,0.710013,0.538467,0.187528,0.029912,0.486287,0.828784,0.852283,0.557689,0.073216,0.037396
eth_real_hardneg_v2_best,val,16-24,343,144,199,0.419825,0.659475,0.43999,0.133868,0.033528,0.421041,0.814935,0.837595,0.748423,0.090639,0.046935
eth_real_hardneg_v2_best,val,24-32,52,9,43,0.173077,0.417308,0.335577,0.091346,0.0,0.282404,0.803076,0.818285,1.051515,0.06427,0.055362
eth_real_hardneg_v2_best,val,32-64,29,9,20,0.310345,0.67069,0.62931,0.137931,0.0,0.506207,0.859177,0.8759,0.912797,0.069602,0.055353
eth_real_hardneg_v2_best,val,>64,11,0,11,0.0,0.090909,0.090909,0.0,0.0,0.072727,,,,,
eth_real_hardneg_v2_best,controlled_capability/images,<4,160,0,160,0.0,0.0,0.0,0.0,0.0,0.0,,,,,
eth_real_hardneg_v2_best,controlled_capability/images,4-6,106,0,106,0.0,0.0,0.0,0.0,0.0,0.0,,,,,
eth_real_hardneg_v2_best,controlled_capability/images,6-8,54,0,54,0.0,0.0,0.0,0.0,0.0,0.0,,,,,
eth_real_hardneg_v2_best,controlled_capability/images,8-12,405,1,404,0.002469,0.032922,0.021811,0.002469,0.0,0.022593,0.717603,0.717603,1.309349,0.240049,0.132728
eth_real_hardneg_v2_best,controlled_capability/images,12-16,825,5,820,0.006061,0.058182,0.044242,0.010909,0.0,0.038727,0.914481,0.910374,0.406613,0.021467,0.01698
eth_real_hardneg_v2_best,controlled_capability/images,16-24,106,1,105,0.009434,0.09434,0.09434,0.066038,0.009434,0.082075,0.903099,0.903099,0.63305,0.014826,0.007146
eth_real_hardneg_v2_best,controlled_capability/images,24-32,54,0,54,0.0,0.0,0.0,0.0,0.0,0.0,,,,,
eth_real_hardneg_v2_best,controlled_capability/images,32-64,120,0,120,0.0,0.0,0.0,0.0,0.0,0.0,,,,,
eth_real_hardneg_v2_best,controlled_capability/images,>64,240,0,240,0.0,0.0,0.0,0.0,0.0,0.0,,,,,
eth_real_hardneg_v2_best,challenge_test/images,<4,40,0,40,0.0,0.0,0.0,0.0,0.0,0.0,,,,,
eth_real_hardneg_v2_best,challenge_test/images,4-6,0,0,0,,,,,,,,,,,
eth_real_hardneg_v2_best,challenge_test/images,6-8,66,0,66,0.0,0.037879,0.015152,0.0,0.0,0.018939,,,,,
eth_real_hardneg_v2_best,challenge_test/images,8-12,20,0,20,0.0,0.05,0.05,0.05,0.0,0.045,,,,,
eth_real_hardneg_v2_best,challenge_test/images,12-16,44,0,44,0.0,0.113636,0.056818,0.0,0.0,0.059091,,,,,
eth_real_hardneg_v2_best,challenge_test/images,16-24,0,0,0,,,,,,,,,,,
eth_real_hardneg_v2_best,challenge_test/images,24-32,0,0,0,,,,,,,,,,,
eth_real_hardneg_v2_best,challenge_test/images,32-64,0,0,0,,,,,,,,,,,
eth_real_hardneg_v2_best,challenge_test/images,>64,24,0,24,0.0,0.0,0.0,0.0,0.0,0.0,,,,,
