checkpoint,set,image_path,confidence,x1,y1,x2,y2,prediction_count
stageA_best,hard_negative,E:\具身智能\badmin_project\outputs\shuttle_capability\hard_negatives\raw\hn_001.jpg,0.076028,1146.8,251.85,1180.6,289.28,1
stageA_best,hard_negative,E:\具身智能\badmin_project\outputs\shuttle_capability\hard_negatives\raw\hn_002.jpg,0.095988,1009.01,313.52,1025.68,328.9,1
stageA_best,hard_negative,E:\具身智能\badmin_project\outputs\shuttle_capability\hard_negatives\raw\hn_003.jpg,0.148205,604.21,870.41,626.25,887.63,4
stageA_best,hard_negative,E:\具身智能\badmin_project\outputs\shuttle_capability\hard_negatives\raw\hn_003.jpg,0.041968,602.36,870.02,622.39,885.84,4
stageA_best,hard_negative,E:\具身智能\badmin_project\outputs\shuttle_capability\hard_negatives\raw\hn_003.jpg,0.036267,563.67,700.08,570.73,707.58,4
stageA_best,hard_negative,E:\具身智能\badmin_project\outputs\shuttle_capability\hard_negatives\raw\hn_003.jpg,0.010412,618.61,847.98,648.04,878.93,4
stageA_best,hard_negative,E:\具身智能\badmin_project\outputs\shuttle_capability\hard_negatives\raw\hn_012.jpg,0.036082,416.54,116.92,420.52,122.06,3
stageA_best,hard_negative,E:\具身智能\badmin_project\outputs\shuttle_capability\hard_negatives\raw\hn_012.jpg,0.019393,416.13,115.53,420.91,121.57,3
stageA_best,hard_negative,E:\具身智能\badmin_project\outputs\shuttle_capability\hard_negatives\raw\hn_012.jpg,0.010973,417.27,116.66,421.48,122.05,3
stageA_best,hard_negative,E:\具身智能\badmin_project\outputs\shuttle_capability\hard_negatives\raw\hn_014.jpg,0.013359,865.81,913.9,881.23,927.11,1
stageA_best,hard_negative,E:\具身智能\badmin_project\outputs\shuttle_capability\hard_negatives\raw\hn_017.jpg,0.01049,1267.1,926.54,1278.93,957.24,1
stageA_best,hard_negative,E:\具身智能\badmin_project\outputs\shuttle_capability\hard_negatives\raw\hn_020.jpg,0.015235,1124.24,801.18,1138.37,814.3,1
stageA_best,hard_negative,E:\具身智能\badmin_project\outputs\shuttle_capability\hard_negatives\raw\hn_021.jpg,0.01906,1182.11,125.85,1187.73,133.74,2
stageA_best,hard_negative,E:\具身智能\badmin_project\outputs\shuttle_capability\hard_negatives\raw\hn_021.jpg,0.010819,1182.35,124.59,1187.64,132.47,2
stageA_best,hard_negative,E:\具身智能\badmin_project\outputs\shuttle_capability\hard_negatives\raw\hn_025.jpg,0.026,1268.8,28.7,1278.93,47.62,1
stageA_best,hard_negative,E:\具身智能\badmin_project\outputs\shuttle_capability\hard_negatives\raw\hn_032.jpg,0.016453,933.85,394.15,955.72,415.86,1
stageA_best,hard_negative,E:\具身智能\badmin_project\outputs\shuttle_capability\hard_negatives\raw\hn_033.jpg,0.018137,72.42,87.38,127.6,137.73,1
stageA_best,hard_negative,E:\具身智能\badmin_project\outputs\shuttle_capability\hard_negatives2\raw\hn2_007.jpg,0.020851,410.44,165.01,418.62,172.63,1
stageA_best,hard_negative,E:\具身智能\badmin_project\outputs\shuttle_capability\hard_negatives2\raw\hn2_008.jpg,0.028864,418.07,410.88,427.79,420.98,1
stageA_best,hard_negative,E:\具身智能\badmin_project\outputs\shuttle_capability\hard_negatives2\raw\hn2_011.jpg,0.038614,178.75,610.67,188.85,622.05,1
stageA_best,hard_negative,E:\具身智能\badmin_project\outputs\shuttle_capability\hard_negatives2\raw\hn2_012.jpg,0.026751,1102.38,327.38,1108.32,333.2,2
stageA_best,hard_negative,E:\具身智能\badmin_project\outputs\shuttle_capability\hard_negatives2\raw\hn2_012.jpg,0.013956,855.44,423.55,861.5,428.73,2
stageA_best,hard_negative,E:\具身智能\badmin_project\outputs\shuttle_capability\hard_negatives2\raw\hn2_013.jpg,0.015383,1223.44,198.27,1235.73,209.7,2
stageA_best,hard_negative,E:\具身智能\badmin_project\outputs\shuttle_capability\hard_negatives2\raw\hn2_013.jpg,0.010535,1166.04,228.16,1180.4,241.83,2
stageA_best,hard_negative,E:\具身智能\badmin_project\outputs\shuttle_capability\hard_negatives2\raw\hn2_014.jpg,0.026903,499.02,204.92,505.42,211.7,2
stageA_best,hard_negative,E:\具身智能\badmin_project\outputs\shuttle_capability\hard_negatives2\raw\hn2_014.jpg,0.026323,479.62,87.75,487.88,95.14,2
stageA_best,hard_negative,E:\具身智能\badmin_project\outputs\shuttle_capability\hard_negatives2\raw\hn2_016.jpg,0.07365,970.63,1455.09,979.34,1465.19,2
stageA_best,hard_negative,E:\具身智能\badmin_project\outputs\shuttle_capability\hard_negatives2\raw\hn2_016.jpg,0.012705,140.76,1432.44,149.96,1441.82,2
stageA_best,hard_negative,E:\具身智能\badmin_project\outputs\shuttle_capability\hard_negatives2\raw\hn2_018.jpg,0.04988,174.5,0.0,1060.83,702.42,4
stageA_best,hard_negative,E:\具身智能\badmin_project\outputs\shuttle_capability\hard_negatives2\raw\hn2_018.jpg,0.045859,214.13,0.0,976.48,528.18,4
stageA_best,hard_negative,E:\具身智能\badmin_project\outputs\shuttle_capability\hard_negatives2\raw\hn2_018.jpg,0.032481,323.55,0.0,796.29,324.17,4
stageA_best,hard_negative,E:\具身智能\badmin_project\outputs\shuttle_capability\hard_negatives2\raw\hn2_018.jpg,0.017036,255.32,0.0,858.5,642.78,4
stageA_best,hard_negative,E:\具身智能\badmin_project\outputs\shuttle_capability\hard_negatives2\raw\hn2_024.jpg,0.100567,492.31,69.67,509.89,86.86,1
stageA_best,hard_negative,E:\具身智能\badmin_project\outputs\shuttle_capability\hard_negatives2\raw\hn2_028.jpg,0.199707,1258.54,290.71,1279.59,315.2,3
stageA_best,hard_negative,E:\具身智能\badmin_project\outputs\shuttle_capability\hard_negatives2\raw\hn2_028.jpg,0.070562,46.54,161.13,60.68,178.26,3
stageA_best,hard_negative,E:\具身智能\badmin_project\outputs\shuttle_capability\hard_negatives2\raw\hn2_028.jpg,0.013373,534.53,185.45,550.19,199.57,3
stageA_best,hard_negative,E:\具身智能\badmin_project\outputs\shuttle_capability\hard_negatives2\raw\hn2_030.jpg,0.021259,295.28,84.02,300.93,90.52,3
stageA_best,hard_negative,E:\具身智能\badmin_project\outputs\shuttle_capability\hard_negatives2\raw\hn2_030.jpg,0.019638,571.09,105.38,576.01,109.62,3
stageA_best,hard_negative,E:\具身智能\badmin_project\outputs\shuttle_capability\hard_negatives2\raw\hn2_030.jpg,0.013474,407.96,106.86,413.92,113.66,3
stageA_best,hard_negative,E:\具身智能\badmin_project\outputs\shuttle_capability\hard_negatives2\raw\hn2_033.jpg,0.0141,1157.57,941.4,1176.78,965.15,1
stageA_best,hard_negative,E:\具身智能\badmin_project\outputs\shuttle_capability\hard_negatives2\raw\hn2_034.jpg,0.023298,949.89,946.52,959.88,956.14,1
stageA_best,hard_negative,E:\具身智能\badmin_project\outputs\shuttle_capability\hard_negatives2\raw\hn2_043.jpg,0.015753,249.43,903.05,264.01,915.58,1
stageA_best,hard_negative,E:\具身智能\badmin_project\outputs\shuttle_capability\hard_negatives2\raw\hn2_053.jpg,0.163988,361.47,0.0,610.22,223.12,8
stageA_best,hard_negative,E:\具身智能\badmin_project\outputs\shuttle_capability\hard_negatives2\raw\hn2_053.jpg,0.082126,330.49,0.0,649.46,301.48,8
stageA_best,hard_negative,E:\具身智能\badmin_project\outputs\shuttle_capability\hard_negatives2\raw\hn2_053.jpg,0.060138,96.44,309.03,102.37,314.34,8
stageA_best,hard_negative,E:\具身智能\badmin_project\outputs\shuttle_capability\hard_negatives2\raw\hn2_053.jpg,0.055649,97.11,308.92,103.08,315.06,8
stageA_best,hard_negative,E:\具身智能\badmin_project\outputs\shuttle_capability\hard_negatives2\raw\hn2_053.jpg,0.05145,381.93,0.0,679.75,290.11,8
stageA_best,hard_negative,E:\具身智能\badmin_project\outputs\shuttle_capability\hard_negatives2\raw\hn2_053.jpg,0.045932,275.34,0.0,686.67,351.99,8
stageA_best,hard_negative,E:\具身智能\badmin_project\outputs\shuttle_capability\hard_negatives2\raw\hn2_053.jpg,0.042158,410.08,0.0,639.77,235.86,8
stageA_best,hard_negative,E:\具身智能\badmin_project\outputs\shuttle_capability\hard_negatives2\raw\hn2_053.jpg,0.031012,397.74,0.0,588.45,160.96,8
stageA_best,hard_negative,E:\具身智能\badmin_project\outputs\shuttle_capability\hard_negatives2\raw\hn2_056.jpg,0.40142,558.92,403.43,571.64,416.37,1
stageA_best,hard_negative,E:\具身智能\badmin_project\outputs\shuttle_capability\hard_negatives2\raw\hn2_057.jpg,0.278241,471.18,844.87,477.18,851.17,6
stageA_best,hard_negative,E:\具身智能\badmin_project\outputs\shuttle_capability\hard_negatives2\raw\hn2_057.jpg,0.027373,42.21,114.12,47.97,120.51,6
stageA_best,hard_negative,E:\具身智能\badmin_project\outputs\shuttle_capability\hard_negatives2\raw\hn2_057.jpg,0.022492,42.53,114.94,47.29,120.91,6
stageA_best,hard_negative,E:\具身智能\badmin_project\outputs\shuttle_capability\hard_negatives2\raw\hn2_057.jpg,0.021011,842.94,390.58,852.8,401.7,6
stageA_best,hard_negative,E:\具身智能\badmin_project\outputs\shuttle_capability\hard_negatives2\raw\hn2_057.jpg,0.020542,198.1,868.79,209.38,880.59,6
stageA_best,hard_negative,E:\具身智能\badmin_project\outputs\shuttle_capability\hard_negatives2\raw\hn2_057.jpg,0.019369,166.35,573.87,180.92,588.03,6
stageA_best,hard_negative,E:\具身智能\badmin_project\outputs\shuttle_capability\hard_negatives2\raw\hn2_058.jpg,0.031833,682.78,112.47,689.67,119.26,3
stageA_best,hard_negative,E:\具身智能\badmin_project\outputs\shuttle_capability\hard_negatives2\raw\hn2_058.jpg,0.03162,434.18,505.4,451.61,524.73,3
stageA_best,hard_negative,E:\具身智能\badmin_project\outputs\shuttle_capability\hard_negatives2\raw\hn2_058.jpg,0.011798,1226.08,98.27,1231.24,104.35,3
stageA_best,hard_negative,E:\具身智能\badmin_project\outputs\shuttle_capability\hard_negatives2\raw\hn2_060.jpg,0.045585,952.65,896.65,957.22,903.85,1
stageB_best_e10,hard_negative,E:\具身智能\badmin_project\outputs\shuttle_capability\hard_negatives\raw\hn_002.jpg,0.026641,343.5,591.35,358.31,611.6,1
stageB_best_e10,hard_negative,E:\具身智能\badmin_project\outputs\shuttle_capability\hard_negatives\raw\hn_003.jpg,0.092132,582.78,930.7,592.34,939.6,2
stageB_best_e10,hard_negative,E:\具身智能\badmin_project\outputs\shuttle_capability\hard_negatives\raw\hn_003.jpg,0.012203,580.79,928.45,594.7,943.23,2
stageB_best_e10,hard_negative,E:\具身智能\badmin_project\outputs\shuttle_capability\hard_negatives\raw\hn_006.jpg,0.038983,851.75,872.89,870.73,894.4,4
stageB_best_e10,hard_negative,E:\具身智能\badmin_project\outputs\shuttle_capability\hard_negatives\raw\hn_006.jpg,0.036318,1132.07,1285.87,1146.85,1300.13,4
stageB_best_e10,hard_negative,E:\具身智能\badmin_project\outputs\shuttle_capability\hard_negatives\raw\hn_006.jpg,0.021666,964.16,1350.36,980.83,1367.6,4
stageB_best_e10,hard_negative,E:\具身智能\badmin_project\outputs\shuttle_capability\hard_negatives\raw\hn_006.jpg,0.011209,254.07,1401.48,261.91,1410.71,4
stageB_best_e10,hard_negative,E:\具身智能\badmin_project\outputs\shuttle_capability\hard_negatives\raw\hn_008.jpg,0.012896,721.35,635.94,726.52,642.14,1
stageB_best_e10,hard_negative,E:\具身智能\badmin_project\outputs\shuttle_capability\hard_negatives\raw\hn_014.jpg,0.020109,772.2,376.65,783.62,386.83,2
stageB_best_e10,hard_negative,E:\具身智能\badmin_project\outputs\shuttle_capability\hard_negatives\raw\hn_014.jpg,0.012113,745.36,498.25,756.43,509.53,2
stageB_best_e10,hard_negative,E:\具身智能\badmin_project\outputs\shuttle_capability\hard_negatives\raw\hn_015.jpg,0.046431,1225.93,451.53,1234.8,459.95,2
stageB_best_e10,hard_negative,E:\具身智能\badmin_project\outputs\shuttle_capability\hard_negatives\raw\hn_015.jpg,0.022549,1223.75,450.7,1234.31,460.89,2
stageB_best_e10,hard_negative,E:\具身智能\badmin_project\outputs\shuttle_capability\hard_negatives\raw\hn_017.jpg,0.015292,1179.98,403.1,1192.38,415.58,2
stageB_best_e10,hard_negative,E:\具身智能\badmin_project\outputs\shuttle_capability\hard_negatives\raw\hn_017.jpg,0.011609,1181.87,404.84,1192.55,416.02,2
stageB_best_e10,hard_negative,E:\具身智能\badmin_project\outputs\shuttle_capability\hard_negatives\raw\hn_019.jpg,0.026121,1002.93,14.24,1020.41,29.87,1
stageB_best_e10,hard_negative,E:\具身智能\badmin_project\outputs\shuttle_capability\hard_negatives\raw\hn_023.jpg,0.0873,277.85,764.43,285.67,774.23,2
stageB_best_e10,hard_negative,E:\具身智能\badmin_project\outputs\shuttle_capability\hard_negatives\raw\hn_023.jpg,0.011451,277.39,763.02,287.17,774.18,2
stageB_best_e10,hard_negative,E:\具身智能\badmin_project\outputs\shuttle_capability\hard_negatives\raw\hn_028.jpg,0.025567,1004.81,882.83,1017.87,898.33,2
stageB_best_e10,hard_negative,E:\具身智能\badmin_project\outputs\shuttle_capability\hard_negatives\raw\hn_028.jpg,0.021769,664.0,165.39,681.41,183.34,2
stageB_best_e10,hard_negative,E:\具身智能\badmin_project\outputs\shuttle_capability\hard_negatives2\raw\hn2_012.jpg,0.018236,783.03,501.8,795.32,510.99,1
stageB_best_e10,hard_negative,E:\具身智能\badmin_project\outputs\shuttle_capability\hard_negatives2\raw\hn2_014.jpg,0.091871,669.36,167.24,679.96,178.29,2
stageB_best_e10,hard_negative,E:\具身智能\badmin_project\outputs\shuttle_capability\hard_negatives2\raw\hn2_014.jpg,0.013573,499.0,203.28,507.17,212.81,2
stageB_best_e10,hard_negative,E:\具身智能\badmin_project\outputs\shuttle_capability\hard_negatives2\raw\hn2_015.jpg,0.100237,744.61,295.98,758.97,307.95,2
stageB_best_e10,hard_negative,E:\具身智能\badmin_project\outputs\shuttle_capability\hard_negatives2\raw\hn2_015.jpg,0.045882,1106.92,247.52,1117.05,260.73,2
stageB_best_e10,hard_negative,E:\具身智能\badmin_project\outputs\shuttle_capability\hard_negatives2\raw\hn2_016.jpg,0.078643,253.34,0.0,941.29,372.01,3
stageB_best_e10,hard_negative,E:\具身智能\badmin_project\outputs\shuttle_capability\hard_negatives2\raw\hn2_016.jpg,0.017483,971.02,1454.42,979.32,1465.38,3
stageB_best_e10,hard_negative,E:\具身智能\badmin_project\outputs\shuttle_capability\hard_negatives2\raw\hn2_016.jpg,0.015697,375.0,0.0,1027.41,352.64,3
stageB_best_e10,hard_negative,E:\具身智能\badmin_project\outputs\shuttle_capability\hard_negatives2\raw\hn2_017.jpg,0.021896,523.88,655.24,546.25,676.35,1
stageB_best_e10,hard_negative,E:\具身智能\badmin_project\outputs\shuttle_capability\hard_negatives2\raw\hn2_018.jpg,0.015477,303.69,331.36,311.82,339.67,1
stageB_best_e10,hard_negative,E:\具身智能\badmin_project\outputs\shuttle_capability\hard_negatives2\raw\hn2_019.jpg,0.018747,593.81,397.98,603.56,406.8,1
stageB_best_e10,hard_negative,E:\具身智能\badmin_project\outputs\shuttle_capability\hard_negatives2\raw\hn2_028.jpg,0.102062,47.65,161.54,60.35,176.89,1
stageB_best_e10,hard_negative,E:\具身智能\badmin_project\outputs\shuttle_capability\hard_negatives2\raw\hn2_030.jpg,0.01107,285.22,404.6,290.22,410.07,1
stageB_best_e10,hard_negative,E:\具身智能\badmin_project\outputs\shuttle_capability\hard_negatives2\raw\hn2_032.jpg,0.186773,199.07,366.55,205.5,372.61,3
stageB_best_e10,hard_negative,E:\具身智能\badmin_project\outputs\shuttle_capability\hard_negatives2\raw\hn2_032.jpg,0.051912,198.44,366.44,206.67,373.23,3
stageB_best_e10,hard_negative,E:\具身智能\badmin_project\outputs\shuttle_capability\hard_negatives2\raw\hn2_032.jpg,0.012941,198.82,364.59,206.21,372.04,3
stageB_best_e10,hard_negative,E:\具身智能\badmin_project\outputs\shuttle_capability\hard_negatives2\raw\hn2_033.jpg,0.012298,458.59,1024.96,470.72,1034.7,1
stageB_best_e10,hard_negative,E:\具身智能\badmin_project\outputs\shuttle_capability\hard_negatives2\raw\hn2_039.jpg,0.028863,576.5,337.67,587.62,349.39,1
stageB_last_e70,hard_negative,E:\具身智能\badmin_project\outputs\shuttle_capability\hard_negatives\raw\hn_020.jpg,0.080093,1188.12,785.17,1279.13,941.45,1
stageB_last_e70,hard_negative,E:\具身智能\badmin_project\outputs\shuttle_capability\hard_negatives\raw\hn_026.jpg,0.019492,1041.55,50.38,1049.08,59.31,1
stageB_last_e70,hard_negative,E:\具身智能\badmin_project\outputs\shuttle_capability\hard_negatives2\raw\hn2_032.jpg,0.018905,760.68,325.12,767.68,332.44,2
stageB_last_e70,hard_negative,E:\具身智能\badmin_project\outputs\shuttle_capability\hard_negatives2\raw\hn2_032.jpg,0.014063,1136.54,66.27,1147.8,75.32,2
stageB_last_e70,hard_negative,E:\具身智能\badmin_project\outputs\shuttle_capability\hard_negatives2\raw\hn2_053.jpg,0.011695,241.54,105.04,247.61,111.73,1
stageA_best,normal_neg_coco_val,D:\_eth_data\eth_shuttle_detection\coco_val_easy\images\train\000000000955.jpg,0.035368,377.71,602.59,383.2,609.12,1
stageA_best,normal_neg_coco_val,D:\_eth_data\eth_shuttle_detection\coco_val_easy\images\train\000000001168.jpg,0.105867,234.48,232.23,242.27,242.21,3
stageA_best,normal_neg_coco_val,D:\_eth_data\eth_shuttle_detection\coco_val_easy\images\train\000000001168.jpg,0.023605,394.87,224.97,406.13,239.67,3
stageA_best,normal_neg_coco_val,D:\_eth_data\eth_shuttle_detection\coco_val_easy\images\train\000000001168.jpg,0.010262,423.16,233.52,427.12,237.38,3
stageA_best,normal_neg_coco_val,D:\_eth_data\eth_shuttle_detection\coco_val_easy\images\train\000000001522.jpg,0.018735,474.13,206.35,485.93,221.01,2
stageA_best,normal_neg_coco_val,D:\_eth_data\eth_shuttle_detection\coco_val_easy\images\train\000000001522.jpg,0.014182,41.81,350.67,47.75,357.23,2
stageA_best,normal_neg_coco_val,D:\_eth_data\eth_shuttle_detection\coco_val_easy\images\train\000000010039.jpg,0.309288,102.71,396.11,106.36,400.41,2
stageA_best,normal_neg_coco_val,D:\_eth_data\eth_shuttle_detection\coco_val_easy\images\train\000000010039.jpg,0.033777,102.37,396.16,106.59,401.47,2
stageA_best,normal_neg_coco_val,D:\_eth_data\eth_shuttle_detection\coco_val_easy\images\train\000000012236.jpg,0.040917,127.32,80.08,341.18,221.13,4
stageA_best,normal_neg_coco_val,D:\_eth_data\eth_shuttle_detection\coco_val_easy\images\train\000000012236.jpg,0.015012,224.54,197.13,547.1,360.0,4
stageA_best,normal_neg_coco_val,D:\_eth_data\eth_shuttle_detection\coco_val_easy\images\train\000000012236.jpg,0.011774,246.9,215.47,428.71,360.0,4
stageA_best,normal_neg_coco_val,D:\_eth_data\eth_shuttle_detection\coco_val_easy\images\train\000000012236.jpg,0.010618,117.59,72.5,359.4,184.94,4
stageA_best,normal_neg_coco_val,D:\_eth_data\eth_shuttle_detection\coco_val_easy\images\train\000000012326.jpg,0.01134,435.46,235.56,450.87,246.56,1
stageA_best,normal_neg_coco_val,D:\_eth_data\eth_shuttle_detection\coco_val_easy\images\train\000000015175.jpg,0.166788,572.21,153.56,583.21,163.62,1
stageA_best,normal_neg_coco_val,D:\_eth_data\eth_shuttle_detection\coco_val_easy\images\train\000000015610.jpg,0.037055,78.45,364.87,82.51,368.14,5
stageA_best,normal_neg_coco_val,D:\_eth_data\eth_shuttle_detection\coco_val_easy\images\train\000000015610.jpg,0.029586,148.25,376.85,152.42,380.28,5
stageA_best,normal_neg_coco_val,D:\_eth_data\eth_shuttle_detection\coco_val_easy\images\train\000000015610.jpg,0.019837,147.84,375.97,152.62,380.12,5
stageA_best,normal_neg_coco_val,D:\_eth_data\eth_shuttle_detection\coco_val_easy\images\train\000000015610.jpg,0.017307,289.12,418.95,293.75,422.35,5
stageA_best,normal_neg_coco_val,D:\_eth_data\eth_shuttle_detection\coco_val_easy\images\train\000000015610.jpg,0.015536,78.82,364.4,83.68,368.28,5
stageA_best,normal_neg_coco_val,D:\_eth_data\eth_shuttle_detection\coco_val_easy\images\train\000000022032.jpg,0.039861,454.33,359.32,458.58,362.77,1
stageA_best,normal_neg_coco_val,D:\_eth_data\eth_shuttle_detection\coco_val_easy\images\train\000000022890.jpg,0.012916,51.85,598.3,59.22,609.08,1
stageA_best,normal_neg_coco_val,D:\_eth_data\eth_shuttle_detection\coco_val_easy\images\train\000000022951.jpg,0.013826,355.19,392.21,362.25,398.79,1
stageA_best,normal_neg_coco_val,D:\_eth_data\eth_shuttle_detection\coco_val_easy\images\train\000000027428.jpg,0.018511,64.57,197.36,71.12,203.74,2
stageA_best,normal_neg_coco_val,D:\_eth_data\eth_shuttle_detection\coco_val_easy\images\train\000000027428.jpg,0.010033,56.63,366.71,62.52,374.12,2
stageA_best,normal_neg_coco_val,D:\_eth_data\eth_shuttle_detection\coco_val_easy\images\train\000000032301.jpg,0.210201,0.83,180.01,10.42,189.79,5
stageA_best,normal_neg_coco_val,D:\_eth_data\eth_shuttle_detection\coco_val_easy\images\train\000000032301.jpg,0.135806,431.1,409.9,438.69,417.59,5
stageA_best,normal_neg_coco_val,D:\_eth_data\eth_shuttle_detection\coco_val_easy\images\train\000000032301.jpg,0.02999,350.32,392.04,360.35,401.22,5
stageA_best,normal_neg_coco_val,D:\_eth_data\eth_shuttle_detection\coco_val_easy\images\train\000000032301.jpg,0.012295,335.24,587.83,340.36,593.23,5
stageA_best,normal_neg_coco_val,D:\_eth_data\eth_shuttle_detection\coco_val_easy\images\train\000000032301.jpg,0.011279,378.58,492.94,385.46,501.34,5
stageA_best,normal_neg_coco_val,D:\_eth_data\eth_shuttle_detection\coco_val_easy\images\train\000000036423.jpg,0.010909,325.61,44.62,330.59,52.08,1
stageA_best,normal_neg_coco_val,D:\_eth_data\eth_shuttle_detection\coco_val_easy\images\train\000000049988.jpg,0.012089,507.28,234.6,514.56,239.57,1
stageA_best,normal_neg_coco_val,D:\_eth_data\eth_shuttle_detection\coco_val_easy\images\train\000000063355.jpg,0.517818,170.72,306.99,177.6,311.87,13
stageA_best,normal_neg_coco_val,D:\_eth_data\eth_shuttle_detection\coco_val_easy\images\train\000000063355.jpg,0.466156,13.48,181.84,17.61,186.74,13
stageA_best,normal_neg_coco_val,D:\_eth_data\eth_shuttle_detection\coco_val_easy\images\train\000000063355.jpg,0.435095,217.05,378.29,224.54,384.2,13
stageA_best,normal_neg_coco_val,D:\_eth_data\eth_shuttle_detection\coco_val_easy\images\train\000000063355.jpg,0.216669,515.2,341.01,528.17,353.54,13
stageA_best,normal_neg_coco_val,D:\_eth_data\eth_shuttle_detection\coco_val_easy\images\train\000000063355.jpg,0.176925,369.5,391.73,377.56,399.06,13
stageA_best,normal_neg_coco_val,D:\_eth_data\eth_shuttle_detection\coco_val_easy\images\train\000000063355.jpg,0.072086,291.7,385.62,299.46,390.06,13
stageA_best,normal_neg_coco_val,D:\_eth_data\eth_shuttle_detection\coco_val_easy\images\train\000000063355.jpg,0.042732,215.39,377.81,224.78,384.67,13
stageA_best,normal_neg_coco_val,D:\_eth_data\eth_shuttle_detection\coco_val_easy\images\train\000000063355.jpg,0.037046,415.91,586.22,420.0,589.69,13
stageA_best,normal_neg_coco_val,D:\_eth_data\eth_shuttle_detection\coco_val_easy\images\train\000000063355.jpg,0.028488,290.27,385.36,298.53,390.39,13
stageA_best,normal_neg_coco_val,D:\_eth_data\eth_shuttle_detection\coco_val_easy\images\train\000000063355.jpg,0.028371,293.56,385.84,300.35,390.03,13
stageA_best,normal_neg_coco_val,D:\_eth_data\eth_shuttle_detection\coco_val_easy\images\train\000000063355.jpg,0.012986,493.06,389.75,497.28,393.69,13
stageA_best,normal_neg_coco_val,D:\_eth_data\eth_shuttle_detection\coco_val_easy\images\train\000000063355.jpg,0.011713,171.19,306.73,179.28,312.55,13
stageA_best,normal_neg_coco_val,D:\_eth_data\eth_shuttle_detection\coco_val_easy\images\train\000000063355.jpg,0.011382,13.24,180.7,18.9,186.76,13
stageA_best,normal_neg_coco_val,D:\_eth_data\eth_shuttle_detection\coco_val_easy\images\train\000000065981.jpg,0.138738,15.4,364.69,21.51,369.52,4
stageA_best,normal_neg_coco_val,D:\_eth_data\eth_shuttle_detection\coco_val_easy\images\train\000000065981.jpg,0.029741,440.49,363.69,445.88,367.81,4
stageA_best,normal_neg_coco_val,D:\_eth_data\eth_shuttle_detection\coco_val_easy\images\train\000000065981.jpg,0.012823,161.23,79.72,165.41,84.26,4
stageA_best,normal_neg_coco_val,D:\_eth_data\eth_shuttle_detection\coco_val_easy\images\train\000000065981.jpg,0.010575,270.95,120.17,279.52,127.13,4
stageA_best,normal_neg_coco_val,D:\_eth_data\eth_shuttle_detection\coco_val_easy\images\train\000000070190.jpg,0.246667,318.46,129.68,347.14,154.59,1
stageA_best,normal_neg_coco_val,D:\_eth_data\eth_shuttle_detection\coco_val_easy\images\train\000000077931.jpg,0.0649,557.53,250.43,562.05,254.39,5
stageA_best,normal_neg_coco_val,D:\_eth_data\eth_shuttle_detection\coco_val_easy\images\train\000000077931.jpg,0.028502,611.59,91.29,614.25,94.77,5
stageA_best,normal_neg_coco_val,D:\_eth_data\eth_shuttle_detection\coco_val_easy\images\train\000000077931.jpg,0.024316,611.5,90.75,614.52,94.31,5
stageA_best,normal_neg_coco_val,D:\_eth_data\eth_shuttle_detection\coco_val_easy\images\train\000000077931.jpg,0.022614,556.48,250.06,561.4,254.4,5
stageA_best,normal_neg_coco_val,D:\_eth_data\eth_shuttle_detection\coco_val_easy\images\train\000000077931.jpg,0.010962,607.48,174.0,610.15,177.48,5
stageA_best,normal_neg_coco_val,D:\_eth_data\eth_shuttle_detection\coco_val_easy\images\train\000000079566.jpg,0.011154,44.3,394.81,48.93,399.72,1
stageA_best,normal_neg_coco_val,D:\_eth_data\eth_shuttle_detection\coco_val_easy\images\train\000000082053.jpg,0.052369,48.51,50.33,56.61,56.85,1
stageA_best,normal_neg_coco_val,D:\_eth_data\eth_shuttle_detection\coco_val_easy\images\train\000000085423.jpg,0.010911,22.2,236.67,26.14,240.99,1
stageA_best,normal_neg_coco_val,D:\_eth_data\eth_shuttle_detection\coco_val_easy\images\train\000000086524.jpg,0.11619,153.33,527.31,157.5,531.26,1
stageA_best,normal_neg_coco_val,D:\_eth_data\eth_shuttle_detection\coco_val_easy\images\train\000000103504.jpg,0.012163,582.51,340.5,588.86,346.07,1
stageA_best,normal_neg_coco_val,D:\_eth_data\eth_shuttle_detection\coco_val_easy\images\train\000000104191.jpg,0.194609,539.66,91.32,555.92,110.7,1
stageA_best,normal_neg_coco_val,D:\_eth_data\eth_shuttle_detection\coco_val_easy\images\train\000000104880.jpg,0.261676,90.74,181.91,115.71,204.98,1
stageA_best,normal_neg_coco_val,D:\_eth_data\eth_shuttle_detection\coco_val_easy\images\train\000000107884.jpg,0.012832,427.29,269.68,436.94,278.45,1
stageA_best,normal_neg_coco_val,D:\_eth_data\eth_shuttle_detection\coco_val_easy\images\train\000000113844.jpg,0.035482,195.9,364.92,199.57,368.93,1
stageA_best,normal_neg_coco_val,D:\_eth_data\eth_shuttle_detection\coco_val_easy\images\train\000000119666.jpg,0.072237,630.09,138.82,639.59,151.9,1
stageA_best,normal_neg_coco_val,D:\_eth_data\eth_shuttle_detection\coco_val_easy\images\train\000000119916.jpg,0.011998,113.94,42.59,117.88,46.69,1
stageA_best,normal_neg_coco_val,D:\_eth_data\eth_shuttle_detection\coco_val_easy\images\train\000000123445.jpg,0.092436,62.76,157.19,74.88,166.02,1
stageA_best,normal_neg_coco_val,D:\_eth_data\eth_shuttle_detection\coco_val_easy\images\train\000000126001.jpg,0.249309,440.84,270.73,450.82,279.65,2
stageA_best,normal_neg_coco_val,D:\_eth_data\eth_shuttle_detection\coco_val_easy\images\train\000000126001.jpg,0.048872,501.03,236.49,512.76,247.1,2
stageA_best,normal_neg_coco_val,D:\_eth_data\eth_shuttle_detection\coco_val_easy\images\train\000000126272.jpg,0.013016,195.11,458.31,200.92,464.54,1
stageA_best,normal_neg_coco_val,D:\_eth_data\eth_shuttle_detection\coco_val_easy\images\train\000000131678.jpg,0.012602,460.13,405.21,464.74,409.08,1
stageA_best,normal_neg_coco_val,D:\_eth_data\eth_shuttle_detection\coco_val_easy\images\train\000000132417.jpg,0.111848,392.12,144.04,394.18,146.4,3
stageA_best,normal_neg_coco_val,D:\_eth_data\eth_shuttle_detection\coco_val_easy\images\train\000000132417.jpg,0.021448,46.65,131.7,48.6,133.92,3
stageA_best,normal_neg_coco_val,D:\_eth_data\eth_shuttle_detection\coco_val_easy\images\train\000000132417.jpg,0.013926,123.08,152.81,124.91,155.18,3
stageA_best,normal_neg_coco_val,D:\_eth_data\eth_shuttle_detection\coco_val_easy\images\train\000000139258.jpg,0.654601,134.93,72.99,149.19,83.05,2
stageA_best,normal_neg_coco_val,D:\_eth_data\eth_shuttle_detection\coco_val_easy\images\train\000000139258.jpg,0.179368,43.69,53.3,59.27,65.86,2
stageA_best,normal_neg_coco_val,D:\_eth_data\eth_shuttle_detection\coco_val_easy\images\train\000000142741.jpg,0.014807,36.03,498.25,41.24,502.67,1
stageA_best,normal_neg_coco_val,D:\_eth_data\eth_shuttle_detection\coco_val_easy\images\train\000000144475.jpg,0.014869,10.54,557.92,16.51,564.5,1
stageA_best,normal_neg_coco_val,D:\_eth_data\eth_shuttle_detection\coco_val_easy\images\train\000000149086.jpg,0.012293,358.65,196.61,380.39,214.93,1
stageA_best,normal_neg_coco_val,D:\_eth_data\eth_shuttle_detection\coco_val_easy\images\train\000000171011.jpg,0.072949,257.31,269.56,270.58,281.18,1
stageA_best,normal_neg_coco_val,D:\_eth_data\eth_shuttle_detection\coco_val_easy\images\train\000000175151.jpg,0.039316,108.85,81.42,116.87,88.95,2
stageA_best,normal_neg_coco_val,D:\_eth_data\eth_shuttle_detection\coco_val_easy\images\train\000000175151.jpg,0.017858,76.23,229.3,81.48,232.67,2
stageA_best,normal_neg_coco_val,D:\_eth_data\eth_shuttle_detection\coco_val_easy\images\train\000000182147.jpg,0.011274,564.94,115.95,580.19,128.38,2
stageA_best,normal_neg_coco_val,D:\_eth_data\eth_shuttle_detection\coco_val_easy\images\train\000000182147.jpg,0.01043,471.6,111.63,477.91,116.91,2
stageA_best,normal_neg_coco_val,D:\_eth_data\eth_shuttle_detection\coco_val_easy\images\train\000000183044.jpg,0.013603,28.21,82.22,38.71,91.65,1
stageA_best,normal_neg_coco_val,D:\_eth_data\eth_shuttle_detection\coco_val_easy\images\train\000000186620.jpg,0.011956,436.43,0.0,453.88,12.0,1
stageA_best,normal_neg_coco_val,D:\_eth_data\eth_shuttle_detection\coco_val_easy\images\train\000000205681.jpg,0.020641,270.71,291.78,278.65,301.68,1
stageA_best,normal_neg_coco_val,D:\_eth_data\eth_shuttle_detection\coco_val_easy\images\train\000000212649.jpg,0.010711,437.63,88.19,439.99,90.81,1
stageA_best,normal_neg_coco_val,D:\_eth_data\eth_shuttle_detection\coco_val_easy\images\train\000000212739.jpg,0.071848,613.27,300.8,620.43,307.08,3
stageA_best,normal_neg_coco_val,D:\_eth_data\eth_shuttle_detection\coco_val_easy\images\train\000000212739.jpg,0.071343,582.55,304.71,589.0,310.62,3
stageA_best,normal_neg_coco_val,D:\_eth_data\eth_shuttle_detection\coco_val_easy\images\train\000000212739.jpg,0.040544,544.06,309.13,550.45,314.84,3
stageA_best,normal_neg_coco_val,D:\_eth_data\eth_shuttle_detection\coco_val_easy\images\train\000000222811.jpg,0.215003,156.55,297.91,166.43,304.83,6
stageA_best,normal_neg_coco_val,D:\_eth_data\eth_shuttle_detection\coco_val_easy\images\train\000000222811.jpg,0.131665,156.96,297.58,169.02,305.93,6
stageA_best,normal_neg_coco_val,D:\_eth_data\eth_shuttle_detection\coco_val_easy\images\train\000000222811.jpg,0.079064,320.05,601.71,325.27,607.4,6
stageA_best,normal_neg_coco_val,D:\_eth_data\eth_shuttle_detection\coco_val_easy\images\train\000000222811.jpg,0.058778,320.37,600.7,326.01,606.98,6
stageA_best,normal_neg_coco_val,D:\_eth_data\eth_shuttle_detection\coco_val_easy\images\train\000000222811.jpg,0.030807,155.36,297.85,164.14,304.41,6
stageA_best,normal_neg_coco_val,D:\_eth_data\eth_shuttle_detection\coco_val_easy\images\train\000000222811.jpg,0.011028,158.96,297.64,170.88,305.66,6
stageA_best,normal_neg_coco_val,D:\_eth_data\eth_shuttle_detection\coco_val_easy\images\train\000000223741.jpg,0.083592,336.32,22.89,640.0,187.09,16
stageA_best,normal_neg_coco_val,D:\_eth_data\eth_shuttle_detection\coco_val_easy\images\train\000000223741.jpg,0.060049,311.84,0.0,614.82,246.65,16
stageA_best,normal_neg_coco_val,D:\_eth_data\eth_shuttle_detection\coco_val_easy\images\train\000000223741.jpg,0.0567,380.85,0.0,576.89,174.93,16
stageA_best,normal_neg_coco_val,D:\_eth_data\eth_shuttle_detection\coco_val_easy\images\train\000000223741.jpg,0.056396,326.78,15.09,596.91,163.84,16
stageA_best,normal_neg_coco_val,D:\_eth_data\eth_shuttle_detection\coco_val_easy\images\train\000000223741.jpg,0.052875,327.04,10.32,550.18,144.01,16
stageA_best,normal_neg_coco_val,D:\_eth_data\eth_shuttle_detection\coco_val_easy\images\train\000000223741.jpg,0.050801,356.3,0.0,603.16,209.86,16
stageA_best,normal_neg_coco_val,D:\_eth_data\eth_shuttle_detection\coco_val_easy\images\train\000000223741.jpg,0.038046,341.75,4.77,509.99,137.56,16
stageA_best,normal_neg_coco_val,D:\_eth_data\eth_shuttle_detection\coco_val_easy\images\train\000000223741.jpg,0.035942,293.9,0.0,640.0,290.3,16
stageA_best,normal_neg_coco_val,D:\_eth_data\eth_shuttle_detection\coco_val_easy\images\train\000000223741.jpg,0.033279,385.08,0.0,542.68,132.96,16
stageA_best,normal_neg_coco_val,D:\_eth_data\eth_shuttle_detection\coco_val_easy\images\train\000000223741.jpg,0.031317,385.59,0.0,555.92,90.57,16
stageA_best,normal_neg_coco_val,D:\_eth_data\eth_shuttle_detection\coco_val_easy\images\train\000000223741.jpg,0.027615,383.99,0.0,596.82,75.0,16
stageA_best,normal_neg_coco_val,D:\_eth_data\eth_shuttle_detection\coco_val_easy\images\train\000000223741.jpg,0.021566,332.33,9.72,513.69,199.23,16
stageA_best,normal_neg_coco_val,D:\_eth_data\eth_shuttle_detection\coco_val_easy\images\train\000000223741.jpg,0.019809,368.44,0.0,526.38,85.68,16
stageA_best,normal_neg_coco_val,D:\_eth_data\eth_shuttle_detection\coco_val_easy\images\train\000000223741.jpg,0.010783,283.46,11.27,640.0,140.34,16
stageA_best,normal_neg_coco_val,D:\_eth_data\eth_shuttle_detection\coco_val_easy\images\train\000000223741.jpg,0.010554,314.04,6.09,564.95,221.43,16
stageA_best,normal_neg_coco_val,D:\_eth_data\eth_shuttle_detection\coco_val_easy\images\train\000000223741.jpg,0.010345,317.26,12.51,454.26,160.01,16
stageA_best,normal_neg_coco_val,D:\_eth_data\eth_shuttle_detection\coco_val_easy\images\train\000000224285.jpg,0.023737,528.36,12.94,538.47,23.19,1
stageA_best,normal_neg_coco_val,D:\_eth_data\eth_shuttle_detection\coco_val_easy\images\train\000000231049.jpg,0.19488,371.25,514.95,376.57,519.36,2
stageA_best,normal_neg_coco_val,D:\_eth_data\eth_shuttle_detection\coco_val_easy\images\train\000000231049.jpg,0.025429,369.99,514.56,376.29,519.87,2
stageA_best,normal_neg_coco_val,D:\_eth_data\eth_shuttle_detection\coco_val_easy\images\train\000000232770.jpg,0.370817,181.67,400.89,191.59,408.99,1
stageA_best,normal_neg_coco_val,D:\_eth_data\eth_shuttle_detection\coco_val_easy\images\train\000000234733.jpg,0.019391,236.33,23.73,247.06,37.62,1
stageA_best,normal_neg_coco_val,D:\_eth_data\eth_shuttle_detection\coco_val_easy\images\train\000000239400.jpg,0.036056,222.09,380.3,226.85,384.0,1
stageA_best,normal_neg_coco_val,D:\_eth_data\eth_shuttle_detection\coco_val_easy\images\train\000000254001.jpg,0.011012,229.48,310.85,233.84,315.12,1
stageA_best,normal_neg_coco_val,D:\_eth_data\eth_shuttle_detection\coco_val_easy\images\train\000000268478.jpg,0.02365,212.62,0.0,235.47,13.37,1
stageA_best,normal_neg_coco_val,D:\_eth_data\eth_shuttle_detection\coco_val_easy\images\train\000000275855.jpg,0.274517,298.51,159.02,305.64,165.58,1
stageA_best,normal_neg_coco_val,D:\_eth_data\eth_shuttle_detection\coco_val_easy\images\train\000000283910.jpg,0.010595,525.5,215.72,532.88,221.76,1
stageA_best,normal_neg_coco_val,D:\_eth_data\eth_shuttle_detection\coco_val_easy\images\train\000000288442.jpg,0.014242,267.45,204.49,446.57,401.81,2
stageA_best,normal_neg_coco_val,D:\_eth_data\eth_shuttle_detection\coco_val_easy\images\train\000000288442.jpg,0.010384,283.66,221.29,428.76,380.65,2
stageA_best,normal_neg_coco_val,D:\_eth_data\eth_shuttle_detection\coco_val_easy\images\train\000000292526.jpg,0.129763,37.54,269.39,57.04,293.8,1
stageA_best,normal_neg_coco_val,D:\_eth_data\eth_shuttle_detection\coco_val_easy\images\train\000000297323.jpg,0.029086,47.51,15.08,65.91,36.56,2
stageA_best,normal_neg_coco_val,D:\_eth_data\eth_shuttle_detection\coco_val_easy\images\train\000000297323.jpg,0.028082,267.89,177.23,274.22,184.18,2
stageA_best,normal_neg_coco_val,D:\_eth_data\eth_shuttle_detection\coco_val_easy\images\train\000000301527.jpg,0.011827,430.71,69.43,437.99,76.29,1
stageA_best,normal_neg_coco_val,D:\_eth_data\eth_shuttle_detection\coco_val_easy\images\train\000000301595.jpg,0.019437,93.54,383.16,97.86,387.89,1
stageA_best,normal_neg_coco_val,D:\_eth_data\eth_shuttle_detection\coco_val_easy\images\train\000000304065.jpg,0.01002,145.59,305.29,150.42,310.21,1
stageA_best,normal_neg_coco_val,D:\_eth_data\eth_shuttle_detection\coco_val_easy\images\train\000000311524.jpg,0.023861,157.83,102.96,161.37,106.89,1
stageA_best,normal_neg_coco_val,D:\_eth_data\eth_shuttle_detection\coco_val_easy\images\train\000000312288.jpg,0.017967,389.53,53.66,392.54,56.75,1
stageA_best,normal_neg_coco_val,D:\_eth_data\eth_shuttle_detection\coco_val_easy\images\train\000000318162.jpg,0.087487,80.46,268.11,85.45,272.93,1
stageA_best,normal_neg_coco_val,D:\_eth_data\eth_shuttle_detection\coco_val_easy\images\train\000000337047.jpg,0.081544,381.94,14.18,386.0,17.7,4
stageA_best,normal_neg_coco_val,D:\_eth_data\eth_shuttle_detection\coco_val_easy\images\train\000000337047.jpg,0.031114,381.15,14.13,385.47,17.91,4
stageA_best,normal_neg_coco_val,D:\_eth_data\eth_shuttle_detection\coco_val_easy\images\train\000000337047.jpg,0.027505,382.66,14.01,386.6,17.51,4
stageA_best,normal_neg_coco_val,D:\_eth_data\eth_shuttle_detection\coco_val_easy\images\train\000000337047.jpg,0.013711,532.05,199.34,535.52,202.82,4
stageA_best,normal_neg_coco_val,D:\_eth_data\eth_shuttle_detection\coco_val_easy\images\train\000000337185.jpg,0.060561,103.13,0.0,382.33,244.94,5
stageA_best,normal_neg_coco_val,D:\_eth_data\eth_shuttle_detection\coco_val_easy\images\train\000000337185.jpg,0.060253,62.82,0.0,300.89,214.41,5
stageA_best,normal_neg_coco_val,D:\_eth_data\eth_shuttle_detection\coco_val_easy\images\train\000000337185.jpg,0.038972,117.32,0.0,344.3,196.0,5
stageA_best,normal_neg_coco_val,D:\_eth_data\eth_shuttle_detection\coco_val_easy\images\train\000000337185.jpg,0.01828,41.12,0.0,315.61,247.56,5
stageA_best,normal_neg_coco_val,D:\_eth_data\eth_shuttle_detection\coco_val_easy\images\train\000000337185.jpg,0.010775,97.52,0.0,281.34,166.41,5
stageA_best,normal_neg_coco_val,D:\_eth_data\eth_shuttle_detection\coco_val_easy\images\train\000000345063.jpg,0.051708,69.17,296.76,76.61,302.84,3
stageA_best,normal_neg_coco_val,D:\_eth_data\eth_shuttle_detection\coco_val_easy\images\train\000000345063.jpg,0.014183,67.58,296.35,76.89,303.41,3
stageA_best,normal_neg_coco_val,D:\_eth_data\eth_shuttle_detection\coco_val_easy\images\train\000000345063.jpg,0.012375,80.57,317.88,86.34,323.26,3
stageA_best,normal_neg_coco_val,D:\_eth_data\eth_shuttle_detection\coco_val_easy\images\train\000000352828.jpg,0.011131,416.09,240.4,423.89,248.35,1
stageA_best,normal_neg_coco_val,D:\_eth_data\eth_shuttle_detection\coco_val_easy\images\train\000000359507.jpg,0.020602,111.64,291.66,115.45,294.9,1
stageA_best,normal_neg_coco_val,D:\_eth_data\eth_shuttle_detection\coco_val_easy\images\train\000000360725.jpg,0.076489,117.06,448.53,122.03,452.45,2
stageA_best,normal_neg_coco_val,D:\_eth_data\eth_shuttle_detection\coco_val_easy\images\train\000000360725.jpg,0.020657,405.62,20.28,408.27,22.93,2
stageA_best,normal_neg_coco_val,D:\_eth_data\eth_shuttle_detection\coco_val_easy\images\train\000000361858.jpg,0.037734,95.38,288.32,99.54,292.23,2
stageA_best,normal_neg_coco_val,D:\_eth_data\eth_shuttle_detection\coco_val_easy\images\train\000000361858.jpg,0.030082,37.87,168.69,43.04,172.69,2
stageA_best,normal_neg_coco_val,D:\_eth_data\eth_shuttle_detection\coco_val_easy\images\train\000000362568.jpg,0.022839,84.41,380.09,109.58,403.83,1
stageA_best,normal_neg_coco_val,D:\_eth_data\eth_shuttle_detection\coco_val_easy\images\train\000000373193.jpg,0.097207,461.39,151.77,465.21,155.42,1
stageA_best,normal_neg_coco_val,D:\_eth_data\eth_shuttle_detection\coco_val_easy\images\train\000000378090.jpg,0.034059,250.34,18.07,262.25,27.05,4
stageA_best,normal_neg_coco_val,D:\_eth_data\eth_shuttle_detection\coco_val_easy\images\train\000000378090.jpg,0.031938,30.85,16.76,42.14,24.5,4
stageA_best,normal_neg_coco_val,D:\_eth_data\eth_shuttle_detection\coco_val_easy\images\train\000000378090.jpg,0.030211,219.78,67.12,227.71,72.38,4
stageA_best,normal_neg_coco_val,D:\_eth_data\eth_shuttle_detection\coco_val_easy\images\train\000000378090.jpg,0.016077,7.86,171.49,12.23,176.79,4
stageA_best,normal_neg_coco_val,D:\_eth_data\eth_shuttle_detection\coco_val_easy\images\train\000000380227.jpg,0.01181,129.03,20.58,138.92,29.39,1
stageA_best,normal_neg_coco_val,D:\_eth_data\eth_shuttle_detection\coco_val_easy\images\train\000000389977.jpg,0.018508,120.0,270.84,125.3,275.84,1
stageA_best,normal_neg_coco_val,D:\_eth_data\eth_shuttle_detection\coco_val_easy\images\train\000000390159.jpg,0.051643,427.34,0.0,553.05,144.9,4
stageA_best,normal_neg_coco_val,D:\_eth_data\eth_shuttle_detection\coco_val_easy\images\train\000000390159.jpg,0.025695,425.55,9.86,536.45,127.11,4
stageA_best,normal_neg_coco_val,D:\_eth_data\eth_shuttle_detection\coco_val_easy\images\train\000000390159.jpg,0.023806,387.11,7.38,545.46,162.96,4
stageA_best,normal_neg_coco_val,D:\_eth_data\eth_shuttle_detection\coco_val_easy\images\train\000000390159.jpg,0.02304,406.39,0.0,570.94,174.12,4
stageA_best,normal_neg_coco_val,D:\_eth_data\eth_shuttle_detection\coco_val_easy\images\train\000000394322.jpg,0.11383,152.6,161.34,156.53,165.61,10
stageA_best,normal_neg_coco_val,D:\_eth_data\eth_shuttle_detection\coco_val_easy\images\train\000000394322.jpg,0.036322,293.13,262.94,302.53,272.34,10
stageA_best,normal_neg_coco_val,D:\_eth_data\eth_shuttle_detection\coco_val_easy\images\train\000000394322.jpg,0.023504,9.73,239.38,12.96,243.18,10
stageA_best,normal_neg_coco_val,D:\_eth_data\eth_shuttle_detection\coco_val_easy\images\train\000000394322.jpg,0.014226,6.75,242.7,10.98,247.39,10
stageA_best,normal_neg_coco_val,D:\_eth_data\eth_shuttle_detection\coco_val_easy\images\train\000000394322.jpg,0.013666,17.11,89.58,31.15,106.14,10
stageA_best,normal_neg_coco_val,D:\_eth_data\eth_shuttle_detection\coco_val_easy\images\train\000000394322.jpg,0.012901,248.06,213.41,254.13,219.8,10
stageA_best,normal_neg_coco_val,D:\_eth_data\eth_shuttle_detection\coco_val_easy\images\train\000000394322.jpg,0.011952,208.15,161.82,212.09,165.96,10
stageA_best,normal_neg_coco_val,D:\_eth_data\eth_shuttle_detection\coco_val_easy\images\train\000000394322.jpg,0.011139,9.2,240.03,12.6,244.5,10
stageA_best,normal_neg_coco_val,D:\_eth_data\eth_shuttle_detection\coco_val_easy\images\train\000000394322.jpg,0.010769,268.79,269.42,279.62,280.65,10
stageA_best,normal_neg_coco_val,D:\_eth_data\eth_shuttle_detection\coco_val_easy\images\train\000000394322.jpg,0.010102,468.35,305.81,475.46,314.83,10
stageA_best,normal_neg_coco_val,D:\_eth_data\eth_shuttle_detection\coco_val_easy\images\train\000000408779.jpg,0.019714,306.18,573.21,315.97,579.54,1
stageA_best,normal_neg_coco_val,D:\_eth_data\eth_shuttle_detection\coco_val_easy\images\train\000000411028.jpg,0.045626,184.61,129.9,187.89,132.72,1
stageA_best,normal_neg_coco_val,D:\_eth_data\eth_shuttle_detection\coco_val_easy\images\train\000000411958.jpg,0.015554,191.6,279.97,196.25,284.35,1
stageA_best,normal_neg_coco_val,D:\_eth_data\eth_shuttle_detection\coco_val_easy\images\train\000000414822.jpg,0.057159,306.4,73.32,311.98,78.48,1
stageA_best,normal_neg_coco_val,D:\_eth_data\eth_shuttle_detection\coco_val_easy\images\train\000000418070.jpg,0.03049,328.47,547.71,337.31,554.77,1
stageA_best,normal_neg_coco_val,D:\_eth_data\eth_shuttle_detection\coco_val_easy\images\train\000000424532.jpg,0.118483,43.55,351.48,48.89,356.66,2
stageA_best,normal_neg_coco_val,D:\_eth_data\eth_shuttle_detection\coco_val_easy\images\train\000000424532.jpg,0.018657,42.66,349.98,48.65,356.3,2
stageA_best,normal_neg_coco_val,D:\_eth_data\eth_shuttle_detection\coco_val_easy\images\train\000000426318.jpg,0.013881,498.83,89.62,513.94,107.07,1
stageA_best,normal_neg_coco_val,D:\_eth_data\eth_shuttle_detection\coco_val_easy\images\train\000000440895.jpg,0.375925,173.92,272.88,178.6,278.88,4
stageA_best,normal_neg_coco_val,D:\_eth_data\eth_shuttle_detection\coco_val_easy\images\train\000000440895.jpg,0.033917,260.31,135.49,271.32,147.45,4
stageA_best,normal_neg_coco_val,D:\_eth_data\eth_shuttle_detection\coco_val_easy\images\train\000000440895.jpg,0.033232,384.91,330.96,393.94,339.8,4
stageA_best,normal_neg_coco_val,D:\_eth_data\eth_shuttle_detection\coco_val_easy\images\train\000000440895.jpg,0.022288,173.59,272.01,178.64,277.97,4
stageA_best,normal_neg_coco_val,D:\_eth_data\eth_shuttle_detection\coco_val_easy\images\train\000000442343.jpg,0.045802,129.12,19.94,325.83,255.37,5
stageA_best,normal_neg_coco_val,D:\_eth_data\eth_shuttle_detection\coco_val_easy\images\train\000000442343.jpg,0.022061,69.86,10.39,331.73,295.18,5
stageA_best,normal_neg_coco_val,D:\_eth_data\eth_shuttle_detection\coco_val_easy\images\train\000000442343.jpg,0.019728,169.28,81.32,406.23,345.74,5
stageA_best,normal_neg_coco_val,D:\_eth_data\eth_shuttle_detection\coco_val_easy\images\train\000000442343.jpg,0.013446,193.28,28.38,422.25,296.89,5
stageA_best,normal_neg_coco_val,D:\_eth_data\eth_shuttle_detection\coco_val_easy\images\train\000000442343.jpg,0.010668,150.13,17.6,442.3,349.82,5
stageA_best,normal_neg_coco_val,D:\_eth_data\eth_shuttle_detection\coco_val_easy\images\train\000000452331.jpg,0.052951,352.88,57.95,358.92,64.38,2
stageA_best,normal_neg_coco_val,D:\_eth_data\eth_shuttle_detection\coco_val_easy\images\train\000000452331.jpg,0.01688,428.47,297.8,431.54,301.09,2
stageA_best,normal_neg_coco_val,D:\_eth_data\eth_shuttle_detection\coco_val_easy\images\train\000000458137.jpg,0.013242,79.04,309.23,85.37,315.5,1
stageA_best,normal_neg_coco_val,D:\_eth_data\eth_shuttle_detection\coco_val_easy\images\train\000000479427.jpg,0.017638,300.42,182.81,305.42,188.42,1
stageA_best,normal_neg_coco_val,D:\_eth_data\eth_shuttle_detection\coco_val_easy\images\train\000000485032.jpg,0.050372,279.96,101.67,290.65,113.26,1
stageA_best,normal_neg_coco_val,D:\_eth_data\eth_shuttle_detection\coco_val_easy\images\train\000000492132.jpg,0.048313,71.62,86.85,334.06,253.38,7
stageA_best,normal_neg_coco_val,D:\_eth_data\eth_shuttle_detection\coco_val_easy\images\train\000000492132.jpg,0.020783,50.86,79.33,378.82,327.62,7
stageA_best,normal_neg_coco_val,D:\_eth_data\eth_shuttle_detection\coco_val_easy\images\train\000000492132.jpg,0.018774,64.65,33.43,393.61,375.0,7
stageA_best,normal_neg_coco_val,D:\_eth_data\eth_shuttle_detection\coco_val_easy\images\train\000000492132.jpg,0.018441,225.63,76.59,500.0,325.71,7
stageA_best,normal_neg_coco_val,D:\_eth_data\eth_shuttle_detection\coco_val_easy\images\train\000000492132.jpg,0.015912,269.05,109.89,457.47,267.09,7
stageA_best,normal_neg_coco_val,D:\_eth_data\eth_shuttle_detection\coco_val_easy\images\train\000000492132.jpg,0.014081,112.73,97.7,328.44,210.27,7
stageA_best,normal_neg_coco_val,D:\_eth_data\eth_shuttle_detection\coco_val_easy\images\train\000000492132.jpg,0.011325,116.27,87.76,396.61,300.89,7
stageA_best,normal_neg_coco_val,D:\_eth_data\eth_shuttle_detection\coco_val_easy\images\train\000000492541.jpg,0.064777,368.49,82.64,640.0,292.46,17
stageA_best,normal_neg_coco_val,D:\_eth_data\eth_shuttle_detection\coco_val_easy\images\train\000000492541.jpg,0.059126,355.97,77.74,640.0,190.77,17
stageA_best,normal_neg_coco_val,D:\_eth_data\eth_shuttle_detection\coco_val_easy\images\train\000000492541.jpg,0.054499,286.73,60.75,632.29,284.34,17
stageA_best,normal_neg_coco_val,D:\_eth_data\eth_shuttle_detection\coco_val_easy\images\train\000000492541.jpg,0.047987,303.04,76.05,640.0,235.08,17
stageA_best,normal_neg_coco_val,D:\_eth_data\eth_shuttle_detection\coco_val_easy\images\train\000000492541.jpg,0.044196,280.84,49.35,640.0,339.61,17
stageA_best,normal_neg_coco_val,D:\_eth_data\eth_shuttle_detection\coco_val_easy\images\train\000000492541.jpg,0.029194,488.28,64.9,640.0,242.95,17
stageA_best,normal_neg_coco_val,D:\_eth_data\eth_shuttle_detection\coco_val_easy\images\train\000000492541.jpg,0.029048,306.16,60.43,533.66,177.48,17
stageA_best,normal_neg_coco_val,D:\_eth_data\eth_shuttle_detection\coco_val_easy\images\train\000000492541.jpg,0.028749,463.21,76.84,640.0,266.36,17
stageA_best,normal_neg_coco_val,D:\_eth_data\eth_shuttle_detection\coco_val_easy\images\train\000000492541.jpg,0.024502,352.71,15.26,585.46,267.86,17
stageA_best,normal_neg_coco_val,D:\_eth_data\eth_shuttle_detection\coco_val_easy\images\train\000000492541.jpg,0.023409,462.46,83.5,640.0,192.26,17
stageA_best,normal_neg_coco_val,D:\_eth_data\eth_shuttle_detection\coco_val_easy\images\train\000000492541.jpg,0.023026,325.61,24.69,640.0,422.64,17
stageA_best,normal_neg_coco_val,D:\_eth_data\eth_shuttle_detection\coco_val_easy\images\train\000000492541.jpg,0.020545,376.13,54.97,547.01,218.86,17
stageA_best,normal_neg_coco_val,D:\_eth_data\eth_shuttle_detection\coco_val_easy\images\train\000000492541.jpg,0.019473,476.25,75.77,632.22,219.74,17
stageA_best,normal_neg_coco_val,D:\_eth_data\eth_shuttle_detection\coco_val_easy\images\train\000000492541.jpg,0.017743,414.72,98.2,640.0,269.85,17
stageA_best,normal_neg_coco_val,D:\_eth_data\eth_shuttle_detection\coco_val_easy\images\train\000000492541.jpg,0.013201,347.82,61.4,562.34,163.47,17
stageA_best,normal_neg_coco_val,D:\_eth_data\eth_shuttle_detection\coco_val_easy\images\train\000000492541.jpg,0.011197,435.68,39.34,640.0,319.55,17
stageA_best,normal_neg_coco_val,D:\_eth_data\eth_shuttle_detection\coco_val_easy\images\train\000000492541.jpg,0.010039,322.29,0.0,613.44,313.48,17
stageA_best,normal_neg_coco_val,D:\_eth_data\eth_shuttle_detection\coco_val_easy\images\train\000000496444.jpg,0.023471,441.79,115.8,449.26,122.49,1
stageA_best,normal_neg_coco_val,D:\_eth_data\eth_shuttle_detection\coco_val_easy\images\train\000000497207.jpg,0.05609,338.06,81.46,578.09,379.45,10
stageA_best,normal_neg_coco_val,D:\_eth_data\eth_shuttle_detection\coco_val_easy\images\train\000000497207.jpg,0.046412,292.35,65.2,640.0,427.0,10
stageA_best,normal_neg_coco_val,D:\_eth_data\eth_shuttle_detection\coco_val_easy\images\train\000000497207.jpg,0.046196,348.71,86.7,548.3,317.23,10
stageA_best,normal_neg_coco_val,D:\_eth_data\eth_shuttle_detection\coco_val_easy\images\train\000000497207.jpg,0.04094,276.45,47.56,540.08,330.67,10
stageA_best,normal_neg_coco_val,D:\_eth_data\eth_shuttle_detection\coco_val_easy\images\train\000000497207.jpg,0.033827,320.24,45.14,533.85,293.12,10
stageA_best,normal_neg_coco_val,D:\_eth_data\eth_shuttle_detection\coco_val_easy\images\train\000000497207.jpg,0.019439,317.33,102.15,578.0,427.0,10
stageA_best,normal_neg_coco_val,D:\_eth_data\eth_shuttle_detection\coco_val_easy\images\train\000000497207.jpg,0.019129,352.34,76.54,515.3,257.78,10
stageA_best,normal_neg_coco_val,D:\_eth_data\eth_shuttle_detection\coco_val_easy\images\train\000000497207.jpg,0.017143,293.36,63.71,498.11,288.41,10
stageA_best,normal_neg_coco_val,D:\_eth_data\eth_shuttle_detection\coco_val_easy\images\train\000000497207.jpg,0.015081,302.52,99.96,532.67,349.32,10
stageA_best,normal_neg_coco_val,D:\_eth_data\eth_shuttle_detection\coco_val_easy\images\train\000000497207.jpg,0.012489,330.15,105.77,489.57,298.79,10
stageA_best,normal_neg_coco_val,D:\_eth_data\eth_shuttle_detection\coco_val_easy\images\train\000000501575.jpg,0.024083,256.03,122.98,260.94,128.32,1
stageA_best,normal_neg_coco_val,D:\_eth_data\eth_shuttle_detection\coco_val_easy\images\train\000000501773.jpg,0.076961,100.87,421.3,106.73,425.32,3
stageA_best,normal_neg_coco_val,D:\_eth_data\eth_shuttle_detection\coco_val_easy\images\train\000000501773.jpg,0.017044,248.12,387.3,252.93,391.16,3
stageA_best,normal_neg_coco_val,D:\_eth_data\eth_shuttle_detection\coco_val_easy\images\train\000000501773.jpg,0.010309,101.27,421.57,107.38,425.99,3
stageA_best,normal_neg_coco_val,D:\_eth_data\eth_shuttle_detection\coco_val_easy\images\train\000000503569.jpg,0.031123,310.99,317.55,316.36,322.75,1
stageA_best,normal_neg_coco_val,D:\_eth_data\eth_shuttle_detection\coco_val_easy\images\train\000000504125.jpg,0.012845,356.19,310.66,367.96,319.92,1
stageA_best,normal_neg_coco_val,D:\_eth_data\eth_shuttle_detection\coco_val_easy\images\train\000000506066.jpg,0.040448,387.38,567.46,397.2,575.22,3
stageA_best,normal_neg_coco_val,D:\_eth_data\eth_shuttle_detection\coco_val_easy\images\train\000000506066.jpg,0.022849,459.59,197.55,469.22,204.0,3
stageA_best,normal_neg_coco_val,D:\_eth_data\eth_shuttle_detection\coco_val_easy\images\train\000000506066.jpg,0.01314,461.0,197.02,470.43,203.67,3
stageA_best,normal_neg_coco_val,D:\_eth_data\eth_shuttle_detection\coco_val_easy\images\train\000000509047.jpg,0.013957,98.75,386.16,102.32,389.47,1
stageA_best,normal_neg_coco_val,D:\_eth_data\eth_shuttle_detection\coco_val_easy\images\train\000000510172.jpg,0.02298,412.95,195.99,640.0,428.0,1
stageA_best,normal_neg_coco_val,D:\_eth_data\eth_shuttle_detection\coco_val_easy\images\train\000000532178.jpg,0.067206,595.29,411.7,600.37,416.24,2
stageA_best,normal_neg_coco_val,D:\_eth_data\eth_shuttle_detection\coco_val_easy\images\train\000000532178.jpg,0.016641,593.48,411.07,600.63,417.01,2
stageA_best,normal_neg_coco_val,D:\_eth_data\eth_shuttle_detection\coco_val_easy\images\train\000000552031.jpg,0.443596,390.83,215.66,397.4,221.94,1
stageA_best,normal_neg_coco_val,D:\_eth_data\eth_shuttle_detection\coco_val_easy\images\train\000000565594.jpg,0.159981,2.04,32.18,11.37,45.11,2
stageA_best,normal_neg_coco_val,D:\_eth_data\eth_shuttle_detection\coco_val_easy\images\train\000000565594.jpg,0.011658,0.0,270.07,4.12,279.62,2
stageA_best,normal_neg_coco_val,D:\_eth_data\eth_shuttle_detection\coco_val_easy\images\train\000000566387.jpg,0.011873,198.81,8.84,202.38,13.68,2
stageA_best,normal_neg_coco_val,D:\_eth_data\eth_shuttle_detection\coco_val_easy\images\train\000000566387.jpg,0.010604,152.39,29.06,154.9,32.21,2
stageA_best,normal_neg_coco_val,D:\_eth_data\eth_shuttle_detection\coco_val_easy\images\train\000000566713.jpg,0.012963,456.69,40.7,458.71,43.28,1
stageA_best,normal_neg_coco_val,D:\_eth_data\eth_shuttle_detection\coco_val_easy\images\train\000000570952.jpg,0.029034,229.24,62.01,524.45,364.03,3
stageA_best,normal_neg_coco_val,D:\_eth_data\eth_shuttle_detection\coco_val_easy\images\train\000000570952.jpg,0.01607,77.4,0.0,401.41,235.96,3
stageA_best,normal_neg_coco_val,D:\_eth_data\eth_shuttle_detection\coco_val_easy\images\train\000000570952.jpg,0.015553,85.48,0.0,430.01,305.77,3
stageB_best_e10,normal_neg_coco_val,D:\_eth_data\eth_shuttle_detection\coco_val_easy\images\train\000000010039.jpg,0.012849,102.58,395.83,106.33,400.19,1
stageB_best_e10,normal_neg_coco_val,D:\_eth_data\eth_shuttle_detection\coco_val_easy\images\train\000000092557.jpg,0.113879,570.19,98.87,579.46,105.94,1
stageB_best_e10,normal_neg_coco_val,D:\_eth_data\eth_shuttle_detection\coco_val_easy\images\train\000000094148.jpg,0.064136,226.96,299.22,230.69,302.82,1
stageB_best_e10,normal_neg_coco_val,D:\_eth_data\eth_shuttle_detection\coco_val_easy\images\train\000000103504.jpg,0.037152,282.86,404.6,289.94,412.78,3
stageB_best_e10,normal_neg_coco_val,D:\_eth_data\eth_shuttle_detection\coco_val_easy\images\train\000000103504.jpg,0.012051,281.34,405.52,288.33,413.9,3
stageB_best_e10,normal_neg_coco_val,D:\_eth_data\eth_shuttle_detection\coco_val_easy\images\train\000000103504.jpg,0.010921,144.78,333.78,149.34,338.56,3
stageB_best_e10,normal_neg_coco_val,D:\_eth_data\eth_shuttle_detection\coco_val_easy\images\train\000000137094.jpg,0.090557,348.29,389.08,356.96,399.07,2
stageB_best_e10,normal_neg_coco_val,D:\_eth_data\eth_shuttle_detection\coco_val_easy\images\train\000000137094.jpg,0.018639,349.42,388.83,358.3,398.15,2
stageB_best_e10,normal_neg_coco_val,D:\_eth_data\eth_shuttle_detection\coco_val_easy\images\train\000000141211.jpg,0.104284,550.08,237.64,557.75,245.1,1
stageB_best_e10,normal_neg_coco_val,D:\_eth_data\eth_shuttle_detection\coco_val_easy\images\train\000000144088.jpg,0.011146,332.67,448.94,337.61,453.84,1
stageB_best_e10,normal_neg_coco_val,D:\_eth_data\eth_shuttle_detection\coco_val_easy\images\train\000000164901.jpg,0.028441,38.43,617.18,43.32,621.71,1
stageB_best_e10,normal_neg_coco_val,D:\_eth_data\eth_shuttle_detection\coco_val_easy\images\train\000000186620.jpg,0.017725,437.08,0.0,453.67,11.17,2
stageB_best_e10,normal_neg_coco_val,D:\_eth_data\eth_shuttle_detection\coco_val_easy\images\train\000000186620.jpg,0.015293,0.0,80.2,11.68,98.68,2
stageB_best_e10,normal_neg_coco_val,D:\_eth_data\eth_shuttle_detection\coco_val_easy\images\train\000000212739.jpg,0.022212,613.25,300.73,620.43,307.35,1
stageB_best_e10,normal_neg_coco_val,D:\_eth_data\eth_shuttle_detection\coco_val_easy\images\train\000000224285.jpg,0.0266,314.43,262.68,322.61,270.89,1
stageB_best_e10,normal_neg_coco_val,D:\_eth_data\eth_shuttle_detection\coco_val_easy\images\train\000000237075.jpg,0.013535,634.55,394.0,640.0,409.2,1
stageB_best_e10,normal_neg_coco_val,D:\_eth_data\eth_shuttle_detection\coco_val_easy\images\train\000000253537.jpg,0.059025,205.03,357.08,210.01,361.29,2
stageB_best_e10,normal_neg_coco_val,D:\_eth_data\eth_shuttle_detection\coco_val_easy\images\train\000000253537.jpg,0.045462,204.52,355.84,211.01,362.11,2
stageB_best_e10,normal_neg_coco_val,D:\_eth_data\eth_shuttle_detection\coco_val_easy\images\train\000000283940.jpg,0.014367,94.77,236.33,98.41,240.24,1
stageB_best_e10,normal_neg_coco_val,D:\_eth_data\eth_shuttle_detection\coco_val_easy\images\train\000000296065.jpg,0.020278,8.66,198.56,24.87,223.86,1
stageB_best_e10,normal_neg_coco_val,D:\_eth_data\eth_shuttle_detection\coco_val_easy\images\train\000000297323.jpg,0.015578,118.37,287.85,144.33,330.14,2
stageB_best_e10,normal_neg_coco_val,D:\_eth_data\eth_shuttle_detection\coco_val_easy\images\train\000000297323.jpg,0.014193,47.56,15.35,66.12,37.63,2
stageB_best_e10,normal_neg_coco_val,D:\_eth_data\eth_shuttle_detection\coco_val_easy\images\train\000000332748.jpg,0.249883,383.5,156.73,395.49,165.99,1
stageB_best_e10,normal_neg_coco_val,D:\_eth_data\eth_shuttle_detection\coco_val_easy\images\train\000000378169.jpg,0.101122,555.61,400.92,558.26,403.51,1
stageB_best_e10,normal_neg_coco_val,D:\_eth_data\eth_shuttle_detection\coco_val_easy\images\train\000000403851.jpg,0.013544,454.12,426.18,458.05,429.79,1
stageB_best_e10,normal_neg_coco_val,D:\_eth_data\eth_shuttle_detection\coco_val_easy\images\train\000000406142.jpg,0.012506,504.22,634.75,510.02,639.32,1
stageB_best_e10,normal_neg_coco_val,D:\_eth_data\eth_shuttle_detection\coco_val_easy\images\train\000000408779.jpg,0.02814,306.15,572.76,315.69,578.96,1
stageB_best_e10,normal_neg_coco_val,D:\_eth_data\eth_shuttle_detection\coco_val_easy\images\train\000000417570.jpg,0.094301,337.3,330.12,348.44,338.39,1
stageB_best_e10,normal_neg_coco_val,D:\_eth_data\eth_shuttle_detection\coco_val_easy\images\train\000000428736.jpg,0.026912,158.56,72.82,162.76,76.91,1
stageB_best_e10,normal_neg_coco_val,D:\_eth_data\eth_shuttle_detection\coco_val_easy\images\train\000000440895.jpg,0.289959,259.64,135.39,270.57,146.02,5
stageB_best_e10,normal_neg_coco_val,D:\_eth_data\eth_shuttle_detection\coco_val_easy\images\train\000000440895.jpg,0.065349,259.41,135.11,271.33,149.21,5
stageB_best_e10,normal_neg_coco_val,D:\_eth_data\eth_shuttle_detection\coco_val_easy\images\train\000000440895.jpg,0.045901,385.12,330.91,393.8,339.75,5
stageB_best_e10,normal_neg_coco_val,D:\_eth_data\eth_shuttle_detection\coco_val_easy\images\train\000000440895.jpg,0.025835,70.35,365.47,72.98,368.77,5
stageB_best_e10,normal_neg_coco_val,D:\_eth_data\eth_shuttle_detection\coco_val_easy\images\train\000000440895.jpg,0.016162,465.45,132.84,470.05,137.8,5
stageB_best_e10,normal_neg_coco_val,D:\_eth_data\eth_shuttle_detection\coco_val_easy\images\train\000000444419.jpg,0.060141,114.76,186.03,119.87,192.06,1
stageB_best_e10,normal_neg_coco_val,D:\_eth_data\eth_shuttle_detection\coco_val_easy\images\train\000000458611.jpg,0.027874,616.29,285.07,639.25,308.56,1
stageB_best_e10,normal_neg_coco_val,D:\_eth_data\eth_shuttle_detection\coco_val_easy\images\train\000000485422.jpg,0.017122,423.14,187.2,429.36,192.22,1
stageB_best_e10,normal_neg_coco_val,D:\_eth_data\eth_shuttle_detection\coco_val_easy\images\train\000000499396.jpg,0.029457,284.33,472.47,296.09,486.29,1
stageB_best_e10,normal_neg_coco_val,D:\_eth_data\eth_shuttle_detection\coco_val_easy\images\train\000000510172.jpg,0.011207,574.64,157.12,585.02,167.31,1
stageB_best_e10,normal_neg_coco_val,D:\_eth_data\eth_shuttle_detection\coco_val_easy\images\train\000000512337.jpg,0.011584,17.77,605.88,27.62,613.8,1
stageB_best_e10,normal_neg_coco_val,D:\_eth_data\eth_shuttle_detection\coco_val_easy\images\train\000000515354.jpg,0.087882,310.28,324.64,315.04,329.21,2
stageB_best_e10,normal_neg_coco_val,D:\_eth_data\eth_shuttle_detection\coco_val_easy\images\train\000000515354.jpg,0.033686,265.93,447.75,271.75,453.25,2
stageB_best_e10,normal_neg_coco_val,D:\_eth_data\eth_shuttle_detection\coco_val_easy\images\train\000000521236.jpg,0.111645,181.8,189.9,191.49,197.39,1
stageB_best_e10,normal_neg_coco_val,D:\_eth_data\eth_shuttle_detection\coco_val_easy\images\train\000000537790.jpg,0.014064,292.03,235.18,298.43,241.79,1
stageB_best_e10,normal_neg_coco_val,D:\_eth_data\eth_shuttle_detection\coco_val_easy\images\train\000000541027.jpg,0.010293,569.36,79.59,577.95,92.69,1
stageB_best_e10,normal_neg_coco_val,D:\_eth_data\eth_shuttle_detection\coco_val_easy\images\train\000000548773.jpg,0.017334,5.62,451.48,9.8,455.41,1
stageB_last_e70,normal_neg_coco_val,D:\_eth_data\eth_shuttle_detection\coco_val_easy\images\train\000000015175.jpg,0.01214,572.01,153.64,581.7,161.8,1
stageB_last_e70,normal_neg_coco_val,D:\_eth_data\eth_shuttle_detection\coco_val_easy\images\train\000000065981.jpg,0.142209,191.9,13.34,196.67,18.2,1
stageB_last_e70,normal_neg_coco_val,D:\_eth_data\eth_shuttle_detection\coco_val_easy\images\train\000000104191.jpg,0.024505,538.95,91.61,554.15,111.01,1
stageB_last_e70,normal_neg_coco_val,D:\_eth_data\eth_shuttle_detection\coco_val_easy\images\train\000000214927.jpg,0.020649,213.33,0.0,235.8,15.54,1
stageB_last_e70,normal_neg_coco_val,D:\_eth_data\eth_shuttle_detection\coco_val_easy\images\train\000000224285.jpg,0.043053,313.63,262.65,322.55,270.73,1
stageB_last_e70,normal_neg_coco_val,D:\_eth_data\eth_shuttle_detection\coco_val_easy\images\train\000000232770.jpg,0.681635,170.54,601.1,175.22,605.9,1
stageB_last_e70,normal_neg_coco_val,D:\_eth_data\eth_shuttle_detection\coco_val_easy\images\train\000000318162.jpg,0.07574,451.35,208.12,458.2,215.83,1
stageB_last_e70,normal_neg_coco_val,D:\_eth_data\eth_shuttle_detection\coco_val_easy\images\train\000000355054.jpg,0.019872,120.31,415.39,126.46,423.28,1
stageB_last_e70,normal_neg_coco_val,D:\_eth_data\eth_shuttle_detection\coco_val_easy\images\train\000000378169.jpg,0.020378,555.63,400.46,558.35,403.2,1
stageB_last_e70,normal_neg_coco_val,D:\_eth_data\eth_shuttle_detection\coco_val_easy\images\train\000000390159.jpg,0.230277,592.67,366.09,595.58,369.53,1
stageB_last_e70,normal_neg_coco_val,D:\_eth_data\eth_shuttle_detection\coco_val_easy\images\train\000000440895.jpg,0.307051,47.42,171.94,58.64,180.01,1
stageB_last_e70,normal_neg_coco_val,D:\_eth_data\eth_shuttle_detection\coco_val_easy\images\train\000000444419.jpg,0.659252,114.34,185.44,120.17,192.43,1
stageB_last_e70,normal_neg_coco_val,D:\_eth_data\eth_shuttle_detection\coco_val_easy\images\train\000000485422.jpg,0.061852,400.48,146.18,407.31,152.49,1
stageB_last_e70,normal_neg_coco_val,D:\_eth_data\eth_shuttle_detection\coco_val_easy\images\train\000000537790.jpg,0.548436,291.87,234.95,298.42,241.98,1
stageB_last_e70,normal_neg_coco_val,D:\_eth_data\eth_shuttle_detection\coco_val_easy\images\train\000000570695.jpg,0.028022,565.24,98.86,571.44,103.63,1
stageA_best,normal_neg_bg_val,E:\具身智能\badmin_project\outputs\shuttle_capability\train_data\bg_val\tbg_015.jpg,0.366166,474.78,1391.51,522.28,1440.44,6
stageA_best,normal_neg_bg_val,E:\具身智能\badmin_project\outputs\shuttle_capability\train_data\bg_val\tbg_015.jpg,0.02907,1378.73,236.62,1429.1,278.31,6
stageA_best,normal_neg_bg_val,E:\具身智能\badmin_project\outputs\shuttle_capability\train_data\bg_val\tbg_015.jpg,0.025381,570.34,277.1,600.79,302.1,6
stageA_best,normal_neg_bg_val,E:\具身智能\badmin_project\outputs\shuttle_capability\train_data\bg_val\tbg_015.jpg,0.014514,852.29,263.27,880.88,288.23,6
stageA_best,normal_neg_bg_val,E:\具身智能\badmin_project\outputs\shuttle_capability\train_data\bg_val\tbg_015.jpg,0.013518,394.53,2233.45,409.85,2247.58,6
stageA_best,normal_neg_bg_val,E:\具身智能\badmin_project\outputs\shuttle_capability\train_data\bg_val\tbg_015.jpg,0.010848,292.43,1111.83,325.38,1145.05,6
stageA_best,normal_neg_bg_val,E:\具身智能\badmin_project\outputs\shuttle_capability\train_data\bg_val\tbg_025.jpg,0.026683,550.62,73.25,558.63,80.58,4
stageA_best,normal_neg_bg_val,E:\具身智能\badmin_project\outputs\shuttle_capability\train_data\bg_val\tbg_025.jpg,0.022871,659.39,1049.99,667.12,1057.02,4
stageA_best,normal_neg_bg_val,E:\具身智能\badmin_project\outputs\shuttle_capability\train_data\bg_val\tbg_025.jpg,0.013991,549.41,72.35,559.62,81.49,4
stageA_best,normal_neg_bg_val,E:\具身智能\badmin_project\outputs\shuttle_capability\train_data\bg_val\tbg_025.jpg,0.011169,1.21,373.05,24.88,404.45,4
stageB_best_e10,normal_neg_bg_val,E:\具身智能\badmin_project\outputs\shuttle_capability\train_data\bg_val\tbg_010.jpg,0.020648,1001.1,854.29,1025.91,889.42,2
stageB_best_e10,normal_neg_bg_val,E:\具身智能\badmin_project\outputs\shuttle_capability\train_data\bg_val\tbg_010.jpg,0.01412,1002.21,859.59,1023.57,893.48,2
stageB_best_e10,normal_neg_bg_val,E:\具身智能\badmin_project\outputs\shuttle_capability\train_data\bg_val\tbg_015.jpg,0.684025,1147.1,246.56,1180.11,276.07,11
stageB_best_e10,normal_neg_bg_val,E:\具身智能\badmin_project\outputs\shuttle_capability\train_data\bg_val\tbg_015.jpg,0.619763,473.32,1390.6,523.26,1436.09,11
stageB_best_e10,normal_neg_bg_val,E:\具身智能\badmin_project\outputs\shuttle_capability\train_data\bg_val\tbg_015.jpg,0.563094,1287.82,344.98,1319.59,372.64,11
stageB_best_e10,normal_neg_bg_val,E:\具身智能\badmin_project\outputs\shuttle_capability\train_data\bg_val\tbg_015.jpg,0.351278,210.49,222.28,243.21,251.24,11
stageB_best_e10,normal_neg_bg_val,E:\具身智能\badmin_project\outputs\shuttle_capability\train_data\bg_val\tbg_015.jpg,0.331027,0.0,804.49,141.96,1089.57,11
stageB_best_e10,normal_neg_bg_val,E:\具身智能\badmin_project\outputs\shuttle_capability\train_data\bg_val\tbg_015.jpg,0.233334,1451.75,226.77,1483.92,255.56,11
stageB_best_e10,normal_neg_bg_val,E:\具身智能\badmin_project\outputs\shuttle_capability\train_data\bg_val\tbg_015.jpg,0.193446,1362.62,343.47,1389.82,368.59,11
stageB_best_e10,normal_neg_bg_val,E:\具身智能\badmin_project\outputs\shuttle_capability\train_data\bg_val\tbg_015.jpg,0.192814,852.21,262.19,881.23,289.47,11
stageB_best_e10,normal_neg_bg_val,E:\具身智能\badmin_project\outputs\shuttle_capability\train_data\bg_val\tbg_015.jpg,0.146789,0.0,799.05,150.35,1035.58,11
stageB_best_e10,normal_neg_bg_val,E:\具身智能\badmin_project\outputs\shuttle_capability\train_data\bg_val\tbg_015.jpg,0.093076,1576.14,330.32,1607.15,359.26,11
stageB_best_e10,normal_neg_bg_val,E:\具身智能\badmin_project\outputs\shuttle_capability\train_data\bg_val\tbg_015.jpg,0.013467,570.12,275.33,600.96,303.23,11
stageB_best_e10,normal_neg_bg_val,E:\具身智能\badmin_project\outputs\shuttle_capability\train_data\bg_val\tbg_025.jpg,0.02512,552.5,72.66,557.84,78.74,2
stageB_best_e10,normal_neg_bg_val,E:\具身智能\badmin_project\outputs\shuttle_capability\train_data\bg_val\tbg_025.jpg,0.012056,1295.57,801.75,1316.06,816.52,2
stageB_best_e10,normal_neg_bg_val,E:\具身智能\badmin_project\outputs\shuttle_capability\train_data\bg_val\tbg_040.jpg,0.088916,1505.92,685.46,1519.4,698.16,6
stageB_best_e10,normal_neg_bg_val,E:\具身智能\badmin_project\outputs\shuttle_capability\train_data\bg_val\tbg_040.jpg,0.018344,1507.82,683.41,1520.63,696.5,6
stageB_best_e10,normal_neg_bg_val,E:\具身智能\badmin_project\outputs\shuttle_capability\train_data\bg_val\tbg_040.jpg,0.017624,265.53,811.33,278.89,825.65,6
stageB_best_e10,normal_neg_bg_val,E:\具身智能\badmin_project\outputs\shuttle_capability\train_data\bg_val\tbg_040.jpg,0.015258,625.45,467.15,637.78,477.75,6
stageB_best_e10,normal_neg_bg_val,E:\具身智能\badmin_project\outputs\shuttle_capability\train_data\bg_val\tbg_040.jpg,0.014661,550.0,252.54,569.83,275.14,6
stageB_best_e10,normal_neg_bg_val,E:\具身智能\badmin_project\outputs\shuttle_capability\train_data\bg_val\tbg_040.jpg,0.010322,546.97,252.51,564.92,271.65,6
stageB_last_e70,normal_neg_bg_val,E:\具身智能\badmin_project\outputs\shuttle_capability\train_data\bg_val\tbg_015.jpg,0.047672,0.0,799.43,122.78,1063.26,1
stageB_last_e70,normal_neg_bg_val,E:\具身智能\badmin_project\outputs\shuttle_capability\train_data\bg_val\tbg_025.jpg,0.014493,83.97,200.14,90.05,205.16,1
stageB_last_e70,normal_neg_bg_val,E:\具身智能\badmin_project\outputs\shuttle_capability\train_data\bg_val\tbg_040.jpg,0.174654,1228.26,256.44,1242.63,272.07,8
stageB_last_e70,normal_neg_bg_val,E:\具身智能\badmin_project\outputs\shuttle_capability\train_data\bg_val\tbg_040.jpg,0.086643,1230.12,258.09,1244.5,273.56,8
stageB_last_e70,normal_neg_bg_val,E:\具身智能\badmin_project\outputs\shuttle_capability\train_data\bg_val\tbg_040.jpg,0.054682,1522.56,190.52,1547.88,219.82,8
stageB_last_e70,normal_neg_bg_val,E:\具身智能\badmin_project\outputs\shuttle_capability\train_data\bg_val\tbg_040.jpg,0.046797,1614.73,294.44,1628.64,308.33,8
stageB_last_e70,normal_neg_bg_val,E:\具身智能\badmin_project\outputs\shuttle_capability\train_data\bg_val\tbg_040.jpg,0.034008,894.84,259.11,909.0,272.91,8
stageB_last_e70,normal_neg_bg_val,E:\具身智能\badmin_project\outputs\shuttle_capability\train_data\bg_val\tbg_040.jpg,0.015102,892.57,260.96,906.49,274.28,8
stageB_last_e70,normal_neg_bg_val,E:\具身智能\badmin_project\outputs\shuttle_capability\train_data\bg_val\tbg_040.jpg,0.011367,217.69,372.48,226.97,382.56,8
stageB_last_e70,normal_neg_bg_val,E:\具身智能\badmin_project\outputs\shuttle_capability\train_data\bg_val\tbg_040.jpg,0.011191,1225.48,255.72,1239.97,271.22,8
stageA_best,frozen_real_backgrounds,E:\具身智能\badmin_project\outputs\shuttle_capability\real_images\backgrounds\bg_007.jpg,0.100617,417.87,436.12,429.42,446.17,2
stageA_best,frozen_real_backgrounds,E:\具身智能\badmin_project\outputs\shuttle_capability\real_images\backgrounds\bg_007.jpg,0.02522,415.57,435.05,429.81,447.45,2
stageA_best,frozen_real_backgrounds,E:\具身智能\badmin_project\outputs\shuttle_capability\real_images\backgrounds\bg_009.jpg,0.213804,391.66,775.75,419.6,796.43,4
stageA_best,frozen_real_backgrounds,E:\具身智能\badmin_project\outputs\shuttle_capability\real_images\backgrounds\bg_009.jpg,0.017689,585.19,171.43,592.33,177.14,4
stageA_best,frozen_real_backgrounds,E:\具身智能\badmin_project\outputs\shuttle_capability\real_images\backgrounds\bg_009.jpg,0.015669,851.71,92.97,873.7,117.66,4
stageA_best,frozen_real_backgrounds,E:\具身智能\badmin_project\outputs\shuttle_capability\real_images\backgrounds\bg_009.jpg,0.014816,1170.72,463.23,1180.17,477.93,4
stageA_best,frozen_real_backgrounds,E:\具身智能\badmin_project\outputs\shuttle_capability\real_images\backgrounds\bg_010.jpg,0.017781,1229.96,661.82,1252.04,688.9,1
stageA_best,frozen_real_backgrounds,E:\具身智能\badmin_project\outputs\shuttle_capability\real_images\backgrounds\bg_011.jpg,0.136183,845.72,913.58,866.2,948.32,7
stageA_best,frozen_real_backgrounds,E:\具身智能\badmin_project\outputs\shuttle_capability\real_images\backgrounds\bg_011.jpg,0.091854,1629.14,883.43,1645.18,895.95,7
stageA_best,frozen_real_backgrounds,E:\具身智能\badmin_project\outputs\shuttle_capability\real_images\backgrounds\bg_011.jpg,0.072926,498.64,1229.44,511.91,1241.66,7
stageA_best,frozen_real_backgrounds,E:\具身智能\badmin_project\outputs\shuttle_capability\real_images\backgrounds\bg_011.jpg,0.03585,1626.3,883.74,1643.89,898.3,7
stageA_best,frozen_real_backgrounds,E:\具身智能\badmin_project\outputs\shuttle_capability\real_images\backgrounds\bg_011.jpg,0.022422,1019.63,949.16,1034.95,973.55,7
stageA_best,frozen_real_backgrounds,E:\具身智能\badmin_project\outputs\shuttle_capability\real_images\backgrounds\bg_011.jpg,0.019636,1654.83,461.64,1674.25,479.11,7
stageA_best,frozen_real_backgrounds,E:\具身智能\badmin_project\outputs\shuttle_capability\real_images\backgrounds\bg_011.jpg,0.011074,1655.94,1022.64,1680.0,1040.35,7
stageA_best,frozen_real_backgrounds,E:\具身智能\badmin_project\outputs\shuttle_capability\real_images\backgrounds\bg_012.jpg,0.068658,723.58,867.33,736.73,882.53,5
stageA_best,frozen_real_backgrounds,E:\具身智能\badmin_project\outputs\shuttle_capability\real_images\backgrounds\bg_012.jpg,0.02891,55.44,898.61,86.35,931.95,5
stageA_best,frozen_real_backgrounds,E:\具身智能\badmin_project\outputs\shuttle_capability\real_images\backgrounds\bg_012.jpg,0.022066,1430.57,338.22,1440.73,349.84,5
stageA_best,frozen_real_backgrounds,E:\具身智能\badmin_project\outputs\shuttle_capability\real_images\backgrounds\bg_012.jpg,0.017472,1042.83,787.05,1066.22,804.26,5
stageA_best,frozen_real_backgrounds,E:\具身智能\badmin_project\outputs\shuttle_capability\real_images\backgrounds\bg_012.jpg,0.011521,1207.63,263.52,1224.31,280.71,5
stageA_best,frozen_real_backgrounds,E:\具身智能\badmin_project\outputs\shuttle_capability\real_images\backgrounds\bg_015.jpg,0.071062,1456.25,2182.43,1468.41,2196.63,2
stageA_best,frozen_real_backgrounds,E:\具身智能\badmin_project\outputs\shuttle_capability\real_images\backgrounds\bg_015.jpg,0.027318,211.34,2149.89,224.02,2163.36,2
stageA_best,frozen_real_backgrounds,E:\具身智能\badmin_project\outputs\shuttle_capability\real_images\backgrounds\bg_016.jpg,0.461832,275.82,1296.9,303.27,1326.95,3
stageA_best,frozen_real_backgrounds,E:\具身智能\badmin_project\outputs\shuttle_capability\real_images\backgrounds\bg_016.jpg,0.175944,1645.44,713.15,1664.91,734.97,3
stageA_best,frozen_real_backgrounds,E:\具身智能\badmin_project\outputs\shuttle_capability\real_images\backgrounds\bg_016.jpg,0.014555,325.32,1880.43,353.32,1905.44,3
stageA_best,frozen_real_backgrounds,E:\具身智能\badmin_project\outputs\shuttle_capability\real_images\backgrounds\bg_018.jpg,0.044048,1328.94,277.76,1348.13,293.66,2
stageA_best,frozen_real_backgrounds,E:\具身智能\badmin_project\outputs\shuttle_capability\real_images\backgrounds\bg_018.jpg,0.035653,268.21,917.8,282.94,934.86,2
stageA_best,frozen_real_backgrounds,E:\具身智能\badmin_project\outputs\shuttle_capability\real_images\backgrounds\bg_021.jpg,0.026751,1102.38,327.38,1108.32,333.2,2
stageA_best,frozen_real_backgrounds,E:\具身智能\badmin_project\outputs\shuttle_capability\real_images\backgrounds\bg_021.jpg,0.013956,855.44,423.55,861.5,428.73,2
stageA_best,frozen_real_backgrounds,E:\具身智能\badmin_project\outputs\shuttle_capability\real_images\backgrounds\bg_024.jpg,0.071062,1456.25,2182.43,1468.41,2196.63,2
stageA_best,frozen_real_backgrounds,E:\具身智能\badmin_project\outputs\shuttle_capability\real_images\backgrounds\bg_024.jpg,0.027318,211.34,2149.89,224.02,2163.36,2
stageA_best,frozen_real_backgrounds,E:\具身智能\badmin_project\outputs\shuttle_capability\real_images\backgrounds\bg_026.jpg,0.013654,1723.82,379.21,1769.77,433.64,1
stageA_best,frozen_real_backgrounds,E:\具身智能\badmin_project\outputs\shuttle_capability\real_images\backgrounds\bg_032.jpg,0.592071,552.35,1006.66,616.68,1068.29,1
stageB_best_e10,frozen_real_backgrounds,E:\具身智能\badmin_project\outputs\shuttle_capability\real_images\backgrounds\bg_007.jpg,0.065576,418.69,435.28,429.11,445.87,2
stageB_best_e10,frozen_real_backgrounds,E:\具身智能\badmin_project\outputs\shuttle_capability\real_images\backgrounds\bg_007.jpg,0.015549,418.93,432.32,430.72,445.41,2
stageB_best_e10,frozen_real_backgrounds,E:\具身智能\badmin_project\outputs\shuttle_capability\real_images\backgrounds\bg_009.jpg,0.568025,392.34,775.12,419.52,797.93,5
stageB_best_e10,frozen_real_backgrounds,E:\具身智能\badmin_project\outputs\shuttle_capability\real_images\backgrounds\bg_009.jpg,0.269826,1168.99,463.19,1180.63,477.41,5
stageB_best_e10,frozen_real_backgrounds,E:\具身智能\badmin_project\outputs\shuttle_capability\real_images\backgrounds\bg_009.jpg,0.051286,681.03,371.41,690.73,379.94,5
stageB_best_e10,frozen_real_backgrounds,E:\具身智能\badmin_project\outputs\shuttle_capability\real_images\backgrounds\bg_009.jpg,0.033061,94.4,550.98,104.79,562.4,5
stageB_best_e10,frozen_real_backgrounds,E:\具身智能\badmin_project\outputs\shuttle_capability\real_images\backgrounds\bg_009.jpg,0.027704,285.16,365.67,295.15,375.92,5
stageB_best_e10,frozen_real_backgrounds,E:\具身智能\badmin_project\outputs\shuttle_capability\real_images\backgrounds\bg_010.jpg,0.042426,1229.14,661.17,1251.09,689.98,1
stageB_best_e10,frozen_real_backgrounds,E:\具身智能\badmin_project\outputs\shuttle_capability\real_images\backgrounds\bg_011.jpg,0.022822,500.4,1229.99,511.93,1241.1,2
stageB_best_e10,frozen_real_backgrounds,E:\具身智能\badmin_project\outputs\shuttle_capability\real_images\backgrounds\bg_011.jpg,0.01595,848.56,930.0,861.86,947.75,2
stageB_best_e10,frozen_real_backgrounds,E:\具身智能\badmin_project\outputs\shuttle_capability\real_images\backgrounds\bg_012.jpg,0.186518,723.26,865.0,737.62,882.21,4
stageB_best_e10,frozen_real_backgrounds,E:\具身智能\badmin_project\outputs\shuttle_capability\real_images\backgrounds\bg_012.jpg,0.030048,488.47,876.51,501.4,887.83,4
stageB_best_e10,frozen_real_backgrounds,E:\具身智能\badmin_project\outputs\shuttle_capability\real_images\backgrounds\bg_012.jpg,0.023381,1129.71,925.45,1142.51,937.9,4
stageB_best_e10,frozen_real_backgrounds,E:\具身智能\badmin_project\outputs\shuttle_capability\real_images\backgrounds\bg_012.jpg,0.013934,1127.38,924.11,1144.94,942.3,4
stageB_best_e10,frozen_real_backgrounds,E:\具身智能\badmin_project\outputs\shuttle_capability\real_images\backgrounds\bg_015.jpg,0.147305,357.14,0.0,1427.08,575.37,4
stageB_best_e10,frozen_real_backgrounds,E:\具身智能\badmin_project\outputs\shuttle_capability\real_images\backgrounds\bg_015.jpg,0.038968,745.69,0.0,1668.45,494.45,4
stageB_best_e10,frozen_real_backgrounds,E:\具身智能\badmin_project\outputs\shuttle_capability\real_images\backgrounds\bg_015.jpg,0.022751,1456.24,2181.32,1468.6,2197.04,4
stageB_best_e10,frozen_real_backgrounds,E:\具身智能\badmin_project\outputs\shuttle_capability\real_images\backgrounds\bg_015.jpg,0.010063,218.79,0.0,1060.5,517.07,4
stageB_best_e10,frozen_real_backgrounds,E:\具身智能\badmin_project\outputs\shuttle_capability\real_images\backgrounds\bg_018.jpg,0.010922,1328.33,277.98,1348.24,295.48,1
stageB_best_e10,frozen_real_backgrounds,E:\具身智能\badmin_project\outputs\shuttle_capability\real_images\backgrounds\bg_019.jpg,0.029669,146.28,322.9,177.73,357.52,2
stageB_best_e10,frozen_real_backgrounds,E:\具身智能\badmin_project\outputs\shuttle_capability\real_images\backgrounds\bg_019.jpg,0.014086,1777.06,377.64,1799.93,405.65,2
stageB_best_e10,frozen_real_backgrounds,E:\具身智能\badmin_project\outputs\shuttle_capability\real_images\backgrounds\bg_021.jpg,0.018236,783.03,501.8,795.32,510.99,1
stageB_best_e10,frozen_real_backgrounds,E:\具身智能\badmin_project\outputs\shuttle_capability\real_images\backgrounds\bg_022.jpg,0.042652,1660.15,372.14,1674.71,391.3,1
stageB_best_e10,frozen_real_backgrounds,E:\具身智能\badmin_project\outputs\shuttle_capability\real_images\backgrounds\bg_024.jpg,0.147305,357.14,0.0,1427.08,575.37,4
stageB_best_e10,frozen_real_backgrounds,E:\具身智能\badmin_project\outputs\shuttle_capability\real_images\backgrounds\bg_024.jpg,0.038968,745.69,0.0,1668.45,494.45,4
stageB_best_e10,frozen_real_backgrounds,E:\具身智能\badmin_project\outputs\shuttle_capability\real_images\backgrounds\bg_024.jpg,0.022751,1456.24,2181.32,1468.6,2197.04,4
stageB_best_e10,frozen_real_backgrounds,E:\具身智能\badmin_project\outputs\shuttle_capability\real_images\backgrounds\bg_024.jpg,0.010063,218.79,0.0,1060.5,517.07,4
stageB_best_e10,frozen_real_backgrounds,E:\具身智能\badmin_project\outputs\shuttle_capability\real_images\backgrounds\bg_025.jpg,0.010734,1738.89,591.38,1751.08,602.83,1
stageB_best_e10,frozen_real_backgrounds,E:\具身智能\badmin_project\outputs\shuttle_capability\real_images\backgrounds\bg_029.jpg,0.011091,291.11,754.76,307.35,772.08,1
stageB_best_e10,frozen_real_backgrounds,E:\具身智能\badmin_project\outputs\shuttle_capability\real_images\backgrounds\bg_030.jpg,0.023143,1744.76,967.26,1761.35,982.33,2
stageB_best_e10,frozen_real_backgrounds,E:\具身智能\badmin_project\outputs\shuttle_capability\real_images\backgrounds\bg_030.jpg,0.02068,965.59,937.66,987.17,957.55,2
stageB_best_e10,frozen_real_backgrounds,E:\具身智能\badmin_project\outputs\shuttle_capability\real_images\backgrounds\bg_032.jpg,0.592772,554.39,1005.13,615.39,1071.61,1
stageB_last_e70,frozen_real_backgrounds,E:\具身智能\badmin_project\outputs\shuttle_capability\real_images\backgrounds\bg_016.jpg,0.014736,81.61,0.0,786.53,1558.56,1
stageB_last_e70,frozen_real_backgrounds,E:\具身智能\badmin_project\outputs\shuttle_capability\real_images\backgrounds\bg_019.jpg,0.162793,1775.22,383.22,1796.84,401.6,1
