checkpoint,set,total_FP_conf_ge_0.01,0.01-0.05,0.05-0.10,0.10-0.25,0.25-0.50,0.50-0.75,0.75-1.00,max_conf
stageA_best,frozen_real_backgrounds,32,21,5,4,1,1,0,0.592071
stageA_best,hard_negative,61,47,8,4,2,0,0,0.40142
stageA_best,normal_neg_bg_val,10,9,0,0,1,0,0,0.366166
stageA_best,normal_neg_coco_val,252,189,33,20,8,2,0,0.654601
stageB_best_e10,frozen_real_backgrounds,32,24,2,3,1,2,0,0.592772
stageB_best_e10,hard_negative,37,29,5,3,0,0,0,0.186773
stageB_best_e10,normal_neg_bg_val,21,10,2,4,2,3,0,0.684025
stageB_best_e10,normal_neg_coco_val,46,33,7,5,1,0,0,0.289959
stageB_last_e70,frozen_real_backgrounds,2,1,0,1,0,0,0,0.162793
stageB_last_e70,hard_negative,5,4,1,0,0,0,0,0.080093
stageB_last_e70,normal_neg_bg_val,10,7,2,1,0,0,0,0.174654
stageB_last_e70,normal_neg_coco_val,15,7,2,2,1,3,0,0.681635
