checkpoint,set,scope,class,GT,count,share,mean_iou,mean_center_px640,median_center_px640,median_norm_center,mean_width_rel,mean_height_rel
a_best,val,ALL,A,3260,2781,0.853067,0.805323,0.690241,0.531894,0.048866,0.0794,0.112356
a_best,val,ALL,B,3260,21,0.006442,0.460025,2.707236,1.947291,0.251019,0.351094,0.443453
a_best,val,ALL,C,3260,4,0.001227,0.2194,6.425717,5.987458,0.478539,0.765771,0.898441
a_best,val,ALL,D,3260,454,0.139264,0.0,222.363306,185.476685,19.967446,0.891525,1.002322
a_best,val,<4,A,24,1,0.041667,0.502264,,,,,
a_best,val,<4,B,24,0,0.0,,,,,,
a_best,val,<4,C,24,1,0.041667,0.282744,,,,,
a_best,val,<4,D,24,22,0.916667,0.0,,,,,
a_best,val,4-6,A,71,25,0.352113,0.699385,,,,,
a_best,val,4-6,B,71,2,0.028169,0.442112,,,,,
a_best,val,4-6,C,71,1,0.014085,0.164677,,,,,
a_best,val,4-6,D,71,43,0.605634,0.0,,,,,
a_best,val,6-8,A,251,197,0.784861,0.781262,,,,,
a_best,val,6-8,B,251,4,0.015936,0.431153,,,,,
a_best,val,6-8,C,251,0,0.0,,,,,,
a_best,val,6-8,D,251,50,0.199203,0.0,,,,,
a_best,val,8-12,A,1724,1514,0.87819,0.805452,,,,,
a_best,val,8-12,B,1724,7,0.00406,0.462515,,,,,
a_best,val,8-12,C,1724,0,0.0,,,,,,
a_best,val,8-12,D,1724,203,0.117749,0.0,,,,,
a_best,val,12-16,A,755,678,0.898013,0.809964,,,,,
a_best,val,12-16,B,755,3,0.003974,0.485985,,,,,
a_best,val,12-16,C,755,1,0.001325,0.230469,,,,,
a_best,val,12-16,D,755,73,0.096689,0.0,,,,,
a_best,val,16-24,A,343,301,0.877551,0.818208,,,,,
a_best,val,16-24,B,343,4,0.011662,0.467027,,,,,
a_best,val,16-24,C,343,0,0.0,,,,,,
a_best,val,16-24,D,343,38,0.110787,0.0,,,,,
a_best,val,24-32,A,52,40,0.769231,0.81683,,,,,
a_best,val,24-32,B,52,0,0.0,,,,,,
a_best,val,24-32,C,52,0,0.0,,,,,,
a_best,val,24-32,D,52,12,0.230769,0.0,,,,,
a_best,val,32-64,A,29,18,0.62069,0.811834,,,,,
a_best,val,32-64,B,29,1,0.034483,0.488026,,,,,
a_best,val,32-64,C,29,1,0.034483,0.199711,,,,,
a_best,val,32-64,D,29,9,0.310345,0.0,,,,,
a_best,val,>64,A,11,7,0.636364,0.789853,,,,,
a_best,val,>64,B,11,0,0.0,,,,,,
a_best,val,>64,C,11,0,0.0,,,,,,
a_best,val,>64,D,11,4,0.363636,0.0,,,,,
b_best,val,ALL,A,3260,2526,0.774847,0.818989,0.601522,0.437543,0.041058,0.073786,0.106746
b_best,val,ALL,B,3260,20,0.006135,0.428499,2.699538,1.566943,0.225511,0.397468,0.498648
b_best,val,ALL,C,3260,0,0.0,,,,,,
b_best,val,ALL,D,3260,714,0.219018,0.0,247.816573,201.148765,30.284637,1.355011,1.480841
b_best,val,<4,A,24,1,0.041667,0.639355,,,,,
b_best,val,<4,B,24,1,0.041667,0.353509,,,,,
b_best,val,<4,C,24,0,0.0,,,,,,
b_best,val,<4,D,24,22,0.916667,0.0,,,,,
b_best,val,4-6,A,71,24,0.338028,0.708248,,,,,
b_best,val,4-6,B,71,5,0.070423,0.431076,,,,,
b_best,val,4-6,C,71,0,0.0,,,,,,
b_best,val,4-6,D,71,42,0.591549,0.0,,,,,
b_best,val,6-8,A,251,197,0.784861,0.788454,,,,,
b_best,val,6-8,B,251,3,0.011952,0.442831,,,,,
b_best,val,6-8,C,251,0,0.0,,,,,,
b_best,val,6-8,D,251,51,0.203187,0.0,,,,,
b_best,val,8-12,A,1724,1471,0.853248,0.819197,,,,,
b_best,val,8-12,B,1724,3,0.00174,0.436738,,,,,
b_best,val,8-12,C,1724,0,0.0,,,,,,
b_best,val,8-12,D,1724,250,0.145012,0.0,,,,,
b_best,val,12-16,A,755,552,0.731126,0.829935,,,,,
b_best,val,12-16,B,755,3,0.003974,0.492477,,,,,
b_best,val,12-16,C,755,0,0.0,,,,,,
b_best,val,12-16,D,755,200,0.264901,0.0,,,,,
b_best,val,16-24,A,343,224,0.653061,0.828704,,,,,
b_best,val,16-24,B,343,2,0.005831,0.439007,,,,,
b_best,val,16-24,C,343,0,0.0,,,,,,
b_best,val,16-24,D,343,117,0.341108,0.0,,,,,
b_best,val,24-32,A,52,26,0.5,0.822941,,,,,
b_best,val,24-32,B,52,1,0.019231,0.328294,,,,,
b_best,val,24-32,C,52,0,0.0,,,,,,
b_best,val,24-32,D,52,25,0.480769,0.0,,,,,
b_best,val,32-64,A,29,22,0.758621,0.824431,,,,,
b_best,val,32-64,B,29,2,0.068966,0.369323,,,,,
b_best,val,32-64,C,29,0,0.0,,,,,,
b_best,val,32-64,D,29,5,0.172414,0.0,,,,,
b_best,val,>64,A,11,9,0.818182,0.830871,,,,,
b_best,val,>64,B,11,0,0.0,,,,,,
b_best,val,>64,C,11,0,0.0,,,,,,
b_best,val,>64,D,11,2,0.181818,0.0,,,,,
b_last,val,ALL,A,3260,1923,0.589877,0.818963,0.568386,0.43498,0.040149,0.068699,0.111989
b_last,val,ALL,B,3260,7,0.002147,0.459648,1.858624,1.848235,0.123872,0.36422,0.325962
b_last,val,ALL,C,3260,1,0.000307,0.203337,12.333235,12.333235,0.357521,0.544394,0.496433
b_last,val,ALL,D,3260,1329,0.407669,0.0,226.314391,194.396002,24.840372,1.145471,0.909313
b_last,val,<4,A,24,1,0.041667,0.578369,,,,,
b_last,val,<4,B,24,0,0.0,,,,,,
b_last,val,<4,C,24,0,0.0,,,,,,
b_last,val,<4,D,24,23,0.958333,0.0,,,,,
b_last,val,4-6,A,71,14,0.197183,0.716952,,,,,
b_last,val,4-6,B,71,1,0.014085,0.445187,,,,,
b_last,val,4-6,C,71,0,0.0,,,,,,
b_last,val,4-6,D,71,56,0.788732,0.0,,,,,
b_last,val,6-8,A,251,146,0.581673,0.802789,,,,,
b_last,val,6-8,B,251,1,0.003984,0.438229,,,,,
b_last,val,6-8,C,251,0,0.0,,,,,,
b_last,val,6-8,D,251,104,0.414343,0.0,,,,,
b_last,val,8-12,A,1724,1164,0.675174,0.815231,,,,,
b_last,val,8-12,B,1724,1,0.00058,0.488093,,,,,
b_last,val,8-12,C,1724,0,0.0,,,,,,
b_last,val,8-12,D,1724,559,0.324246,0.0,,,,,
b_last,val,12-16,A,755,408,0.540397,0.83404,,,,,
b_last,val,12-16,B,755,1,0.001325,0.496418,,,,,
b_last,val,12-16,C,755,0,0.0,,,,,,
b_last,val,12-16,D,755,346,0.458278,0.0,,,,,
b_last,val,16-24,A,343,152,0.443149,0.832073,,,,,
b_last,val,16-24,B,343,2,0.005831,0.437128,,,,,
b_last,val,16-24,C,343,0,0.0,,,,,,
b_last,val,16-24,D,343,189,0.55102,0.0,,,,,
b_last,val,24-32,A,52,16,0.307692,0.856088,,,,,
b_last,val,24-32,B,52,1,0.019231,0.475356,,,,,
b_last,val,24-32,C,52,0,0.0,,,,,,
b_last,val,24-32,D,52,35,0.673077,0.0,,,,,
b_last,val,32-64,A,29,14,0.482759,0.793232,,,,,
b_last,val,32-64,B,29,0,0.0,,,,,,
b_last,val,32-64,C,29,1,0.034483,0.203337,,,,,
b_last,val,32-64,D,29,14,0.482759,0.0,,,,,
b_last,val,>64,A,11,8,0.727273,0.818532,,,,,
b_last,val,>64,B,11,0,0.0,,,,,,
b_last,val,>64,C,11,0,0.0,,,,,,
b_last,val,>64,D,11,3,0.272727,0.0,,,,,
a_best,controlled_capability/images,ALL,A,2070,358,0.172947,0.828187,2.345187,0.700285,0.045228,0.067993,0.09276
a_best,controlled_capability/images,ALL,B,2070,1,0.000483,0.411784,0.854677,0.854677,0.427338,0.221842,0.514903
a_best,controlled_capability/images,ALL,C,2070,4,0.001932,0.206346,6.479452,7.795152,0.439602,0.449635,0.542566
a_best,controlled_capability/images,ALL,D,2070,1707,0.824638,0.0,321.510085,337.754865,28.963037,2.290114,1.972809
a_best,controlled_capability/images,<4,A,160,11,0.06875,0.744495,,,,,
a_best,controlled_capability/images,<4,B,160,1,0.00625,0.411784,,,,,
a_best,controlled_capability/images,<4,C,160,1,0.00625,0.296101,,,,,
a_best,controlled_capability/images,<4,D,160,147,0.91875,0.0,,,,,
a_best,controlled_capability/images,4-6,A,106,14,0.132075,0.706796,,,,,
a_best,controlled_capability/images,4-6,B,106,0,0.0,,,,,,
a_best,controlled_capability/images,4-6,C,106,0,0.0,,,,,,
a_best,controlled_capability/images,4-6,D,106,92,0.867925,0.0,,,,,
a_best,controlled_capability/images,6-8,A,54,11,0.203704,0.816546,,,,,
a_best,controlled_capability/images,6-8,B,54,0,0.0,,,,,,
a_best,controlled_capability/images,6-8,C,54,0,0.0,,,,,,
a_best,controlled_capability/images,6-8,D,54,43,0.796296,0.0,,,,,
a_best,controlled_capability/images,8-12,A,405,31,0.076543,0.8363,,,,,
a_best,controlled_capability/images,8-12,B,405,0,0.0,,,,,,
a_best,controlled_capability/images,8-12,C,405,0,0.0,,,,,,
a_best,controlled_capability/images,8-12,D,405,374,0.923457,0.0,,,,,
a_best,controlled_capability/images,12-16,A,825,103,0.124848,0.877372,,,,,
a_best,controlled_capability/images,12-16,B,825,0,0.0,,,,,,
a_best,controlled_capability/images,12-16,C,825,0,0.0,,,,,,
a_best,controlled_capability/images,12-16,D,825,722,0.875152,0.0,,,,,
a_best,controlled_capability/images,16-24,A,106,34,0.320755,0.879845,,,,,
a_best,controlled_capability/images,16-24,B,106,0,0.0,,,,,,
a_best,controlled_capability/images,16-24,C,106,3,0.028302,0.176427,,,,,
a_best,controlled_capability/images,16-24,D,106,69,0.650943,0.0,,,,,
a_best,controlled_capability/images,24-32,A,54,27,0.5,0.904961,,,,,
a_best,controlled_capability/images,24-32,B,54,0,0.0,,,,,,
a_best,controlled_capability/images,24-32,C,54,0,0.0,,,,,,
a_best,controlled_capability/images,24-32,D,54,27,0.5,0.0,,,,,
a_best,controlled_capability/images,32-64,A,120,71,0.591667,0.775335,,,,,
a_best,controlled_capability/images,32-64,B,120,0,0.0,,,,,,
a_best,controlled_capability/images,32-64,C,120,0,0.0,,,,,,
a_best,controlled_capability/images,32-64,D,120,49,0.408333,0.0,,,,,
a_best,controlled_capability/images,>64,A,240,56,0.233333,0.780932,,,,,
a_best,controlled_capability/images,>64,B,240,0,0.0,,,,,,
a_best,controlled_capability/images,>64,C,240,0,0.0,,,,,,
a_best,controlled_capability/images,>64,D,240,184,0.766667,0.0,,,,,
b_best,controlled_capability/images,ALL,A,2070,477,0.230435,0.827883,4.107547,0.90188,0.041931,0.086547,0.076081
b_best,controlled_capability/images,ALL,B,2070,48,0.023188,0.391612,47.921028,50.512991,0.197124,0.384604,0.381776
b_best,controlled_capability/images,ALL,C,2070,2,0.000966,0.158369,7.695799,7.695799,0.435291,0.571191,0.579266
b_best,controlled_capability/images,ALL,D,2070,1543,0.745411,0.0,282.06703,304.361607,30.723648,1.394801,1.212958
b_best,controlled_capability/images,<4,A,160,6,0.0375,0.783017,,,,,
b_best,controlled_capability/images,<4,B,160,1,0.00625,0.358237,,,,,
b_best,controlled_capability/images,<4,C,160,0,0.0,,,,,,
b_best,controlled_capability/images,<4,D,160,153,0.95625,0.0,,,,,
b_best,controlled_capability/images,4-6,A,106,13,0.122642,0.757665,,,,,
b_best,controlled_capability/images,4-6,B,106,0,0.0,,,,,,
b_best,controlled_capability/images,4-6,C,106,0,0.0,,,,,,
b_best,controlled_capability/images,4-6,D,106,93,0.877358,0.0,,,,,
b_best,controlled_capability/images,6-8,A,54,9,0.166667,0.76818,,,,,
b_best,controlled_capability/images,6-8,B,54,0,0.0,,,,,,
b_best,controlled_capability/images,6-8,C,54,0,0.0,,,,,,
b_best,controlled_capability/images,6-8,D,54,45,0.833333,0.0,,,,,
b_best,controlled_capability/images,8-12,A,405,34,0.083951,0.838326,,,,,
b_best,controlled_capability/images,8-12,B,405,0,0.0,,,,,,
b_best,controlled_capability/images,8-12,C,405,0,0.0,,,,,,
b_best,controlled_capability/images,8-12,D,405,371,0.916049,0.0,,,,,
b_best,controlled_capability/images,12-16,A,825,135,0.163636,0.865405,,,,,
b_best,controlled_capability/images,12-16,B,825,0,0.0,,,,,,
b_best,controlled_capability/images,12-16,C,825,0,0.0,,,,,,
b_best,controlled_capability/images,12-16,D,825,690,0.836364,0.0,,,,,
b_best,controlled_capability/images,16-24,A,106,35,0.330189,0.891456,,,,,
b_best,controlled_capability/images,16-24,B,106,0,0.0,,,,,,
b_best,controlled_capability/images,16-24,C,106,2,0.018868,0.158369,,,,,
b_best,controlled_capability/images,16-24,D,106,69,0.650943,0.0,,,,,
b_best,controlled_capability/images,24-32,A,54,27,0.5,0.924704,,,,,
b_best,controlled_capability/images,24-32,B,54,0,0.0,,,,,,
b_best,controlled_capability/images,24-32,C,54,0,0.0,,,,,,
b_best,controlled_capability/images,24-32,D,54,27,0.5,0.0,,,,,
b_best,controlled_capability/images,32-64,A,120,102,0.85,0.812663,,,,,
b_best,controlled_capability/images,32-64,B,120,1,0.008333,0.476775,,,,,
b_best,controlled_capability/images,32-64,C,120,0,0.0,,,,,,
b_best,controlled_capability/images,32-64,D,120,17,0.141667,0.0,,,,,
b_best,controlled_capability/images,>64,A,240,116,0.483333,0.767642,,,,,
b_best,controlled_capability/images,>64,B,240,46,0.191667,0.390487,,,,,
b_best,controlled_capability/images,>64,C,240,0,0.0,,,,,,
b_best,controlled_capability/images,>64,D,240,78,0.325,0.0,,,,,
b_last,controlled_capability/images,ALL,A,2070,501,0.242029,0.836231,9.123738,1.468093,0.029303,0.085984,0.074547
b_last,controlled_capability/images,ALL,B,2070,7,0.003382,0.472892,55.214377,69.859884,0.159049,0.344248,0.242354
b_last,controlled_capability/images,ALL,C,2070,0,0.0,,,,,,
b_last,controlled_capability/images,ALL,D,2070,1562,0.754589,0.0,323.256777,341.553051,28.462754,5.277173,5.056404
b_last,controlled_capability/images,<4,A,160,4,0.025,0.699473,,,,,
b_last,controlled_capability/images,<4,B,160,2,0.0125,0.463647,,,,,
b_last,controlled_capability/images,<4,C,160,0,0.0,,,,,,
b_last,controlled_capability/images,<4,D,160,154,0.9625,0.0,,,,,
b_last,controlled_capability/images,4-6,A,106,11,0.103774,0.675182,,,,,
b_last,controlled_capability/images,4-6,B,106,0,0.0,,,,,,
b_last,controlled_capability/images,4-6,C,106,0,0.0,,,,,,
b_last,controlled_capability/images,4-6,D,106,95,0.896226,0.0,,,,,
b_last,controlled_capability/images,6-8,A,54,7,0.12963,0.658274,,,,,
b_last,controlled_capability/images,6-8,B,54,0,0.0,,,,,,
b_last,controlled_capability/images,6-8,C,54,0,0.0,,,,,,
b_last,controlled_capability/images,6-8,D,54,47,0.87037,0.0,,,,,
b_last,controlled_capability/images,8-12,A,405,23,0.05679,0.803158,,,,,
b_last,controlled_capability/images,8-12,B,405,0,0.0,,,,,,
b_last,controlled_capability/images,8-12,C,405,0,0.0,,,,,,
b_last,controlled_capability/images,8-12,D,405,382,0.94321,0.0,,,,,
b_last,controlled_capability/images,12-16,A,825,64,0.077576,0.862066,,,,,
b_last,controlled_capability/images,12-16,B,825,0,0.0,,,,,,
b_last,controlled_capability/images,12-16,C,825,0,0.0,,,,,,
b_last,controlled_capability/images,12-16,D,825,761,0.922424,0.0,,,,,
b_last,controlled_capability/images,16-24,A,106,34,0.320755,0.886905,,,,,
b_last,controlled_capability/images,16-24,B,106,0,0.0,,,,,,
b_last,controlled_capability/images,16-24,C,106,0,0.0,,,,,,
b_last,controlled_capability/images,16-24,D,106,72,0.679245,0.0,,,,,
b_last,controlled_capability/images,24-32,A,54,25,0.462963,0.918545,,,,,
b_last,controlled_capability/images,24-32,B,54,0,0.0,,,,,,
b_last,controlled_capability/images,24-32,C,54,0,0.0,,,,,,
b_last,controlled_capability/images,24-32,D,54,29,0.537037,0.0,,,,,
b_last,controlled_capability/images,32-64,A,120,100,0.833333,0.918591,,,,,
b_last,controlled_capability/images,32-64,B,120,0,0.0,,,,,,
b_last,controlled_capability/images,32-64,C,120,0,0.0,,,,,,
b_last,controlled_capability/images,32-64,D,120,20,0.166667,0.0,,,,,
b_last,controlled_capability/images,>64,A,240,233,0.970833,0.796124,,,,,
b_last,controlled_capability/images,>64,B,240,5,0.020833,0.47659,,,,,
b_last,controlled_capability/images,>64,C,240,0,0.0,,,,,,
b_last,controlled_capability/images,>64,D,240,2,0.008333,0.0,,,,,
a_best,challenge_test/images,ALL,A,194,9,0.046392,0.778229,0.758987,0.414958,0.044543,0.102851,0.081763
a_best,challenge_test/images,ALL,B,194,0,0.0,,,,,,
a_best,challenge_test/images,ALL,C,194,0,0.0,,,,,,
a_best,challenge_test/images,ALL,D,194,185,0.953608,0.0,324.264587,324.264587,36.793749,0.564297,0.803346
a_best,challenge_test/images,<4,A,40,0,0.0,,,,,,
a_best,challenge_test/images,<4,B,40,0,0.0,,,,,,
a_best,challenge_test/images,<4,C,40,0,0.0,,,,,,
a_best,challenge_test/images,<4,D,40,40,1.0,0.0,,,,,
a_best,challenge_test/images,4-6,A,0,0,,,,,,,
a_best,challenge_test/images,4-6,B,0,0,,,,,,,
a_best,challenge_test/images,4-6,C,0,0,,,,,,,
a_best,challenge_test/images,4-6,D,0,0,,,,,,,
a_best,challenge_test/images,6-8,A,66,4,0.060606,0.766016,,,,,
a_best,challenge_test/images,6-8,B,66,0,0.0,,,,,,
a_best,challenge_test/images,6-8,C,66,0,0.0,,,,,,
a_best,challenge_test/images,6-8,D,66,62,0.939394,0.0,,,,,
a_best,challenge_test/images,8-12,A,20,1,0.05,0.771759,,,,,
a_best,challenge_test/images,8-12,B,20,0,0.0,,,,,,
a_best,challenge_test/images,8-12,C,20,0,0.0,,,,,,
a_best,challenge_test/images,8-12,D,20,19,0.95,0.0,,,,,
a_best,challenge_test/images,12-16,A,44,4,0.090909,0.792059,,,,,
a_best,challenge_test/images,12-16,B,44,0,0.0,,,,,,
a_best,challenge_test/images,12-16,C,44,0,0.0,,,,,,
a_best,challenge_test/images,12-16,D,44,40,0.909091,0.0,,,,,
a_best,challenge_test/images,16-24,A,0,0,,,,,,,
a_best,challenge_test/images,16-24,B,0,0,,,,,,,
a_best,challenge_test/images,16-24,C,0,0,,,,,,,
a_best,challenge_test/images,16-24,D,0,0,,,,,,,
a_best,challenge_test/images,24-32,A,0,0,,,,,,,
a_best,challenge_test/images,24-32,B,0,0,,,,,,,
a_best,challenge_test/images,24-32,C,0,0,,,,,,,
a_best,challenge_test/images,24-32,D,0,0,,,,,,,
a_best,challenge_test/images,32-64,A,0,0,,,,,,,
a_best,challenge_test/images,32-64,B,0,0,,,,,,,
a_best,challenge_test/images,32-64,C,0,0,,,,,,,
a_best,challenge_test/images,32-64,D,0,0,,,,,,,
a_best,challenge_test/images,>64,A,24,0,0.0,,,,,,
a_best,challenge_test/images,>64,B,24,0,0.0,,,,,,
a_best,challenge_test/images,>64,C,24,0,0.0,,,,,,
a_best,challenge_test/images,>64,D,24,24,1.0,0.0,,,,,
b_best,challenge_test/images,ALL,A,194,14,0.072165,0.786586,0.765568,0.403589,0.052262,0.107337,0.086867
b_best,challenge_test/images,ALL,B,194,2,0.010309,0.494867,2.454851,2.454851,0.205366,0.165436,0.328369
b_best,challenge_test/images,ALL,C,194,0,0.0,,,,,,
b_best,challenge_test/images,ALL,D,194,178,0.917526,0.0,283.564724,317.730481,26.47754,7.254902,9.74086
b_best,challenge_test/images,<4,A,40,0,0.0,,,,,,
b_best,challenge_test/images,<4,B,40,0,0.0,,,,,,
b_best,challenge_test/images,<4,C,40,0,0.0,,,,,,
b_best,challenge_test/images,<4,D,40,40,1.0,0.0,,,,,
b_best,challenge_test/images,4-6,A,0,0,,,,,,,
b_best,challenge_test/images,4-6,B,0,0,,,,,,,
b_best,challenge_test/images,4-6,C,0,0,,,,,,,
b_best,challenge_test/images,4-6,D,0,0,,,,,,,
b_best,challenge_test/images,6-8,A,66,7,0.106061,0.791741,,,,,
b_best,challenge_test/images,6-8,B,66,0,0.0,,,,,,
b_best,challenge_test/images,6-8,C,66,0,0.0,,,,,,
b_best,challenge_test/images,6-8,D,66,59,0.893939,0.0,,,,,
b_best,challenge_test/images,8-12,A,20,1,0.05,0.898089,,,,,
b_best,challenge_test/images,8-12,B,20,1,0.05,0.496115,,,,,
b_best,challenge_test/images,8-12,C,20,0,0.0,,,,,,
b_best,challenge_test/images,8-12,D,20,18,0.9,0.0,,,,,
b_best,challenge_test/images,12-16,A,44,6,0.136364,0.761988,,,,,
b_best,challenge_test/images,12-16,B,44,1,0.022727,0.493619,,,,,
b_best,challenge_test/images,12-16,C,44,0,0.0,,,,,,
b_best,challenge_test/images,12-16,D,44,37,0.840909,0.0,,,,,
b_best,challenge_test/images,16-24,A,0,0,,,,,,,
b_best,challenge_test/images,16-24,B,0,0,,,,,,,
b_best,challenge_test/images,16-24,C,0,0,,,,,,,
b_best,challenge_test/images,16-24,D,0,0,,,,,,,
b_best,challenge_test/images,24-32,A,0,0,,,,,,,
b_best,challenge_test/images,24-32,B,0,0,,,,,,,
b_best,challenge_test/images,24-32,C,0,0,,,,,,,
b_best,challenge_test/images,24-32,D,0,0,,,,,,,
b_best,challenge_test/images,32-64,A,0,0,,,,,,,
b_best,challenge_test/images,32-64,B,0,0,,,,,,,
b_best,challenge_test/images,32-64,C,0,0,,,,,,,
b_best,challenge_test/images,32-64,D,0,0,,,,,,,
b_best,challenge_test/images,>64,A,24,0,0.0,,,,,,
b_best,challenge_test/images,>64,B,24,0,0.0,,,,,,
b_best,challenge_test/images,>64,C,24,0,0.0,,,,,,
b_best,challenge_test/images,>64,D,24,24,1.0,0.0,,,,,
b_last,challenge_test/images,ALL,A,194,30,0.154639,0.72157,38.834384,38.68776,0.093728,0.172422,0.066784
b_last,challenge_test/images,ALL,B,194,2,0.010309,0.402891,127.562149,127.562149,0.234366,0.460343,0.219438
b_last,challenge_test/images,ALL,C,194,0,0.0,,,,,,
b_last,challenge_test/images,ALL,D,194,162,0.835052,0.0,325.724546,336.294271,28.024523,1.020163,0.79454
b_last,challenge_test/images,<4,A,40,0,0.0,,,,,,
b_last,challenge_test/images,<4,B,40,0,0.0,,,,,,
b_last,challenge_test/images,<4,C,40,0,0.0,,,,,,
b_last,challenge_test/images,<4,D,40,40,1.0,0.0,,,,,
b_last,challenge_test/images,4-6,A,0,0,,,,,,,
b_last,challenge_test/images,4-6,B,0,0,,,,,,,
b_last,challenge_test/images,4-6,C,0,0,,,,,,,
b_last,challenge_test/images,4-6,D,0,0,,,,,,,
b_last,challenge_test/images,6-8,A,66,2,0.030303,0.846212,,,,,
b_last,challenge_test/images,6-8,B,66,0,0.0,,,,,,
b_last,challenge_test/images,6-8,C,66,0,0.0,,,,,,
b_last,challenge_test/images,6-8,D,66,64,0.969697,0.0,,,,,
b_last,challenge_test/images,8-12,A,20,1,0.05,0.868044,,,,,
b_last,challenge_test/images,8-12,B,20,0,0.0,,,,,,
b_last,challenge_test/images,8-12,C,20,0,0.0,,,,,,
b_last,challenge_test/images,8-12,D,20,19,0.95,0.0,,,,,
b_last,challenge_test/images,12-16,A,44,5,0.113636,0.85162,,,,,
b_last,challenge_test/images,12-16,B,44,0,0.0,,,,,,
b_last,challenge_test/images,12-16,C,44,0,0.0,,,,,,
b_last,challenge_test/images,12-16,D,44,39,0.886364,0.0,,,,,
b_last,challenge_test/images,16-24,A,0,0,,,,,,,
b_last,challenge_test/images,16-24,B,0,0,,,,,,,
b_last,challenge_test/images,16-24,C,0,0,,,,,,,
b_last,challenge_test/images,16-24,D,0,0,,,,,,,
b_last,challenge_test/images,24-32,A,0,0,,,,,,,
b_last,challenge_test/images,24-32,B,0,0,,,,,,,
b_last,challenge_test/images,24-32,C,0,0,,,,,,,
b_last,challenge_test/images,24-32,D,0,0,,,,,,,
b_last,challenge_test/images,32-64,A,0,0,,,,,,,
b_last,challenge_test/images,32-64,B,0,0,,,,,,,
b_last,challenge_test/images,32-64,C,0,0,,,,,,,
b_last,challenge_test/images,32-64,D,0,0,,,,,,,
b_last,challenge_test/images,>64,A,24,22,0.916667,0.674024,,,,,
b_last,challenge_test/images,>64,B,24,2,0.083333,0.402891,,,,,
b_last,challenge_test/images,>64,C,24,0,0.0,,,,,,
b_last,challenge_test/images,>64,D,24,0,0.0,,,,,,
