set,bucket,GT_a,GT_b,Recall_a,Recall_b,d_Recall,iou_med_a,iou_med_b,d_iou_med,center_px640_a,center_px640_b,d_center_px640,width_rel_a,width_rel_b,d_width_rel,height_rel_a,height_rel_b,d_height_rel,norm_center_a,norm_center_b,d_norm_center,AP50_a,AP75_a,AP90_a,AP95_a,AP50_b,AP75_b,AP90_b,AP95_b,d_AP50,d_AP75,d_AP90,d_AP95
challenge_test/images,ALL,194,194,,,,,,,,,,,,,,,,,,,,,,,,,,,,,,
challenge_test/images,<4,40,40,0.0,0.0,0.0,,,,,,,,,,,,,,,,0.0,0.0,0.0,0.0,0.0,0.0,0.0,0.0,0.0,0.0,0.0,0.0
challenge_test/images,4-6,0,0,,,,,,,,,,,,,,,,,,,,,,,,,,,,,,
challenge_test/images,6-8,66,66,0.060606,0.106061,0.045455,0.796541,0.809385,0.012844,0.205303,0.393069,0.187766,0.118072,0.118928,0.000856,0.096832,0.069247,-0.027585,0.030794,0.058959,0.028164,0.313131,0.143939,0.030303,0.0,0.337795,0.158249,0.030303,0.0,0.024663,0.01431,0.0,0.0
challenge_test/images,8-12,20,20,0.05,0.05,0.0,0.771759,0.898089,0.12633,1.177499,0.287592,-0.889908,0.089654,0.029433,-0.060221,0.110351,0.068364,-0.041987,0.098736,0.024115,-0.074621,0.225,0.15,0.0,0.0,0.218333,0.15,0.0,0.0,-0.006667,0.0,0.0,0.0
challenge_test/images,12-16,44,44,0.090909,0.136364,0.045455,0.836089,0.762939,-0.07315,0.791388,1.121331,0.329942,0.067904,0.139859,0.071955,0.022812,0.088326,0.065514,0.06476,0.091759,0.026999,0.183712,0.098485,0.022727,0.0,0.28107,0.117424,0.022727,0.0,0.097358,0.018939,0.0,0.0
challenge_test/images,16-24,0,0,,,,,,,,,,,,,,,,,,,,,,,,,,,,,,
challenge_test/images,24-32,0,0,,,,,,,,,,,,,,,,,,,,,,,,,,,,,,
challenge_test/images,32-64,0,0,,,,,,,,,,,,,,,,,,,,,,,,,,,,,,
challenge_test/images,>64,24,24,0.0,0.0,0.0,,,,,,,,,,,,,,,,0.102284,0.017189,0.001533,0.000439,0.264632,0.002778,0.0,0.0,0.162348,-0.014412,-0.001533,-0.000439
controlled_capability/images,ALL,2070,2070,,,,,,,,,,,,,,,,,,,,,,,,,,,,,,
controlled_capability/images,<4,160,160,0.06875,0.05,-0.01875,0.759181,0.732336,-0.026845,0.269497,0.376574,0.107077,0.112712,0.036053,-0.076659,0.062837,0.05271,-0.010127,0.080854,0.112979,0.032125,0.096553,0.061632,0.003125,0.0,0.066052,0.01875,0.0,0.0,-0.0305,-0.042882,-0.003125,0.0
controlled_capability/images,4-6,106,106,0.132075,0.122642,-0.009434,0.717152,0.765536,0.048384,0.431749,0.481498,0.049748,0.164988,0.066758,-0.09823,0.116659,0.085378,-0.031281,0.082412,0.100873,0.018461,0.196659,0.08239,0.0,0.0,0.179917,0.087916,0.009434,0.0,-0.016742,0.005526,0.009434,0.0
controlled_capability/images,6-8,54,54,0.203704,0.166667,-0.037037,0.790056,0.759274,-0.030781,0.213955,0.307486,0.093531,0.111122,0.149173,0.038051,0.072506,0.112596,0.04009,0.029176,0.046115,0.016938,0.287654,0.241358,0.040741,0.0,0.307099,0.197531,0.027778,0.0,0.019444,-0.043827,-0.012963,0.0
controlled_capability/images,8-12,405,405,0.076543,0.083951,0.007407,0.854287,0.844252,-0.010035,0.456539,0.491583,0.035044,0.040601,0.055505,0.014904,0.06241,0.056641,-0.005769,0.0447,0.048229,0.003529,0.251624,0.168644,0.035802,0.0,0.333416,0.255638,0.044444,0.004938,0.081792,0.086994,0.008642,0.004938
controlled_capability/images,12-16,825,825,0.126061,0.163636,0.037576,0.896548,0.879496,-0.017052,0.427363,0.455924,0.028561,0.02518,0.047236,0.022057,0.036608,0.039875,0.003267,0.035391,0.03698,0.001589,0.316108,0.221734,0.079163,0.012121,0.456601,0.384824,0.10303,0.015758,0.140493,0.16309,0.023867,0.003636
controlled_capability/images,16-24,106,106,0.320755,0.330189,0.009434,0.888745,0.888725,-2e-05,0.593542,0.418598,-0.174944,0.043553,0.036707,-0.006846,0.046898,0.058688,0.01179,0.029525,0.022861,-0.006664,0.496855,0.45,0.149371,0.009434,0.482704,0.470126,0.169811,0.028302,-0.014151,0.020126,0.02044,0.018868
controlled_capability/images,24-32,54,54,0.5,0.5,0.0,0.924514,0.936103,0.011589,0.767309,0.627297,-0.140012,0.025257,0.021336,-0.003922,0.030206,0.021689,-0.008517,0.027193,0.021385,-0.005807,0.613426,0.574074,0.407407,0.074074,0.638889,0.611111,0.462963,0.092593,0.025463,0.037037,0.055556,0.018519
controlled_capability/images,32-64,120,120,0.591667,0.85,0.258333,0.783949,0.821939,0.03799,2.914147,2.117762,-0.796385,0.090734,0.107867,0.017133,0.186718,0.095627,-0.091091,0.054686,0.043356,-0.011331,0.8625,0.520519,0.041667,0.008333,0.9375,0.781944,0.145833,0.008333,0.075,0.261425,0.104167,0.0
controlled_capability/images,>64,240,240,0.233333,0.666667,0.433333,0.791322,0.748194,-0.043128,7.607934,12.608807,5.000873,0.05229,0.122003,0.069714,0.065077,0.079106,0.014029,0.077979,0.084732,0.006753,0.639883,0.314428,0.035604,0.000217,0.615598,0.40843,0.079831,0.010417,-0.024284,0.094003,0.044227,0.0102
val,ALL,3260,3260,,,,,,,,,,,,,,,,,,,,,,,,,,,,,,
val,<4,24,24,0.041667,0.041667,0.0,0.502264,0.639355,0.137091,0.557325,0.425184,-0.132141,0.644002,0.352577,-0.291425,0.03633,0.069226,0.032896,0.141309,0.107805,-0.033504,0.14881,0.0,0.0,0.0,0.107634,0.0,0.0,0.0,-0.041176,0.0,0.0,0.0
val,4-6,71,71,0.366197,0.352113,-0.014085,0.705089,0.682385,-0.022704,0.439198,0.420746,-0.018452,0.095684,0.116041,0.020356,0.152218,0.157552,0.005334,0.078073,0.078165,9.1e-05,0.532298,0.20883,0.0,0.0,0.437145,0.15493,0.0,0.0,-0.095153,-0.0539,0.0,0.0
val,6-8,251,251,0.792829,0.796813,0.003984,0.792004,0.795879,0.003876,0.514028,0.460765,-0.053263,0.066315,0.068781,0.002466,0.083891,0.097217,0.013326,0.072906,0.061603,-0.011303,0.845117,0.558165,0.047809,0.0,0.869894,0.605777,0.051793,0.003984,0.024778,0.047612,0.003984,0.003984
val,8-12,1724,1724,0.884571,0.857309,-0.027262,0.8149,0.825798,0.010898,0.481568,0.394649,-0.086919,0.053337,0.046292,-0.007045,0.10698,0.106204,-0.000776,0.049483,0.041115,-0.008368,0.930153,0.721967,0.069978,0.005414,0.932497,0.767508,0.102958,0.008701,0.002345,0.045541,0.03298,0.003287
val,12-16,755,755,0.903311,0.735099,-0.168212,0.826885,0.844779,0.017893,0.586359,0.46378,-0.122579,0.062605,0.060789,-0.001816,0.081201,0.078973,-0.002228,0.043334,0.034725,-0.008609,0.937671,0.707958,0.136424,0.01457,0.889934,0.708168,0.15894,0.011921,-0.047737,0.00021,0.022517,-0.002649
val,16-24,343,343,0.880466,0.655977,-0.22449,0.833002,0.853264,0.020262,0.786234,0.683316,-0.102917,0.063986,0.057353,-0.006633,0.074399,0.068602,-0.005797,0.042274,0.037631,-0.004643,0.917245,0.723032,0.137026,0.011662,0.820554,0.636783,0.154033,0.002915,-0.096691,-0.086249,0.017007,-0.008746
val,24-32,52,52,0.769231,0.5,-0.269231,0.827008,0.828097,0.001089,1.27888,1.470889,0.192009,0.069758,0.056756,-0.013002,0.042917,0.047941,0.005024,0.046922,0.057299,0.010377,0.81685,0.605769,0.134615,0.019231,0.666667,0.483974,0.115385,0.019231,-0.150183,-0.121795,-0.019231,0.0
val,32-64,29,29,0.689655,0.793103,0.103448,0.798987,0.847226,0.048239,1.967126,1.782109,-0.185016,0.058446,0.045638,-0.012809,0.067875,0.073952,0.006076,0.050003,0.042158,-0.007845,0.702107,0.557198,0.137931,0.068966,0.796935,0.672414,0.103448,0.0,0.094828,0.115216,-0.034483,-0.068966
val,>64,11,11,0.636364,0.818182,0.181818,0.750307,0.836883,0.086577,4.467129,3.512849,-0.95428,0.071981,0.085891,0.01391,0.049281,0.057173,0.007891,0.058054,0.049553,-0.008501,0.74026,0.454545,0.090909,0.090909,0.852273,0.727273,0.181818,0.0,0.112013,0.272727,0.090909,-0.090909
