checkpoint,set,bucket,GT,TP@0.5,Recall@0.5,iou_mean,iou_median,center_err_px640_median,norm_center_err_median,width_rel_err_median,height_rel_err_median,AP50,AP75,AP90,AP95
a_best,val,<4,24,1,0.041667,0.502264,0.502264,0.557325,0.141309,0.644002,0.03633,0.14881,0.0,0.0,0.0
a_best,val,4-6,71,26,0.366197,0.699906,0.705089,0.439198,0.078073,0.095684,0.152218,0.532298,0.20883,0.0,0.0
a_best,val,6-8,251,199,0.792829,0.780887,0.792004,0.514028,0.072906,0.066315,0.083891,0.845117,0.558165,0.047809,0.0
a_best,val,8-12,1724,1525,0.884571,0.805379,0.8149,0.481568,0.049483,0.053337,0.10698,0.930153,0.721967,0.069978,0.005414
a_best,val,12-16,755,682,0.903311,0.809572,0.826885,0.586359,0.043334,0.062605,0.081201,0.937671,0.707958,0.136424,0.01457
a_best,val,16-24,343,302,0.880466,0.817258,0.833002,0.786234,0.042274,0.063986,0.074399,0.917245,0.723032,0.137026,0.011662
a_best,val,24-32,52,40,0.769231,0.81683,0.827008,1.27888,0.046922,0.069758,0.042917,0.81685,0.605769,0.134615,0.019231
a_best,val,32-64,29,20,0.689655,0.814514,0.798987,1.967126,0.050003,0.058446,0.067875,0.702107,0.557198,0.137931,0.068966
a_best,val,>64,11,7,0.636364,0.789853,0.750307,4.467129,0.058054,0.071981,0.049281,0.74026,0.454545,0.090909,0.090909
b_best,val,<4,24,1,0.041667,0.639355,0.639355,0.425184,0.107805,0.352577,0.069226,0.107634,0.0,0.0,0.0
b_best,val,4-6,71,25,0.352113,0.701583,0.682385,0.420746,0.078165,0.116041,0.157552,0.437145,0.15493,0.0,0.0
b_best,val,6-8,251,200,0.796813,0.787467,0.795879,0.460765,0.061603,0.068781,0.097217,0.869894,0.605777,0.051793,0.003984
b_best,val,8-12,1724,1478,0.857309,0.818648,0.825798,0.394649,0.041115,0.046292,0.106204,0.932497,0.767508,0.102958,0.008701
b_best,val,12-16,755,555,0.735099,0.829845,0.844779,0.46378,0.034725,0.060789,0.078973,0.889934,0.708168,0.15894,0.011921
b_best,val,16-24,343,225,0.655977,0.829055,0.853264,0.683316,0.037631,0.057353,0.068602,0.820554,0.636783,0.154033,0.002915
b_best,val,24-32,52,26,0.5,0.822941,0.828097,1.470889,0.057299,0.056756,0.047941,0.666667,0.483974,0.115385,0.019231
b_best,val,32-64,29,23,0.793103,0.822371,0.847226,1.782109,0.042158,0.045638,0.073952,0.796935,0.672414,0.103448,0.0
b_best,val,>64,11,9,0.818182,0.830871,0.836883,3.512849,0.049553,0.085891,0.057173,0.852273,0.727273,0.181818,0.0
b_last,val,<4,24,1,0.041667,0.578369,0.578369,0.616598,0.156337,0.4469,0.136963,0.046875,0.0,0.0,0.0
b_last,val,4-6,71,18,0.253521,0.698263,0.707163,0.4022,0.083294,0.158913,0.191617,0.296786,0.085049,0.0,0.0
b_last,val,6-8,251,159,0.633466,0.796968,0.801062,0.403831,0.053971,0.068079,0.097964,0.7251,0.503984,0.057769,0.003984
b_last,val,8-12,1724,1185,0.687355,0.81511,0.821714,0.398112,0.040439,0.045037,0.12177,0.824681,0.667778,0.073086,0.00232
b_last,val,12-16,755,411,0.544371,0.83396,0.850337,0.479782,0.035274,0.060341,0.06584,0.749272,0.570419,0.149669,0.013245
b_last,val,16-24,343,153,0.446064,0.83239,0.843954,0.726325,0.040305,0.062488,0.056864,0.634597,0.484937,0.12828,0.014577
b_last,val,24-32,52,16,0.307692,0.856088,0.861622,0.987085,0.038402,0.051041,0.057329,0.5,0.423077,0.076923,0.0
b_last,val,32-64,29,15,0.517241,0.78995,0.865729,2.430377,0.045214,0.029232,0.066497,0.724138,0.431034,0.172414,0.0
b_last,val,>64,11,8,0.727273,0.818532,0.837583,1.960835,0.024883,0.109149,0.059699,0.863636,0.681818,0.181818,0.0
a_best,controlled_capability/images,<4,160,11,0.06875,0.744495,0.759181,0.269497,0.080854,0.112712,0.062837,0.096553,0.061632,0.003125,0.0
a_best,controlled_capability/images,4-6,106,14,0.132075,0.706796,0.717152,0.431749,0.082412,0.164988,0.116659,0.196659,0.08239,0.0,0.0
a_best,controlled_capability/images,6-8,54,11,0.203704,0.816546,0.790056,0.213955,0.029176,0.111122,0.072506,0.287654,0.241358,0.040741,0.0
a_best,controlled_capability/images,8-12,405,31,0.076543,0.8363,0.854287,0.456539,0.0447,0.040601,0.06241,0.251624,0.168644,0.035802,0.0
a_best,controlled_capability/images,12-16,825,104,0.126061,0.877617,0.896548,0.427363,0.035391,0.02518,0.036608,0.316108,0.221734,0.079163,0.012121
a_best,controlled_capability/images,16-24,106,34,0.320755,0.879845,0.888745,0.593542,0.029525,0.043553,0.046898,0.496855,0.45,0.149371,0.009434
a_best,controlled_capability/images,24-32,54,27,0.5,0.904961,0.924514,0.767309,0.027193,0.025257,0.030206,0.613426,0.574074,0.407407,0.074074
a_best,controlled_capability/images,32-64,120,71,0.591667,0.775335,0.783949,2.914147,0.054686,0.090734,0.186718,0.8625,0.520519,0.041667,0.008333
a_best,controlled_capability/images,>64,240,56,0.233333,0.780932,0.791322,7.607934,0.077979,0.05229,0.065077,0.639883,0.314428,0.035604,0.000217
b_best,controlled_capability/images,<4,160,8,0.05,0.757474,0.732336,0.376574,0.112979,0.036053,0.05271,0.066052,0.01875,0.0,0.0
b_best,controlled_capability/images,4-6,106,13,0.122642,0.757665,0.765536,0.481498,0.100873,0.066758,0.085378,0.179917,0.087916,0.009434,0.0
b_best,controlled_capability/images,6-8,54,9,0.166667,0.76818,0.759274,0.307486,0.046115,0.149173,0.112596,0.307099,0.197531,0.027778,0.0
b_best,controlled_capability/images,8-12,405,34,0.083951,0.838326,0.844252,0.491583,0.048229,0.055505,0.056641,0.333416,0.255638,0.044444,0.004938
b_best,controlled_capability/images,12-16,825,135,0.163636,0.865405,0.879496,0.455924,0.03698,0.047236,0.039875,0.456601,0.384824,0.10303,0.015758
b_best,controlled_capability/images,16-24,106,35,0.330189,0.891456,0.888725,0.418598,0.022861,0.036707,0.058688,0.482704,0.470126,0.169811,0.028302
b_best,controlled_capability/images,24-32,54,27,0.5,0.924704,0.936103,0.627297,0.021385,0.021336,0.021689,0.638889,0.611111,0.462963,0.092593
b_best,controlled_capability/images,32-64,120,102,0.85,0.812663,0.821939,2.117762,0.043356,0.107867,0.095627,0.9375,0.781944,0.145833,0.008333
b_best,controlled_capability/images,>64,240,160,0.666667,0.734316,0.748194,12.608807,0.084732,0.122003,0.079106,0.615598,0.40843,0.079831,0.010417
b_last,controlled_capability/images,<4,160,4,0.025,0.699473,0.702366,0.433482,0.130053,0.090936,0.12654,0.04375,0.0125,0.0,0.0
b_last,controlled_capability/images,4-6,106,11,0.103774,0.675182,0.72447,0.530752,0.10566,0.143899,0.128209,0.141509,0.056604,0.0,0.0
b_last,controlled_capability/images,6-8,54,7,0.12963,0.658274,0.611444,0.450033,0.06137,0.216941,0.21916,0.171296,0.078704,0.0,0.0
b_last,controlled_capability/images,8-12,405,23,0.05679,0.803158,0.797963,0.540355,0.052526,0.055269,0.097056,0.128395,0.101235,0.019753,0.0
b_last,controlled_capability/images,12-16,825,65,0.078788,0.863216,0.87202,0.361282,0.028211,0.061335,0.049646,0.193434,0.168283,0.050909,0.006061
b_last,controlled_capability/images,16-24,106,34,0.320755,0.886905,0.893569,0.517161,0.02754,0.046458,0.0469,0.410377,0.400943,0.179245,0.018868
b_last,controlled_capability/images,24-32,54,25,0.462963,0.918545,0.931459,0.62735,0.023026,0.021997,0.033978,0.592593,0.574074,0.407407,0.074074
b_last,controlled_capability/images,32-64,120,100,0.833333,0.918591,0.919448,0.998565,0.021248,0.038427,0.022539,0.908333,0.883333,0.741667,0.05
b_last,controlled_capability/images,>64,240,238,0.991667,0.793557,0.795523,8.948159,0.042079,0.080708,0.08625,0.989583,0.756389,0.286111,0.0375
a_best,challenge_test/images,<4,40,0,0.0,,,,,,,0.0,0.0,0.0,0.0
a_best,challenge_test/images,4-6,0,0,,,,,,,,,,,
a_best,challenge_test/images,6-8,66,4,0.060606,0.766016,0.796541,0.205303,0.030794,0.118072,0.096832,0.313131,0.143939,0.030303,0.0
a_best,challenge_test/images,8-12,20,1,0.05,0.771759,0.771759,1.177499,0.098736,0.089654,0.110351,0.225,0.15,0.0,0.0
a_best,challenge_test/images,12-16,44,4,0.090909,0.792059,0.836089,0.791388,0.06476,0.067904,0.022812,0.183712,0.098485,0.022727,0.0
a_best,challenge_test/images,16-24,0,0,,,,,,,,,,,
a_best,challenge_test/images,24-32,0,0,,,,,,,,,,,
a_best,challenge_test/images,32-64,0,0,,,,,,,,,,,
a_best,challenge_test/images,>64,24,0,0.0,,,,,,,0.102284,0.017189,0.001533,0.000439
b_best,challenge_test/images,<4,40,0,0.0,,,,,,,0.0,0.0,0.0,0.0
b_best,challenge_test/images,4-6,0,0,,,,,,,,,,,
b_best,challenge_test/images,6-8,66,7,0.106061,0.791741,0.809385,0.393069,0.058959,0.118928,0.069247,0.337795,0.158249,0.030303,0.0
b_best,challenge_test/images,8-12,20,1,0.05,0.898089,0.898089,0.287592,0.024115,0.029433,0.068364,0.218333,0.15,0.0,0.0
b_best,challenge_test/images,12-16,44,6,0.136364,0.761988,0.762939,1.121331,0.091759,0.139859,0.088326,0.28107,0.117424,0.022727,0.0
b_best,challenge_test/images,16-24,0,0,,,,,,,,,,,
b_best,challenge_test/images,24-32,0,0,,,,,,,,,,,
b_best,challenge_test/images,32-64,0,0,,,,,,,,,,,
b_best,challenge_test/images,>64,24,0,0.0,,,,,,,0.264632,0.002778,0.0,0.0
b_last,challenge_test/images,<4,40,0,0.0,,,,,,,0.0,0.0,0.0,0.0
b_last,challenge_test/images,4-6,0,0,,,,,,,,,,,
b_last,challenge_test/images,6-8,66,2,0.030303,0.846212,0.846212,0.365541,0.054829,0.041406,0.06798,0.174242,0.159091,0.045455,0.0
b_last,challenge_test/images,8-12,20,1,0.05,0.868044,0.868044,0.381348,0.031977,0.070894,0.075751,0.15,0.1,0.0,0.0
b_last,challenge_test/images,12-16,44,5,0.113636,0.85162,0.847695,0.38349,0.031381,0.092083,0.055314,0.136364,0.136364,0.022727,0.0
b_last,challenge_test/images,16-24,0,0,,,,,,,,,,,
b_last,challenge_test/images,24-32,0,0,,,,,,,,,,,
b_last,challenge_test/images,32-64,0,0,,,,,,,,,,,
b_last,challenge_test/images,>64,24,24,1.0,0.665665,0.667027,45.972442,0.099802,0.222898,0.066274,0.951389,0.369312,0.005952,0.0
