file,source_type,background,distance_m,yaw_deg,pitch_deg,roll_deg,bbox_w_px,bbox_h_px,equivalent_size_px,bucket,pos_x_px,pos_y_px,edge_distance_px
p3_0000.png,SYNTHETIC_ON_REAL_BG,bg_001.jpg,6.1,99.2,-68.8,-82.9,9,9,9.0,8-12px,1080,652,195
p3_0001.png,SYNTHETIC_ON_REAL_BG,bg_002.jpg,6.971,-56.1,178.2,-66.3,9,7,7.937,6-8px,1077,1000,198
p3_0002.png,SYNTHETIC_ON_REAL_BG,bg_003.jpg,4.582,165.0,153.3,89.4,10,10,10.0,8-12px,348,226,222
p3_0003.png,SYNTHETIC_ON_REAL_BG,bg_004.jpg,6.072,61.2,77.3,-119.9,8,9,8.485,8-12px,1112,710,163
p3_0004.png,SYNTHETIC_ON_REAL_BG,bg_005.jpg,8.783,-110.1,9.4,8.4,7,5,5.916,4-6px,1194,721,82
p3_0005.png,SYNTHETIC_ON_REAL_BG,bg_006.jpg,5.184,-177.7,98.2,172.2,9,12,10.392,8-12px,432,278,273
p3_0006.png,SYNTHETIC_ON_REAL_BG,bg_007.jpg,3.162,-109.8,28.0,36.8,22,16,18.762,16-24px,145,637,135
p3_0007.png,SYNTHETIC_ON_REAL_BG,bg_008.jpg,3.89,87.9,-116.2,-40.3,13,17,14.866,12-16px,898,166,158
p3_0008.png,SYNTHETIC_ON_REAL_BG,bg_009.jpg,9.13,-37.8,134.5,-10.0,6,5,5.477,4-6px,946,1117,160
p3_0009.png,SYNTHETIC_ON_REAL_BG,bg_010.jpg,12.936,-153.5,-154.7,132.8,3,5,3.873,0-4px,636,252,250
p3_0010.png,SYNTHETIC_ON_REAL_BG,bg_011.jpg,9.094,-65.5,75.9,-14.3,6,7,6.481,6-8px,972,170,167
p3_0011.png,SYNTHETIC_ON_REAL_BG,bg_012.jpg,6.392,-109.0,110.9,-4.0,8,11,9.381,8-12px,275,1172,102
p3_0012.png,SYNTHETIC_ON_REAL_BG,bg_013.jpg,23.5,-6.7,112.9,37.0,2,3,2.449,0-4px,1116,139,138
p3_0013.png,SYNTHETIC_ON_REAL_BG,bg_015.jpg,7.385,-42.5,-62.8,177.8,5,8,6.325,6-8px,622,550,547
p3_0014.png,SYNTHETIC_ON_REAL_BG,bg_016.jpg,12.835,-148.7,75.0,104.1,3,5,3.873,0-4px,435,981,296
p3_0015.png,SYNTHETIC_ON_REAL_BG,bg_017.jpg,9.067,-49.6,-29.7,14.9,5,8,6.325,6-8px,532,64,61
p3_0016.png,SYNTHETIC_ON_REAL_BG,bg_018.jpg,8.675,88.0,126.7,-130.0,6,8,6.928,6-8px,1008,1193,82
p3_0017.png,SYNTHETIC_ON_REAL_BG,bg_019.jpg,7.785,-27.3,172.7,170.6,7,7,7.0,6-8px,932,1117,159
p3_0018.png,SYNTHETIC_ON_REAL_BG,bg_020.jpg,5.045,-8.6,131.0,72.6,10,11,10.488,8-12px,949,720,325
p3_0019.png,SYNTHETIC_ON_REAL_BG,bg_021.jpg,3.391,-146.2,-39.1,-153.5,15,15,15.0,12-16px,555,553,546
p3_0020.png,SYNTHETIC_ON_REAL_BG,bg_022.jpg,6.507,-135.8,156.2,66.3,8,8,8.0,8-12px,1097,734,178
p3_0021.png,SYNTHETIC_ON_REAL_BG,bg_024.jpg,3.077,76.1,24.8,117.3,20,20,20.0,16-24px,1002,1209,60
p3_0022.png,SYNTHETIC_ON_REAL_BG,bg_025.jpg,8.848,-118.4,-39.0,91.1,6,5,5.477,4-6px,740,211,209
p3_0023.png,SYNTHETIC_ON_REAL_BG,bg_026.jpg,5.392,-79.2,-111.4,130.7,8,12,9.798,8-12px,622,1099,174
p3_0024.png,SYNTHETIC_ON_REAL_BG,bg_027.jpg,3.97,-149.0,70.6,-61.9,12,14,12.961,12-16px,840,481,433
p3_0025.png,SYNTHETIC_ON_REAL_BG,bg_028.jpg,6.187,159.7,-108.3,4.4,8,10,8.944,8-12px,251,1082,192
p3_0026.png,SYNTHETIC_ON_REAL_BG,bg_029.jpg,9.595,20.5,-99.9,20.8,5,6,5.477,4-6px,885,889,387
p3_0027.png,SYNTHETIC_ON_REAL_BG,bg_030.jpg,9.993,52.6,40.1,-153.5,5,5,5.0,4-6px,726,517,515
p3_0028.png,SYNTHETIC_ON_REAL_BG,bg_031.jpg,8.284,152.5,-125.3,32.4,6,7,6.481,6-8px,220,424,218
p3_0029.png,SYNTHETIC_ON_REAL_BG,bg_032.jpg,5.673,77.7,144.4,-57.0,11,9,9.95,8-12px,1009,736,265
p3_0030.png,SYNTHETIC_ON_REAL_BG,bg_001.jpg,11.38,-87.8,-153.8,-173.6,5,5,5.0,4-6px,284,1188,89
p3_0031.png,SYNTHETIC_ON_REAL_BG,bg_002.jpg,7.053,-141.3,-17.2,-37.9,7,7,7.0,6-8px,925,806,351
p3_0032.png,SYNTHETIC_ON_REAL_BG,bg_003.jpg,7.005,-150.2,-53.0,7.1,9,7,7.937,6-8px,109,288,105
p3_0033.png,SYNTHETIC_ON_REAL_BG,bg_004.jpg,4.83,160.2,-121.5,126.7,9,12,10.392,8-12px,514,601,510
p3_0034.png,SYNTHETIC_ON_REAL_BG,bg_005.jpg,5.793,65.0,121.3,92.7,9,10,9.487,8-12px,1114,1010,161
p3_0035.png,SYNTHETIC_ON_REAL_BG,bg_006.jpg,4.998,-115.5,89.4,-148.8,8,13,10.198,8-12px,520,296,290
p3_0036.png,SYNTHETIC_ON_REAL_BG,bg_007.jpg,9.289,-145.9,-178.2,-63.7,7,6,6.481,6-8px,369,1019,257
p3_0037.png,SYNTHETIC_ON_REAL_BG,bg_008.jpg,6.79,-117.7,31.1,165.0,8,7,7.483,6-8px,1191,724,84
p3_0038.png,SYNTHETIC_ON_REAL_BG,bg_009.jpg,4.221,174.0,121.3,100.2,11,13,11.958,8-12px,790,473,467
p3_0039.png,SYNTHETIC_ON_REAL_BG,bg_010.jpg,2.803,-98.5,99.9,-118.8,15,21,17.748,16-24px,682,837,432
p3_0040.png,SYNTHETIC_ON_REAL_BG,bg_011.jpg,12.371,-140.5,45.0,-31.0,4,4,4.0,4-6px,862,737,415
p3_0041.png,SYNTHETIC_ON_REAL_BG,bg_012.jpg,2.817,7.2,-13.4,-76.8,15,16,15.492,12-16px,863,864,407
p3_0042.png,SYNTHETIC_ON_REAL_BG,bg_013.jpg,3.109,169.9,61.6,11.2,14,19,16.31,16-24px,624,611,602
p3_0043.png,SYNTHETIC_ON_REAL_BG,bg_015.jpg,4.194,-123.8,76.2,123.9,11,14,12.41,12-16px,487,726,482
p3_0044.png,SYNTHETIC_ON_REAL_BG,bg_016.jpg,5.355,157.2,-40.4,-120.7,12,10,10.954,8-12px,1095,119,115
p3_0045.png,SYNTHETIC_ON_REAL_BG,bg_017.jpg,7.672,49.1,104.0,38.4,7,8,7.483,6-8px,198,646,195
p3_0046.png,SYNTHETIC_ON_REAL_BG,bg_018.jpg,2.878,113.6,-101.9,-153.0,17,24,20.199,16-24px,283,142,131
p3_0047.png,SYNTHETIC_ON_REAL_BG,bg_019.jpg,2.119,115.6,-36.6,-74.1,26,25,25.495,24-32px,482,731,470
p3_0048.png,SYNTHETIC_ON_REAL_BG,bg_020.jpg,2.378,10.0,-52.1,49.5,18,25,21.213,16-24px,707,511,499
p3_0049.png,SYNTHETIC_ON_REAL_BG,bg_021.jpg,2.843,44.6,33.1,-57.5,18,19,18.493,16-24px,694,767,503
p3_0050.png,SYNTHETIC_ON_REAL_BG,bg_022.jpg,5.026,-42.2,23.7,174.9,13,10,11.402,8-12px,1034,157,153
p3_0051.png,SYNTHETIC_ON_REAL_BG,bg_024.jpg,12.066,159.0,-85.7,-175.6,3,6,4.243,4-6px,274,1183,93
p3_0052.png,SYNTHETIC_ON_REAL_BG,bg_025.jpg,6.375,165.8,37.4,5.5,7,10,8.367,8-12px,816,349,345
p3_0053.png,SYNTHETIC_ON_REAL_BG,bg_026.jpg,4.416,-21.7,98.5,0.3,10,13,11.402,8-12px,404,725,400
p3_0054.png,SYNTHETIC_ON_REAL_BG,bg_027.jpg,12.964,-128.5,-175.1,-23.8,4,3,3.464,0-4px,771,437,436
p3_0055.png,SYNTHETIC_ON_REAL_BG,bg_028.jpg,5.027,-5.6,179.8,99.4,9,12,10.392,8-12px,361,237,232
p3_0056.png,SYNTHETIC_ON_REAL_BG,bg_029.jpg,5.168,-24.4,4.4,-109.9,13,8,10.198,8-12px,1063,428,210
p3_0057.png,SYNTHETIC_ON_REAL_BG,bg_030.jpg,4.413,2.9,34.0,80.1,10,14,11.832,8-12px,388,904,368
p3_0058.png,SYNTHETIC_ON_REAL_BG,bg_031.jpg,12.141,144.0,-18.8,-33.6,4,4,4.0,4-6px,330,813,329
p3_0059.png,SYNTHETIC_ON_REAL_BG,bg_032.jpg,9.112,-84.7,130.4,-82.6,6,6,6.0,6-8px,718,786,490
p3_0060.png,SYNTHETIC_ON_REAL_BG,bg_001.jpg,8.199,-118.8,-126.1,-136.1,6,8,6.928,6-8px,679,254,251
p3_0061.png,SYNTHETIC_ON_REAL_BG,bg_002.jpg,12.459,110.6,-171.9,-45.1,4,3,3.464,0-4px,312,474,311
p3_0062.png,SYNTHETIC_ON_REAL_BG,bg_003.jpg,2.506,-78.5,153.7,-29.8,24,19,21.354,16-24px,768,826,444
p3_0063.png,SYNTHETIC_ON_REAL_BG,bg_004.jpg,8.235,57.7,-149.5,29.5,7,6,6.481,6-8px,979,742,297
p3_0064.png,SYNTHETIC_ON_REAL_BG,bg_005.jpg,5.466,-149.9,-63.7,153.9,9,10,9.487,8-12px,1095,593,180
p3_0065.png,SYNTHETIC_ON_REAL_BG,bg_006.jpg,7.206,91.8,-5.4,75.1,10,7,8.367,8-12px,1089,370,185
p3_0066.png,SYNTHETIC_ON_REAL_BG,bg_007.jpg,2.733,79.6,63.6,56.5,17,25,20.616,16-24px,741,194,182
p3_0067.png,SYNTHETIC_ON_REAL_BG,bg_008.jpg,3.162,60.9,-177.6,-114.2,19,16,17.436,16-24px,499,198,191
p3_0068.png,SYNTHETIC_ON_REAL_BG,bg_009.jpg,4.374,-26.3,44.5,-44.1,11,12,11.489,8-12px,329,227,222
p3_0069.png,SYNTHETIC_ON_REAL_BG,bg_010.jpg,21.52,60.7,-25.4,-130.8,2,2,2.0,0-4px,927,252,252
p3_0070.png,SYNTHETIC_ON_REAL_BG,bg_011.jpg,5.919,-52.0,149.4,90.6,12,12,12.0,12-16px,1144,91,86
p3_0071.png,SYNTHETIC_ON_REAL_BG,bg_012.jpg,4.307,-92.9,83.5,9.4,11,14,12.41,12-16px,319,934,314
p3_0072.png,SYNTHETIC_ON_REAL_BG,bg_013.jpg,3.762,-91.0,110.3,-17.6,12,16,13.856,12-16px,758,972,299
p3_0073.png,SYNTHETIC_ON_REAL_BG,bg_015.jpg,8.697,-66.2,-44.4,-2.1,7,8,7.483,6-8px,1010,263,260
p3_0074.png,SYNTHETIC_ON_REAL_BG,bg_016.jpg,2.244,140.1,-152.8,-176.6,22,24,22.978,16-24px,522,1180,87
p3_0075.png,SYNTHETIC_ON_REAL_BG,bg_017.jpg,13.347,101.3,-8.8,-133.2,4,3,3.464,0-4px,502,344,343
p3_0076.png,SYNTHETIC_ON_REAL_BG,bg_018.jpg,9.35,-74.0,-28.8,166.4,8,6,6.928,6-8px,1157,99,97
p3_0077.png,SYNTHETIC_ON_REAL_BG,bg_019.jpg,3.89,-170.0,59.7,-100.7,12,16,13.856,12-16px,980,445,293
p3_0078.png,SYNTHETIC_ON_REAL_BG,bg_020.jpg,6.174,-91.6,81.1,-8.7,8,10,8.944,8-12px,163,912,160
p3_0079.png,SYNTHETIC_ON_REAL_BG,bg_021.jpg,1.992,129.7,140.5,3.6,24,27,25.456,24-32px,319,583,308
p3_0080.png,SYNTHETIC_ON_REAL_BG,bg_022.jpg,5.718,54.1,-81.3,92.1,9,10,9.487,8-12px,1196,557,79
p3_0081.png,SYNTHETIC_ON_REAL_BG,bg_024.jpg,9.073,-174.8,78.6,-36.5,5,8,6.325,6-8px,292,1133,142
p3_0082.png,SYNTHETIC_ON_REAL_BG,bg_025.jpg,7.8,22.2,35.0,129.0,6,7,6.481,6-8px,1019,666,257
p3_0083.png,SYNTHETIC_ON_REAL_BG,bg_026.jpg,11.829,78.0,148.4,159.2,5,5,5.0,4-6px,204,206,202
p3_0084.png,SYNTHETIC_ON_REAL_BG,bg_027.jpg,12.746,41.8,-82.4,-41.3,4,5,4.472,4-6px,941,1048,229
p3_0085.png,SYNTHETIC_ON_REAL_BG,bg_028.jpg,4.527,6.1,-37.8,104.4,10,11,10.488,8-12px,904,717,370
p3_0086.png,SYNTHETIC_ON_REAL_BG,bg_029.jpg,4.742,-28.9,175.6,-30.4,14,11,12.41,12-16px,965,375,307
p3_0087.png,SYNTHETIC_ON_REAL_BG,bg_030.jpg,3.148,23.7,52.6,-108.1,17,21,18.894,16-24px,1199,1005,72
p3_0088.png,SYNTHETIC_ON_REAL_BG,bg_031.jpg,9.333,125.3,-87.1,-91.0,5,7,5.916,4-6px,936,1038,238
p3_0089.png,SYNTHETIC_ON_REAL_BG,bg_032.jpg,2.404,-130.8,89.1,-10.9,20,28,23.664,16-24px,909,1035,230
p3_0090.png,SYNTHETIC_ON_REAL_BG,bg_001.jpg,7.555,-124.3,177.0,150.9,7,7,7.0,6-8px,1003,168,165
p3_0091.png,SYNTHETIC_ON_REAL_BG,bg_002.jpg,2.67,148.5,98.9,-109.1,16,22,18.762,16-24px,748,472,462
p3_0092.png,SYNTHETIC_ON_REAL_BG,bg_003.jpg,8.22,33.3,-105.5,39.6,6,7,6.481,6-8px,191,250,189
p3_0093.png,SYNTHETIC_ON_REAL_BG,bg_004.jpg,9.591,-52.7,-175.7,154.8,5,5,5.0,4-6px,376,496,374
p3_0094.png,SYNTHETIC_ON_REAL_BG,bg_005.jpg,5.435,-53.3,-24.8,-72.5,9,12,10.392,8-12px,483,160,155
p3_0095.png,SYNTHETIC_ON_REAL_BG,bg_006.jpg,3.642,56.9,78.0,-46.0,12,16,13.856,12-16px,536,569,531
p3_0096.png,SYNTHETIC_ON_REAL_BG,bg_007.jpg,5.638,129.0,43.5,-110.2,10,12,10.954,8-12px,938,149,144
p3_0097.png,SYNTHETIC_ON_REAL_BG,bg_008.jpg,9.031,-43.4,-62.3,25.4,5,6,5.477,4-6px,272,604,270
p3_0098.png,SYNTHETIC_ON_REAL_BG,bg_009.jpg,13.118,177.2,-174.3,-46.4,3,4,3.464,0-4px,531,1064,213
p3_0099.png,SYNTHETIC_ON_REAL_BG,bg_010.jpg,13.074,137.9,27.2,-27.1,5,3,3.873,0-4px,1013,805,264
p3_0100.png,SYNTHETIC_ON_REAL_BG,bg_011.jpg,4.691,-133.2,-134.8,147.3,10,11,10.488,8-12px,1009,1097,177
p3_0101.png,SYNTHETIC_ON_REAL_BG,bg_012.jpg,3.797,-168.3,-115.1,98.3,12,16,13.856,12-16px,713,283,276
p3_0102.png,SYNTHETIC_ON_REAL_BG,bg_013.jpg,7.138,-7.4,17.7,-74.4,8,8,8.0,8-12px,117,995,114
p3_0103.png,SYNTHETIC_ON_REAL_BG,bg_015.jpg,11.056,91.0,-1.6,123.8,5,4,4.472,4-6px,831,947,330
p3_0104.png,SYNTHETIC_ON_REAL_BG,bg_016.jpg,3.958,128.4,-179.9,47.6,15,12,13.416,12-16px,787,354,349
p3_0105.png,SYNTHETIC_ON_REAL_BG,bg_017.jpg,12.592,45.4,-1.1,-112.6,4,4,4.0,4-6px,1080,696,197
p3_0106.png,SYNTHETIC_ON_REAL_BG,bg_018.jpg,9.699,74.2,-17.5,108.5,6,5,5.477,4-6px,944,344,332
p3_0107.png,SYNTHETIC_ON_REAL_BG,bg_019.jpg,4.424,57.0,-31.9,141.9,12,12,12.0,12-16px,679,499,494
p3_0108.png,SYNTHETIC_ON_REAL_BG,bg_020.jpg,22.301,76.7,75.4,65.6,2,2,2.0,0-4px,728,657,550
p3_0109.png,SYNTHETIC_ON_REAL_BG,bg_021.jpg,5.11,6.1,140.0,-48.0,9,14,11.225,8-12px,645,161,155
p3_0110.png,SYNTHETIC_ON_REAL_BG,bg_022.jpg,8.966,-75.2,10.0,127.2,7,5,5.916,4-6px,611,734,543
p3_0111.png,SYNTHETIC_ON_REAL_BG,bg_024.jpg,6.164,158.8,18.2,151.8,9,8,8.485,8-12px,945,943,330
p3_0112.png,SYNTHETIC_ON_REAL_BG,bg_025.jpg,6.366,-117.4,-41.0,-75.3,8,10,8.944,8-12px,805,1111,163
p3_0113.png,SYNTHETIC_ON_REAL_BG,bg_026.jpg,5.792,-25.6,24.3,-52.3,9,9,9.0,8-12px,753,97,93
p3_0114.png,SYNTHETIC_ON_REAL_BG,bg_027.jpg,4.437,-57.7,-179.9,-6.3,12,11,11.489,8-12px,172,341,167
p3_0115.png,SYNTHETIC_ON_REAL_BG,bg_028.jpg,9.164,122.5,-40.4,113.1,6,6,6.0,6-8px,877,692,399
p3_0116.png,SYNTHETIC_ON_REAL_BG,bg_029.jpg,2.968,56.3,-175.2,-121.5,18,15,16.432,16-24px,845,879,393
p3_0117.png,SYNTHETIC_ON_REAL_BG,bg_030.jpg,4.207,65.1,96.3,-151.4,12,14,12.961,12-16px,1048,474,225
p3_0118.png,SYNTHETIC_ON_REAL_BG,bg_031.jpg,3.914,1.3,45.6,-152.3,14,15,14.491,12-16px,207,848,201
p3_0119.png,SYNTHETIC_ON_REAL_BG,bg_032.jpg,3.405,-35.2,-2.8,61.8,16,17,16.492,16-24px,116,1172,99
p3_0120.png,SYNTHETIC_ON_REAL_BG,bg_001.jpg,4.157,87.2,11.3,115.1,16,11,13.266,12-16px,205,802,198
p3_0121.png,SYNTHETIC_ON_REAL_BG,bg_002.jpg,4.117,-117.8,116.5,65.2,11,15,12.845,12-16px,790,322,315
p3_0122.png,SYNTHETIC_ON_REAL_BG,bg_003.jpg,6.182,97.8,76.3,-56.8,9,9,9.0,8-12px,1142,852,133
p3_0123.png,SYNTHETIC_ON_REAL_BG,bg_004.jpg,13.021,-47.8,147.9,117.9,3,5,3.873,0-4px,187,398,186
p3_0124.png,SYNTHETIC_ON_REAL_BG,bg_005.jpg,7.044,-81.1,-153.5,66.0,8,6,6.928,6-8px,803,461,459
p3_0125.png,SYNTHETIC_ON_REAL_BG,bg_006.jpg,10.0,21.5,-172.3,22.6,7,5,5.916,4-6px,153,505,150
p3_0126.png,SYNTHETIC_ON_REAL_BG,bg_007.jpg,13.627,-43.2,-175.3,118.0,3,3,3.0,0-4px,566,757,521
p3_0127.png,SYNTHETIC_ON_REAL_BG,bg_008.jpg,5.612,126.0,-75.1,-83.7,9,12,10.392,8-12px,371,140,135
p3_0128.png,SYNTHETIC_ON_REAL_BG,bg_009.jpg,8.956,-165.0,19.0,-113.8,6,7,6.481,6-8px,1120,234,156
p3_0129.png,SYNTHETIC_ON_REAL_BG,bg_010.jpg,11.482,169.4,60.1,81.3,5,5,5.0,4-6px,144,1033,142
p3_0130.png,SYNTHETIC_ON_REAL_BG,bg_011.jpg,11.217,-38.7,-131.3,-139.2,4,5,4.472,4-6px,719,661,558
p3_0131.png,SYNTHETIC_ON_REAL_BG,bg_012.jpg,5.387,136.0,1.5,-43.5,9,8,8.485,8-12px,418,709,414
p3_0132.png,SYNTHETIC_ON_REAL_BG,bg_013.jpg,5.364,-21.2,-165.3,-112.3,9,9,9.0,8-12px,448,853,422
p3_0133.png,SYNTHETIC_ON_REAL_BG,bg_015.jpg,3.122,58.4,-16.3,-140.5,18,13,15.297,12-16px,653,638,617
p3_0134.png,SYNTHETIC_ON_REAL_BG,bg_016.jpg,6.504,117.1,-24.0,124.4,11,8,9.381,8-12px,1149,192,125
p3_0135.png,SYNTHETIC_ON_REAL_BG,bg_017.jpg,3.512,-172.7,-94.9,133.4,15,20,17.321,16-24px,1137,1135,134
p3_0136.png,SYNTHETIC_ON_REAL_BG,bg_018.jpg,2.929,108.1,-37.4,129.0,20,21,20.494,16-24px,211,1047,202
p3_0137.png,SYNTHETIC_ON_REAL_BG,bg_019.jpg,3.343,-131.2,131.9,6.8,17,16,16.492,16-24px,374,309,302
p3_0138.png,SYNTHETIC_ON_REAL_BG,bg_020.jpg,22.291,125.4,36.1,-126.8,2,1,1.414,0-4px,1053,603,225
p3_0139.png,SYNTHETIC_ON_REAL_BG,bg_021.jpg,3.307,-58.7,-57.3,116.9,19,19,19.0,16-24px,1154,424,116
p3_0140.png,SYNTHETIC_ON_REAL_BG,bg_022.jpg,5.205,-77.1,96.4,-173.7,9,13,10.817,8-12px,363,1065,208
p3_0141.png,SYNTHETIC_ON_REAL_BG,bg_024.jpg,5.044,-5.9,-141.5,24.0,9,13,10.817,8-12px,225,987,221
p3_0142.png,SYNTHETIC_ON_REAL_BG,bg_025.jpg,5.139,-157.9,36.7,-127.3,9,11,9.95,8-12px,1021,520,254
p3_0143.png,SYNTHETIC_ON_REAL_BG,bg_026.jpg,5.268,87.9,-107.7,-149.5,8,11,9.381,8-12px,631,476,471
p3_0144.png,SYNTHETIC_ON_REAL_BG,bg_027.jpg,5.469,119.5,-11.1,19.7,12,8,9.798,8-12px,933,858,340
p3_0145.png,SYNTHETIC_ON_REAL_BG,bg_028.jpg,7.791,97.8,-36.5,-137.1,7,7,7.0,6-8px,462,861,415
p3_0146.png,SYNTHETIC_ON_REAL_BG,bg_029.jpg,18.193,72.6,146.4,-175.2,4,2,2.828,0-4px,175,1068,174
p3_0147.png,SYNTHETIC_ON_REAL_BG,bg_030.jpg,6.926,165.7,-167.7,-132.0,7,8,7.483,6-8px,854,1193,82
p3_0148.png,SYNTHETIC_ON_REAL_BG,bg_031.jpg,10.024,33.9,14.1,-176.4,6,5,5.477,4-6px,506,187,185
p3_0149.png,SYNTHETIC_ON_REAL_BG,bg_032.jpg,3.454,16.9,-46.8,38.1,16,16,16.0,16-24px,255,686,248
p3_0150.png,SYNTHETIC_ON_REAL_BG,bg_001.jpg,7.39,-150.4,49.1,122.8,6,7,6.481,6-8px,663,1106,170
p3_0151.png,SYNTHETIC_ON_REAL_BG,bg_002.jpg,6.182,73.1,-105.6,167.9,8,9,8.485,8-12px,1012,585,263
p3_0152.png,SYNTHETIC_ON_REAL_BG,bg_003.jpg,9.959,151.5,145.0,109.7,7,5,5.916,4-6px,1114,240,162
p3_0153.png,SYNTHETIC_ON_REAL_BG,bg_004.jpg,8.506,-86.3,52.7,89.3,6,7,6.481,6-8px,372,488,370
p3_0154.png,SYNTHETIC_ON_REAL_BG,bg_005.jpg,6.395,-179.3,140.4,-59.5,9,8,8.485,8-12px,1140,134,131
p3_0155.png,SYNTHETIC_ON_REAL_BG,bg_006.jpg,14.43,16.3,-100.0,72.8,3,4,3.464,0-4px,347,1054,223
p3_0156.png,SYNTHETIC_ON_REAL_BG,bg_007.jpg,5.326,-7.2,-132.7,-69.3,8,10,8.944,8-12px,865,429,410
p3_0157.png,SYNTHETIC_ON_REAL_BG,bg_008.jpg,6.823,10.7,54.5,102.9,8,8,8.0,8-12px,129,335,126
p3_0158.png,SYNTHETIC_ON_REAL_BG,bg_009.jpg,11.791,16.5,136.0,56.7,5,5,5.0,4-6px,99,637,97
p3_0159.png,SYNTHETIC_ON_REAL_BG,bg_010.jpg,23.875,-54.9,165.4,-121.2,1,1,1.0,0-4px,416,804,416
