imgsz,image,gt_index,source,rel_dir,bucket,eq640,net_px,n_candidates,n_candidates_op,n_dets_iou30,best_iou,best_conf_at_best_iou,ref_v2_matched_op_1024,ref_v2_best_iou_1024,ref_v2_best_conf_1024,hit_iou0.3_conf0.01,hit_iou0.3_conf0.02,hit_iou0.3_conf0.05,hit_iou0.3_conf0.1,hit_iou0.3_conf0.15,hit_iou0.3_conf0.2,hit_iou0.3_conf0.25,hit_iou0.5_conf0.01,hit_iou0.5_conf0.02,hit_iou0.5_conf0.05,hit_iou0.5_conf0.1,hit_iou0.5_conf0.15,hit_iou0.5_conf0.2,hit_iou0.5_conf0.25
1024,ml_3_00211.jpg,0,,ml_3_hard,6-8,7.888095,12.621,1,1,1,0.758271,0.319533,False,0.75952,0.243076,True,True,True,True,True,True,True,True,True,True,True,True,True,True
1024,ml_3_00212.jpg,0,,ml_3_hard,6-8,7.824338,12.519,0,0,0,0.0,,False,0.0,,False,False,False,False,False,False,False,False,False,False,False,False,False,False
1024,ml_3_00229.jpg,0,,ml_3_hard,6-8,7.659433,12.255,1,1,1,0.571938,0.280415,False,0.561823,0.126939,True,True,True,True,True,True,True,True,True,True,True,True,True,True
1024,ml_3_00232.jpg,0,,ml_3_hard,6-8,7.008101,11.213,0,0,0,0.0,,False,0.0,,False,False,False,False,False,False,False,False,False,False,False,False,False,False
1024,ml_3_00237.jpg,0,,ml_3_hard,6-8,7.601339,12.162,0,0,0,0.0,,False,0.0,,False,False,False,False,False,False,False,False,False,False,False,False,False,False
1024,ml_3_00238.jpg,0,,ml_3_hard,6-8,6.733083,10.773,1,0,1,0.347633,0.023755,False,0.342908,0.016391,True,True,False,False,False,False,False,False,False,False,False,False,False,False
1024,ml_3_00239.jpg,0,,ml_3_hard,6-8,6.871968,10.995,0,0,0,0.0,,False,0.0,,False,False,False,False,False,False,False,False,False,False,False,False,False,False
1024,ml_3_00272.jpg,0,,ml_3_hard,6-8,7.874049,12.598,0,0,0,0.0,,False,0.0,,False,False,False,False,False,False,False,False,False,False,False,False,False,False
1024,ml_3_00273.jpg,0,,ml_3_hard,6-8,7.745967,12.394,1,0,0,0.0,,False,0.0,,False,False,False,False,False,False,False,False,False,False,False,False,False,False
1024,ml_3_00538.jpg,0,,ml_3_hard,6-8,7.746182,12.394,1,1,1,0.799782,0.721326,True,0.795656,0.722669,True,True,True,True,True,True,True,True,True,True,True,True,True,True
1024,ml_3_01483.jpg,0,,ml_3_hard,6-8,7.008101,11.213,0,0,0,0.0,,False,0.0,,False,False,False,False,False,False,False,False,False,False,False,False,False,False
1024,ml_6_01256.jpg,0,,ml_6_hard,6-8,7.453682,11.926,4,0,2,0.938395,0.219663,False,0.924674,0.146529,True,True,True,True,True,True,False,True,True,True,True,True,True,False
1024,ml_6_01767.jpg,0,,ml_6_hard,6-8,7.149225,11.439,2,0,0,0.0,,False,0.0,,False,False,False,False,False,False,False,False,False,False,False,False,False,False
1024,ml_6_01899.jpg,0,,ml_6_hard,6-8,7.3486,11.758,2,0,0,0.0,,False,0.0,,False,False,False,False,False,False,False,False,False,False,False,False,False,False
1024,ml_6_02054.jpg,0,,ml_6_hard,6-8,7.164624,11.463,3,1,1,0.704754,0.495955,True,0.702149,0.366292,True,True,True,True,True,True,True,True,True,True,True,True,True,True
1024,ml_6_02071.jpg,0,,ml_6_hard,6-8,7.937395,12.7,3,1,1,0.791586,0.66715,True,0.804975,0.620982,True,True,True,True,True,True,True,True,True,True,True,True,True,True
1024,ml_6_02123.jpg,0,,ml_6_hard,6-8,7.817339,12.508,2,0,0,0.0,,False,0.0,,False,False,False,False,False,False,False,False,False,False,False,False,False,False
1024,uetlibergstrasse_1_00040.jpg,0,,uetlibergstrasse_1_hard,6-8,6.191349,9.906,0,0,0,0.0,,False,0.0,,False,False,False,False,False,False,False,False,False,False,False,False,False,False
1024,uetlibergstrasse_1_00419.jpg,0,,uetlibergstrasse_1_hard,6-8,6.928203,11.085,2,1,1,0.802338,0.717907,True,0.811618,0.706493,True,True,True,True,True,True,True,True,True,True,True,True,True,True
1024,uetlibergstrasse_1_00041.jpg,0,,uetlibergstrasse_1_hard,<4,3.299813,5.28,0,0,0,0.0,,False,0.0,,False,False,False,False,False,False,False,False,False,False,False,False,False,False
1280,ml_3_00211.jpg,0,,ml_3_hard,6-8,7.888095,15.776,1,1,1,0.809643,0.294663,False,0.75952,0.243076,True,True,True,True,True,True,True,True,True,True,True,True,True,True
1280,ml_3_00212.jpg,0,,ml_3_hard,6-8,7.824338,15.649,1,1,1,0.69831,0.45661,False,0.0,,True,True,True,True,True,True,True,True,True,True,True,True,True,True
1280,ml_3_00229.jpg,0,,ml_3_hard,6-8,7.659433,15.319,0,0,0,0.0,,False,0.561823,0.126939,False,False,False,False,False,False,False,False,False,False,False,False,False,False
1280,ml_3_00232.jpg,0,,ml_3_hard,6-8,7.008101,14.016,1,1,1,0.789712,0.499291,False,0.0,,True,True,True,True,True,True,True,True,True,True,True,True,True,True
1280,ml_3_00237.jpg,0,,ml_3_hard,6-8,7.601339,15.203,0,0,0,0.0,,False,0.0,,False,False,False,False,False,False,False,False,False,False,False,False,False,False
1280,ml_3_00238.jpg,0,,ml_3_hard,6-8,6.733083,13.466,0,0,0,0.0,,False,0.342908,0.016391,False,False,False,False,False,False,False,False,False,False,False,False,False,False
1280,ml_3_00239.jpg,0,,ml_3_hard,6-8,6.871968,13.744,0,0,0,0.0,,False,0.0,,False,False,False,False,False,False,False,False,False,False,False,False,False,False
1280,ml_3_00272.jpg,0,,ml_3_hard,6-8,7.874049,15.748,0,0,0,0.0,,False,0.0,,False,False,False,False,False,False,False,False,False,False,False,False,False,False
1280,ml_3_00273.jpg,0,,ml_3_hard,6-8,7.745967,15.492,0,0,0,0.0,,False,0.0,,False,False,False,False,False,False,False,False,False,False,False,False,False,False
1280,ml_3_00538.jpg,0,,ml_3_hard,6-8,7.746182,15.492,1,1,1,0.839553,0.774523,True,0.795656,0.722669,True,True,True,True,True,True,True,True,True,True,True,True,True,True
1280,ml_3_01483.jpg,0,,ml_3_hard,6-8,7.008101,14.016,0,0,0,0.0,,False,0.0,,False,False,False,False,False,False,False,False,False,False,False,False,False,False
1280,ml_6_01256.jpg,0,,ml_6_hard,6-8,7.453682,14.907,2,1,1,0.748155,0.320431,False,0.924674,0.146529,True,True,True,True,True,True,True,True,True,True,True,True,True,True
1280,ml_6_01767.jpg,0,,ml_6_hard,6-8,7.149225,14.298,2,0,0,0.0,,False,0.0,,False,False,False,False,False,False,False,False,False,False,False,False,False,False
1280,ml_6_01899.jpg,0,,ml_6_hard,6-8,7.3486,14.697,2,1,0,0.0,,False,0.0,,False,False,False,False,False,False,False,False,False,False,False,False,False,False
1280,ml_6_02054.jpg,0,,ml_6_hard,6-8,7.164624,14.329,3,1,1,0.619443,0.031272,True,0.702149,0.366292,True,True,False,False,False,False,False,True,True,False,False,False,False,False
1280,ml_6_02071.jpg,0,,ml_6_hard,6-8,7.937395,15.875,2,1,1,0.844969,0.542568,True,0.804975,0.620982,True,True,True,True,True,True,True,True,True,True,True,True,True,True
1280,ml_6_02123.jpg,0,,ml_6_hard,6-8,7.817339,15.635,2,1,0,0.0,,False,0.0,,False,False,False,False,False,False,False,False,False,False,False,False,False,False
1280,uetlibergstrasse_1_00040.jpg,0,,uetlibergstrasse_1_hard,6-8,6.191349,12.383,1,1,0,0.0,,False,0.0,,False,False,False,False,False,False,False,False,False,False,False,False,False,False
1280,uetlibergstrasse_1_00419.jpg,0,,uetlibergstrasse_1_hard,6-8,6.928203,13.856,2,2,1,0.841602,0.755294,True,0.811618,0.706493,True,True,True,True,True,True,True,True,True,True,True,True,True,True
1280,uetlibergstrasse_1_00041.jpg,0,,uetlibergstrasse_1_hard,<4,3.299813,6.6,2,1,1,0.664539,0.324813,False,0.0,,True,True,True,True,True,True,True,True,True,True,True,True,True,True
1536,ml_3_00211.jpg,0,,ml_3_hard,6-8,7.888095,18.931,0,0,0,0.0,,False,0.75952,0.243076,False,False,False,False,False,False,False,False,False,False,False,False,False,False
1536,ml_3_00212.jpg,0,,ml_3_hard,6-8,7.824338,18.778,1,0,1,0.712752,0.193639,False,0.0,,True,True,True,True,True,False,False,True,True,True,True,True,False,False
1536,ml_3_00229.jpg,0,,ml_3_hard,6-8,7.659433,18.383,0,0,0,0.0,,False,0.561823,0.126939,False,False,False,False,False,False,False,False,False,False,False,False,False,False
1536,ml_3_00232.jpg,0,,ml_3_hard,6-8,7.008101,16.819,1,1,1,0.591709,0.431729,False,0.0,,True,True,True,True,True,True,True,True,True,True,True,True,True,True
1536,ml_3_00237.jpg,0,,ml_3_hard,6-8,7.601339,18.243,0,0,0,0.0,,False,0.0,,False,False,False,False,False,False,False,False,False,False,False,False,False,False
1536,ml_3_00238.jpg,0,,ml_3_hard,6-8,6.733083,16.159,0,0,0,0.0,,False,0.342908,0.016391,False,False,False,False,False,False,False,False,False,False,False,False,False,False
1536,ml_3_00239.jpg,0,,ml_3_hard,6-8,6.871968,16.493,0,0,0,0.0,,False,0.0,,False,False,False,False,False,False,False,False,False,False,False,False,False,False
1536,ml_3_00272.jpg,0,,ml_3_hard,6-8,7.874049,18.898,0,0,0,0.0,,False,0.0,,False,False,False,False,False,False,False,False,False,False,False,False,False,False
1536,ml_3_00273.jpg,0,,ml_3_hard,6-8,7.745967,18.59,0,0,0,0.0,,False,0.0,,False,False,False,False,False,False,False,False,False,False,False,False,False,False
1536,ml_3_00538.jpg,0,,ml_3_hard,6-8,7.746182,18.591,1,1,1,0.77881,0.774031,True,0.795656,0.722669,True,True,True,True,True,True,True,True,True,True,True,True,True,True
1536,ml_3_01483.jpg,0,,ml_3_hard,6-8,7.008101,16.819,0,0,0,0.0,,False,0.0,,False,False,False,False,False,False,False,False,False,False,False,False,False,False
1536,ml_6_01256.jpg,0,,ml_6_hard,6-8,7.453682,17.889,2,1,1,0.859034,0.39682,False,0.924674,0.146529,True,True,True,True,True,True,True,True,True,True,True,True,True,True
1536,ml_6_01767.jpg,0,,ml_6_hard,6-8,7.149225,17.158,1,0,0,0.0,,False,0.0,,False,False,False,False,False,False,False,False,False,False,False,False,False,False
1536,ml_6_01899.jpg,0,,ml_6_hard,6-8,7.3486,17.637,1,0,0,0.0,,False,0.0,,False,False,False,False,False,False,False,False,False,False,False,False,False,False
1536,ml_6_02054.jpg,0,,ml_6_hard,6-8,7.164624,17.195,1,0,0,0.0,,True,0.702149,0.366292,False,False,False,False,False,False,False,False,False,False,False,False,False,False
1536,ml_6_02071.jpg,0,,ml_6_hard,6-8,7.937395,19.05,1,1,1,0.873953,0.746054,True,0.804975,0.620982,True,True,True,True,True,True,True,True,True,True,True,True,True,True
1536,ml_6_02123.jpg,0,,ml_6_hard,6-8,7.817339,18.762,1,0,0,0.0,,False,0.0,,False,False,False,False,False,False,False,False,False,False,False,False,False,False
1536,uetlibergstrasse_1_00040.jpg,0,,uetlibergstrasse_1_hard,6-8,6.191349,14.859,1,1,0,0.0,,False,0.0,,False,False,False,False,False,False,False,False,False,False,False,False,False,False
1536,uetlibergstrasse_1_00419.jpg,0,,uetlibergstrasse_1_hard,6-8,6.928203,16.628,2,2,1,0.805606,0.794515,True,0.811618,0.706493,True,True,True,True,True,True,True,True,True,True,True,True,True,True
1536,uetlibergstrasse_1_00041.jpg,0,,uetlibergstrasse_1_hard,<4,3.299813,7.92,2,1,1,0.606311,0.60018,False,0.0,,True,True,True,True,True,True,True,True,True,True,True,True,True,True
