metric,v1,v2_hardneg,tiny_recovery,delta_vs_v2,delta_kind
Precision,0.686441,0.878261,0.838384,-0.03987699999999994,absolute
Recall,0.163636,0.20404,0.167677,-0.036363000000000006,absolute
mAP50-95,0.190877,0.189727,0.13883,-0.050897,absolute
TP<8,8.0,4.0,6.0,2.0,absolute
Recall<8,0.07619,0.038095,0.057143,0.019048000000000002,absolute
Recall 8-16,0.189655,0.282759,0.237931,-0.04482799999999998,absolute
no-target FP,6,1,0,-1.0,absolute
no-target FP/image,0.012096774193548387,0.0020161290322580645,0.0,-0.0020161290322580645,absolute
no-target FP/image relative,,,,,relative
