image,gt_index,bucket,equiv_size_640,net_px_1024,stride_cells,matched_op,best_iou_weak,best_conf_weak
D:\_eth_data\eth_shuttle_detection\old\iphone_20251015\images\val\88da48d8-IMG_2868_000000016.jpg,0,8-12,11.242457965317962,17.98793274450874,2.2484915930635925,False,0.0,
D:\_eth_data\eth_shuttle_detection\old\iphone_20251015\images\val\88da48d8-IMG_2868_000000017.jpg,0,8-12,11.71131403736383,18.738102459782127,2.342262807472766,False,0.0,
D:\_eth_data\eth_shuttle_detection\old\iphone_20251015\images\val\88da48d8-IMG_2868_000000018.jpg,0,12-16,12.170042423927933,19.472067878284694,2.4340084847855867,False,0.0,
D:\_eth_data\eth_shuttle_detection\old\iphone_20251015\images\val\88da48d8-IMG_2868_000000019.jpg,0,8-12,11.984229337944186,19.174766940710697,2.396845867588837,False,0.0,
D:\_eth_data\eth_shuttle_detection\old\iphone_20251015\images\val\88da48d8-IMG_2868_000000020.jpg,0,8-12,11.795489521366996,18.872783234187192,2.359097904273399,False,0.0,
D:\_eth_data\eth_shuttle_detection\old\iphone_20251015\images\val\88da48d8-IMG_2868_000000021.jpg,0,8-12,11.879237186668963,19.00677949867034,2.3758474373337926,False,0.0,
D:\_eth_data\eth_shuttle_detection\old\iphone_20251015\images\val\88da48d8-IMG_2868_000000022.jpg,0,8-12,11.944353772165556,19.11096603546489,2.3888707544331114,False,0.0,
D:\_eth_data\eth_shuttle_detection\old\iphone_20251015\images\val\88da48d8-IMG_2868_000000023.jpg,0,8-12,11.679571921346202,18.687315074153926,2.3359143842692407,False,0.0,
D:\_eth_data\eth_shuttle_detection\old\iphone_20251015\images\val\88da48d8-IMG_2868_000000024.jpg,0,8-12,11.408646435802613,18.253834297284182,2.281729287160523,False,0.0,
D:\_eth_data\eth_shuttle_detection\old\iphone_20251015\images\val\88da48d8-IMG_2868_000000026.jpg,0,16-24,23.80057449912053,38.080919198592845,4.760114899824106,False,0.0,
D:\_eth_data\eth_shuttle_detection\old\iphone_20251015\images\val\88da48d8-IMG_2868_000000027.jpg,0,24-32,26.485092623110866,42.37614819697739,5.297018524622174,False,0.0,
D:\_eth_data\eth_shuttle_detection\old\iphone_20251015\images\val\88da48d8-IMG_2868_000000028.jpg,0,24-32,26.485092623110866,42.37614819697739,5.297018524622174,False,0.0,
D:\_eth_data\eth_shuttle_detection\old\iphone_20251015\images\val\88da48d8-IMG_2868_000000029.jpg,0,16-24,17.311699698374284,27.698719517398857,3.462339939674857,False,0.0,
D:\_eth_data\eth_shuttle_detection\old\iphone_20251015\images\val\88da48d8-IMG_2868_000000058.jpg,0,32-64,44.27162406141849,70.83459849826959,8.854324812283698,False,0.0,
D:\_eth_data\eth_shuttle_detection\old\iphone_20251015\images\val\88da48d8-IMG_2868_000000059.jpg,0,32-64,52.96680834931436,84.74689335890298,10.593361669862873,False,0.0,
D:\_eth_data\eth_shuttle_detection\old\iphone_20251015\images\val\88da48d8-IMG_2868_000000060.jpg,0,32-64,62.96581396568982,100.74530234510371,12.593162793137964,False,0.0,
D:\_eth_data\eth_shuttle_detection\old\iphone_20251015\images\val\88da48d8-IMG_2868_000000061.jpg,0,>64,77.85483194561462,124.5677311129834,15.570966389122924,False,0.0,
D:\_eth_data\eth_shuttle_detection\old\iphone_20251015\images\val\88da48d8-IMG_2868_000000062.jpg,0,>64,88.5773832946502,141.72381327144032,17.71547665893004,False,0.0,
D:\_eth_data\eth_shuttle_detection\old\iphone_20251015\images\val\88da48d8-IMG_2868_000000063.jpg,0,>64,81.53124189815468,130.4499870370475,16.306248379630937,False,0.0,
D:\_eth_data\eth_shuttle_detection\old\iphone_20251015\images\val\88da48d8-IMG_2868_000000065.jpg,0,>64,130.75520438050634,209.20832700881016,26.15104087610127,False,0.0,
D:\_eth_data\eth_shuttle_detection\old\iphone_20251015\images\val\88da48d8-IMG_2868_000000066.jpg,0,>64,82.87616804983263,132.60186887973222,16.575233609966528,False,0.0,
D:\_eth_data\eth_shuttle_detection\old\iphone_20251015\images\val\88da48d8-IMG_2868_000000067.jpg,0,32-64,42.503501742049906,68.00560278727986,8.500700348409982,False,0.0,
D:\_eth_data\eth_shuttle_detection\old\iphone_20251015\images\val\88da48d8-IMG_2868_000000079.jpg,0,16-24,23.033240125026754,36.85318420004281,4.606648025005351,False,0.0,
D:\_eth_data\eth_shuttle_detection\old\iphone_20251015\images\val\88da48d8-IMG_2868_000000080.jpg,0,24-32,26.760710913944877,42.817137462311806,5.352142182788976,False,0.0,
D:\_eth_data\eth_shuttle_detection\old\iphone_20251015\images\val\88da48d8-IMG_2868_000000081.jpg,0,16-24,22.084800675257714,35.33568108041234,4.416960135051543,False,0.0,
D:\_eth_data\eth_shuttle_detection\old\iphone_20251015\images\val\88da48d8-IMG_2868_000000082.jpg,0,16-24,18.855463666172454,30.16874186587593,3.7710927332344912,False,0.0,
D:\_eth_data\eth_shuttle_detection\old\iphone_20251015\images\val\88da48d8-IMG_2868_000000083.jpg,0,16-24,19.230624720841917,30.76899955334707,3.8461249441683836,False,0.0,
D:\_eth_data\eth_shuttle_detection\old\iphone_20251015\images\val\88da48d8-IMG_2868_000000084.jpg,0,16-24,20.533721078386158,32.85395372541785,4.106744215677232,False,0.0,
D:\_eth_data\eth_shuttle_detection\old\iphone_20251015\images\val\88da48d8-IMG_2868_000000085.jpg,0,16-24,19.421560232647316,31.074496372235707,3.8843120465294634,False,0.0,
D:\_eth_data\eth_shuttle_detection\old\iphone_20251015\images\val\88da48d8-IMG_2868_000000086.jpg,0,16-24,17.159585525523873,27.4553368408382,3.431917105104775,False,0.0,
D:\_eth_data\eth_shuttle_detection\old\iphone_20251015\images\val\88da48d8-IMG_2868_000000087.jpg,0,16-24,16.407542573301043,26.25206811728167,3.2815085146602088,False,0.0,
D:\_eth_data\eth_shuttle_detection\old\iphone_20251015\images\val\88da48d8-IMG_2868_000000088.jpg,0,12-16,15.655125773553017,25.04820123768483,3.1310251547106036,False,0.0,
D:\_eth_data\eth_shuttle_detection\old\iphone_20251015\images\val\88da48d8-IMG_2868_000000089.jpg,0,16-24,16.029989502273413,25.647983203637462,3.205997900454683,False,0.0,
D:\_eth_data\eth_shuttle_detection\old\iphone_20251015\images\val\88da48d8-IMG_2868_000000090.jpg,0,12-16,14.648950359118487,23.438320574589582,2.9297900718236978,False,0.0,
D:\_eth_data\eth_shuttle_detection\old\iphone_20251015\images\val\88da48d8-IMG_2868_000000091.jpg,0,12-16,14.28406313952455,22.85450102323928,2.85681262790491,False,0.0,
D:\_eth_data\eth_shuttle_detection\old\iphone_20251015\images\val\88da48d8-IMG_2868_000000092.jpg,0,12-16,13.120515632724281,20.99282501235885,2.6241031265448562,False,0.0,
D:\_eth_data\eth_shuttle_detection\old\iphone_20251015\images\val\88da48d8-IMG_2868_000000093.jpg,0,12-16,13.377699101492057,21.404318562387292,2.6755398202984115,False,0.0,
D:\_eth_data\eth_shuttle_detection\old\iphone_20251015\images\val\88da48d8-IMG_2868_000000094.jpg,0,12-16,12.254027664386882,19.606444263019014,2.450805532877377,False,0.0,
D:\_eth_data\eth_shuttle_detection\old\iphone_20251015\images\val\88da48d8-IMG_2868_000000095.jpg,0,12-16,12.35684375553826,19.77095000886122,2.4713687511076525,False,0.0,
D:\_eth_data\eth_shuttle_detection\old\iphone_20251015\images\val\88da48d8-IMG_2868_000000096.jpg,0,12-16,14.043077561351502,22.468924098162404,2.8086155122703005,False,0.0,
D:\_eth_data\eth_shuttle_detection\old\iphone_20251015\images\val\88da48d8-IMG_2868_000000097.jpg,0,16-24,17.89306832337933,28.628909317406933,3.5786136646758666,False,0.0,
D:\_eth_data\eth_shuttle_detection\old\iphone_20251015\images\val\88da48d8-IMG_2868_000000098.jpg,0,16-24,18.646315011027063,29.834104017643302,3.7292630022054127,False,0.0,
D:\_eth_data\eth_shuttle_detection\old\iphone_20251015\images\val\88da48d8-IMG_2868_000000099.jpg,0,16-24,17.563327800060456,28.101324480096732,3.5126655600120915,False,0.0,
D:\_eth_data\eth_shuttle_detection\old\iphone_20251015\images\val\88da48d8-IMG_2868_000000100.jpg,0,16-24,17.563327800060453,28.101324480096725,3.5126655600120906,False,0.0,
D:\_eth_data\eth_shuttle_detection\old\iphone_20251015\images\val\88da48d8-IMG_2868_000000101.jpg,0,16-24,17.563327800060453,28.101324480096725,3.5126655600120906,False,0.0,
D:\_eth_data\eth_shuttle_detection\old\iphone_20251015\images\val\88da48d8-IMG_2868_000000102.jpg,0,16-24,19.023981041325047,30.438369666120078,3.8047962082650097,False,0.0,
D:\_eth_data\eth_shuttle_detection\old\iphone_20251015\images\val\88da48d8-IMG_2868_000000136.jpg,0,>64,70.89134033530448,113.42614453648717,14.178268067060896,False,0.0,
D:\_eth_data\eth_shuttle_detection\old\iphone_20251015\images\val\88da48d8-IMG_2868_000000137.jpg,0,>64,69.29398068623183,110.87036909797094,13.858796137246367,False,0.0,
D:\_eth_data\eth_shuttle_detection\old\iphone_20251015\images\val\88da48d8-IMG_2868_000000138.jpg,0,>64,76.16115199274176,121.85784318838682,15.232230398548353,False,0.0,
D:\_eth_data\eth_shuttle_detection\old\iphone_20251015\images\val\88da48d8-IMG_2868_000000139.jpg,0,>64,73.47532318609095,117.56051709774552,14.69506463721819,False,0.0,
D:\_eth_data\eth_shuttle_detection\old\iphone_20251015\images\val\88da48d8-IMG_2868_000000161.jpg,0,16-24,16.245302420968596,25.992483873549755,3.2490604841937194,False,0.0,
D:\_eth_data\eth_shuttle_detection\old\iphone_20251015\images\val\88da48d8-IMG_2868_000000162.jpg,0,16-24,16.35539442405987,26.168631078495793,3.271078884811974,False,0.0,
D:\_eth_data\eth_shuttle_detection\old\iphone_20251015\images\val\88da48d8-IMG_2868_000000163.jpg,0,12-16,13.01722696911673,20.82756315058677,2.603445393823346,False,0.0,
D:\_eth_data\eth_shuttle_detection\old\iphone_20251015\images\val\88da48d8-IMG_2868_000000164.jpg,0,12-16,12.769785351145806,20.431656561833293,2.5539570702291616,False,0.0,
D:\_eth_data\eth_shuttle_detection\old\iphone_20251015\images\val\88da48d8-IMG_2868_000000165.jpg,0,12-16,12.396877869666094,19.83500459146575,2.479375573933219,False,0.0,
D:\_eth_data\eth_shuttle_detection\old\iphone_20251015\images\val\88da48d8-IMG_2868_000000166.jpg,0,12-16,12.2599289480818,19.615886316930883,2.4519857896163604,False,0.0,
D:\_eth_data\eth_shuttle_detection\old\iphone_20251015\images\val\88da48d8-IMG_2868_000000167.jpg,0,8-12,11.73878503777292,18.782056060436673,2.347757007554584,False,0.0,
D:\_eth_data\eth_shuttle_detection\old\iphone_20251015\images\val\88da48d8-IMG_2868_000000168.jpg,0,12-16,12.759805698402374,20.4156891174438,2.551961139680475,False,0.0,
D:\_eth_data\eth_shuttle_detection\old\iphone_20251015\images\val\88da48d8-IMG_2868_000000169.jpg,0,16-24,16.84649578734425,26.954393259750802,3.3692991574688502,False,0.0,
D:\_eth_data\eth_shuttle_detection\old\iphone_20251015\images\val\88da48d8-IMG_2868_000000170.jpg,0,16-24,17.18609444395495,27.497751110327922,3.4372188887909902,False,0.0,
D:\_eth_data\eth_shuttle_detection\old\iphone_20251015\images\val\88da48d8-IMG_2868_000000171.jpg,0,12-16,15.133133886712148,24.21301421873944,3.02662677734243,False,0.0,
D:\_eth_data\eth_shuttle_detection\old\iphone_20251015\images\val\88da48d8-IMG_2868_000000188.jpg,0,12-16,15.488962638389808,24.782340221423695,3.097792527677962,False,0.0,
D:\_eth_data\eth_shuttle_detection\old\iphone_20251015\images\val\88da48d8-IMG_2868_000000189.jpg,0,16-24,19.667849774594934,31.468559639351895,3.933569954918987,False,0.0,
D:\_eth_data\eth_shuttle_detection\old\iphone_20251015\images\val\88da48d8-IMG_2868_000000190.jpg,0,16-24,19.064397679770504,30.50303628763281,3.8128795359541012,False,0.0,
D:\_eth_data\eth_shuttle_detection\old\iphone_20251015\images\val\88da48d8-IMG_2868_000000191.jpg,0,16-24,17.69858771538578,28.31774034461725,3.539717543077156,False,0.0,
D:\_eth_data\eth_shuttle_detection\old\iphone_20251015\images\val\88da48d8-IMG_2868_000000192.jpg,0,16-24,16.12271724916486,25.79634759866378,3.2245434498329724,False,0.0,
D:\_eth_data\eth_shuttle_detection\old\iphone_20251015\images\val\88da48d8-IMG_2868_000000193.jpg,0,12-16,14.673676943256625,23.4778831092106,2.934735388651325,True,0.914529,0.482655
D:\_eth_data\eth_shuttle_detection\old\iphone_20251015\images\val\88da48d8-IMG_2868_000000194.jpg,0,12-16,14.29123239824523,22.86597183719237,2.858246479649046,False,0.809379,0.102587
D:\_eth_data\eth_shuttle_detection\old\iphone_20251015\images\val\88da48d8-IMG_2868_000000195.jpg,0,12-16,13.898267945548001,22.237228712876803,2.7796535891096004,True,0.738332,0.312337
D:\_eth_data\eth_shuttle_detection\old\iphone_20251015\images\val\88da48d8-IMG_2868_000000196.jpg,0,16-24,16.105816664564095,25.769306663302554,3.2211633329128193,True,0.789906,0.766165
D:\_eth_data\eth_shuttle_detection\old\iphone_20251015\images\val\88da48d8-IMG_2868_000000197.jpg,0,16-24,16.273306875209386,26.037291000335017,3.254661375041877,False,0.826003,0.169183
D:\_eth_data\eth_shuttle_detection\old\iphone_20251015\images\val\88da48d8-IMG_2868_000000198.jpg,0,16-24,16.659475237580956,26.65516038012953,3.3318950475161913,False,0.868515,0.229035
D:\_eth_data\eth_shuttle_detection\old\iphone_20251015\images\val\88da48d8-IMG_2868_000000199.jpg,0,16-24,17.038189110577097,27.261102576923356,3.4076378221154195,False,0.896749,0.111934
D:\_eth_data\eth_shuttle_detection\old\iphone_20251015\images\val\88da48d8-IMG_2868_000000200.jpg,0,16-24,17.409934967810234,27.855895948496375,3.481986993562047,True,0.822248,0.706515
D:\_eth_data\eth_shuttle_detection\old\iphone_20251015\images\val\88da48d8-IMG_2868_000000201.jpg,0,16-24,19.418978083196727,31.070364933114764,3.8837956166393455,False,0.894431,0.139112
D:\_eth_data\eth_shuttle_detection\old\iphone_20251015\images\val\88da48d8-IMG_2868_000000202.jpg,0,16-24,21.426837185916746,34.28293949746679,4.285367437183349,False,0.808742,0.015428
D:\_eth_data\eth_shuttle_detection\old\iphone_20251015\images\val\88da48d8-IMG_2868_000000203.jpg,0,16-24,23.433816624094995,37.494106598551994,4.686763324818999,False,0.0,
D:\_eth_data\eth_shuttle_detection\old\iphone_20251015\images\val\88da48d8-IMG_2868_000000204.jpg,0,24-32,24.76454686910126,39.62327499056202,4.952909373820252,False,0.0,
D:\_eth_data\eth_shuttle_detection\old\iphone_20251015\images\val\88da48d8-IMG_2868_000000205.jpg,0,24-32,27.109137440533473,43.37461990485356,5.421827488106695,False,0.0,
D:\_eth_data\eth_shuttle_detection\old\iphone_20251015\images\val\88da48d8-IMG_2868_000000206.jpg,0,24-32,30.365009937035346,48.584015899256556,6.0730019874070695,False,0.0,
D:\_eth_data\eth_shuttle_detection\old\iphone_20251015\images\val\88da48d8-IMG_2868_000000207.jpg,0,32-64,34.393635957382756,55.02981753181241,6.8787271914765515,False,0.0,
D:\_eth_data\eth_shuttle_detection\old\iphone_20251015\images\val\88da48d8-IMG_2868_000000208.jpg,0,32-64,39.1041811512305,62.5666898419688,7.8208362302461,False,0.0,
D:\_eth_data\eth_shuttle_detection\old\iphone_20251015\images\val\88da48d8-IMG_2868_000000209.jpg,0,32-64,48.08945842727718,76.94313348364349,9.617891685455437,False,0.0,
D:\_eth_data\eth_shuttle_detection\old\iphone_20251015\images\val\88da48d8-IMG_2868_000000210.jpg,0,32-64,55.19815528900351,88.31704846240562,11.039631057800703,False,0.0,
D:\_eth_data\eth_shuttle_detection\old\iphone_20251015\images\val\88da48d8-IMG_2868_000000211.jpg,0,>64,66.03180941008218,105.65089505613149,13.206361882016436,False,0.0,
D:\_eth_data\eth_shuttle_detection\old\iphone_20251015\images\val\88da48d8-IMG_2868_000000213.jpg,0,>64,66.03180941008218,105.65089505613149,13.206361882016436,False,0.0,
D:\_eth_data\eth_shuttle_detection\old\iphone_20251015\images\val\88da48d8-IMG_2868_000000214.jpg,0,32-64,54.668072139149594,87.46891542263936,10.93361442782992,False,0.0,
D:\_eth_data\eth_shuttle_detection\old\iphone_20251015\images\val\88da48d8-IMG_2868_000000215.jpg,0,32-64,40.27335243231012,64.4373638916962,8.054670486462024,False,0.0,
D:\_eth_data\eth_shuttle_detection\old\iphone_20251015\images\val\88da48d8-IMG_2868_000000216.jpg,0,32-64,35.79573558598707,57.27317693757931,7.1591471171974135,False,0.0,
D:\_eth_data\eth_shuttle_detection\old\iphone_20251015\images\val\88da48d8-IMG_2868_000000217.jpg,0,24-32,31.241758569314392,49.98681371090303,6.248351713862879,False,0.0,
D:\_eth_data\eth_shuttle_detection\old\iphone_20251015\images\val\88da48d8-IMG_2868_000000218.jpg,0,24-32,25.75390559493482,41.20624895189572,5.150781118986965,False,0.0,
D:\_eth_data\eth_shuttle_detection\old\iphone_20251015\images\val\88da48d8-IMG_2868_000000219.jpg,0,16-24,22.917161615678978,36.667458585086365,4.583432323135796,False,0.0,
D:\_eth_data\eth_shuttle_detection\old\iphone_20251015\images\val\88da48d8-IMG_2868_000000220.jpg,0,16-24,18.565921701103953,29.705474721766326,3.7131843402207907,False,0.0,
D:\_eth_data\eth_shuttle_detection\old\iphone_20251015\images\val\88da48d8-IMG_2868_000000221.jpg,0,16-24,16.580277784102037,26.52844445456326,3.3160555568204075,False,0.0,
D:\_eth_data\eth_shuttle_detection\old\iphone_20251015\images\val\88da48d8-IMG_2868_000000222.jpg,0,12-16,15.201066385916073,24.321706217465717,3.0402132771832147,False,0.0,
D:\_eth_data\eth_shuttle_detection\old\iphone_20251015\images\val\88da48d8-IMG_2868_000000223.jpg,0,12-16,14.98423732251894,23.974779716030305,2.996847464503788,False,0.0,
D:\_eth_data\eth_shuttle_detection\old\iphone_20251015\images\val\88da48d8-IMG_2868_000000224.jpg,0,12-16,15.116961536684137,24.18713845869462,3.0233923073368274,False,0.0,
D:\_eth_data\eth_shuttle_detection\old\iphone_20251015\images\val\88da48d8-IMG_2868_000000225.jpg,0,12-16,15.593955195405702,24.950328312649123,3.1187910390811404,False,0.0,
D:\_eth_data\eth_shuttle_detection\old\iphone_20251015\images\val\88da48d8-IMG_2868_000000226.jpg,0,16-24,16.561609339419945,26.498574943071915,3.3123218678839894,False,0.0,
D:\_eth_data\eth_shuttle_detection\old\iphone_20251015\images\val\88da48d8-IMG_2868_000000227.jpg,0,12-16,15.508320347273001,24.813312555636802,3.1016640694546003,False,0.0,
D:\_eth_data\eth_shuttle_detection\old\iphone_20251015\images\val\88da48d8-IMG_2868_000000228.jpg,0,12-16,14.361205524931705,22.97792883989073,2.872241104986341,False,0.0,
D:\_eth_data\eth_shuttle_detection\old\iphone_20251015\images\val\88da48d8-IMG_2868_000000229.jpg,0,12-16,14.114081836933419,22.582530939093473,2.822816367386684,False,0.0,
D:\_eth_data\eth_shuttle_detection\old\iphone_20251015\images\val\88da48d8-IMG_2868_000000230.jpg,0,12-16,13.865320431714185,22.184512690742697,2.773064086342837,False,0.0,
D:\_eth_data\eth_shuttle_detection\old\iphone_20251015\images\val\88da48d8-IMG_2868_000000231.jpg,0,12-16,13.614831539637198,21.783730463419516,2.7229663079274395,False,0.0,
D:\_eth_data\eth_shuttle_detection\old\iphone_20251015\images\val\88da48d8-IMG_2868_000000232.jpg,0,8-12,11.746152959637872,18.793844735420596,2.3492305919275744,False,0.0,
D:\_eth_data\eth_shuttle_detection\old\iphone_20251015\images\val\88da48d8-IMG_2868_000000233.jpg,0,8-12,11.59012483156614,18.544199730505824,2.318024966313228,False,0.0,
D:\_eth_data\eth_shuttle_detection\old\iphone_20251015\images\val\88da48d8-IMG_2868_000000234.jpg,0,12-16,12.981328338485223,20.77012534157636,2.596265667697045,False,0.0,
D:\_eth_data\eth_shuttle_detection\old\iphone_20251015\images\val\88da48d8-IMG_2868_000000235.jpg,0,8-12,11.918835929884981,19.07013748781597,2.383767185976996,False,0.0,
D:\_eth_data\eth_shuttle_detection\old\iphone_20251015\images\val\88da48d8-IMG_2868_000000236.jpg,0,8-12,10.792772014913727,17.268435223861964,2.1585544029827455,False,0.0,
D:\_eth_data\eth_shuttle_detection\old\iphone_20251015\images\val\88da48d8-IMG_2868_000000237.jpg,0,12-16,12.085932695590795,19.337492312945272,2.417186539118159,False,0.0,
D:\_eth_data\eth_shuttle_detection\old\iphone_20251015\images\val\88da48d8-IMG_2868_000000238.jpg,0,12-16,14.462081151382748,23.139329842212398,2.8924162302765497,False,0.0,
D:\_eth_data\eth_shuttle_detection\old\iphone_20251015\images\val\88da48d8-IMG_2868_000000239.jpg,0,12-16,14.462081151382748,23.139329842212398,2.8924162302765497,False,0.0,
D:\_eth_data\eth_shuttle_detection\ml_3_hard\images\train\ml_3_00001.jpg,0,24-32,26.940432728224692,43.10469236515951,5.3880865456449385,False,0.0,
D:\_eth_data\eth_shuttle_detection\ml_3_hard\images\train\ml_3_00002.jpg,0,16-24,23.13964351946676,37.02342963114682,4.627928703893352,True,0.518989,0.547348
D:\_eth_data\eth_shuttle_detection\ml_3_hard\images\train\ml_3_00003.jpg,0,16-24,21.550804058874462,34.48128649419914,4.310160811774892,False,0.0,
D:\_eth_data\eth_shuttle_detection\ml_3_hard\images\train\ml_3_00006.jpg,0,16-24,17.606907735317975,28.17105237650876,3.521381547063595,False,0.623408,0.028636
D:\_eth_data\eth_shuttle_detection\ml_3_hard\images\train\ml_3_00007.jpg,0,16-24,16.165899913088662,25.865439860941862,3.2331799826177328,False,0.0,
D:\_eth_data\eth_shuttle_detection\ml_3_hard\images\train\ml_3_00008.jpg,0,12-16,15.49185592496909,24.786969479950546,3.0983711849938183,True,0.594224,0.36802
D:\_eth_data\eth_shuttle_detection\ml_3_hard\images\train\ml_3_00009.jpg,0,12-16,14.383755343859265,23.014008550174825,2.876751068771853,True,0.701856,0.593869
D:\_eth_data\eth_shuttle_detection\ml_3_hard\images\train\ml_3_00013.jpg,0,12-16,12.845369593748558,20.552591349997694,2.569073918749712,True,0.750239,0.720122
D:\_eth_data\eth_shuttle_detection\ml_3_hard\images\train\ml_3_00015.jpg,0,8-12,11.77589968435533,18.84143949496853,2.355179936871066,True,0.794378,0.629731
D:\_eth_data\eth_shuttle_detection\ml_3_hard\images\train\ml_3_00016.jpg,0,8-12,11.254723452844143,18.00755752455063,2.250944690568829,False,0.0,
D:\_eth_data\eth_shuttle_detection\ml_3_hard\images\train\ml_3_00018.jpg,0,8-12,10.919015422280527,17.470424675648843,2.1838030844561054,False,0.899881,0.019974
D:\_eth_data\eth_shuttle_detection\ml_3_hard\images\train\ml_3_00038.jpg,0,8-12,9.510183079625754,15.216292927401208,1.902036615925151,True,0.842275,0.70266
D:\_eth_data\eth_shuttle_detection\ml_3_hard\images\train\ml_3_00039.jpg,0,8-12,9.291613422866881,14.86658147658701,1.8583226845733762,True,0.749529,0.485708
D:\_eth_data\eth_shuttle_detection\ml_3_hard\images\train\ml_3_00040.jpg,0,8-12,8.705009029748332,13.928014447597333,1.7410018059496666,False,0.824224,0.028331
D:\_eth_data\eth_shuttle_detection\ml_3_hard\images\train\ml_3_00041.jpg,0,8-12,8.504944444262996,13.607911110820794,1.7009888888525992,False,0.0,
D:\_eth_data\eth_shuttle_detection\ml_3_hard\images\train\ml_3_00088.jpg,0,12-16,12.692783602661788,20.30845376425886,2.5385567205323576,False,0.0,
D:\_eth_data\eth_shuttle_detection\ml_3_hard\images\train\ml_3_00089.jpg,0,12-16,12.360267885770114,19.776428617232185,2.472053577154023,True,0.690015,0.54181
D:\_eth_data\eth_shuttle_detection\ml_3_hard\images\train\ml_3_00090.jpg,0,12-16,13.775923279693453,22.041477247509526,2.7551846559386908,False,0.606722,0.094651
D:\_eth_data\eth_shuttle_detection\ml_3_hard\images\train\ml_3_00091.jpg,0,12-16,12.373865289714447,19.798184463543116,2.4747730579428895,True,0.634244,0.642779
D:\_eth_data\eth_shuttle_detection\ml_3_hard\images\train\ml_3_00099.jpg,0,8-12,9.798056950232532,15.676891120372051,1.9596113900465064,False,0.627707,0.010376
D:\_eth_data\eth_shuttle_detection\ml_3_hard\images\train\ml_3_00100.jpg,0,8-12,11.210329762143484,17.936527619429576,2.242065952428697,False,0.0,
D:\_eth_data\eth_shuttle_detection\ml_3_hard\images\train\ml_3_00102.jpg,0,12-16,13.888434195977599,22.22149471356416,2.77768683919552,False,0.0,
D:\_eth_data\eth_shuttle_detection\ml_3_hard\images\train\ml_3_00106.jpg,0,12-16,13.804310116481734,22.086896186370776,2.760862023296347,True,0.502508,0.40065
D:\_eth_data\eth_shuttle_detection\ml_3_hard\images\train\ml_3_00107.jpg,0,12-16,15.27533960342617,24.440543365481872,3.055067920685234,False,0.534859,0.031923
D:\_eth_data\eth_shuttle_detection\ml_3_hard\images\train\ml_3_00108.jpg,0,16-24,16.141864136214252,25.826982617942804,3.2283728272428505,False,0.374185,0.13293
D:\_eth_data\eth_shuttle_detection\ml_3_hard\images\train\ml_3_00109.jpg,0,16-24,16.4721097616547,26.35537561864752,3.29442195233094,True,0.775379,0.744743
D:\_eth_data\eth_shuttle_detection\ml_3_hard\images\train\ml_3_00112.jpg,0,12-16,15.916532285645639,25.466451657033023,3.183306457129128,False,0.485621,0.016347
D:\_eth_data\eth_shuttle_detection\ml_3_hard\images\train\ml_3_00178.jpg,0,16-24,17.101177608106404,27.36188417297025,3.420235521621281,True,0.715893,0.389347
D:\_eth_data\eth_shuttle_detection\ml_3_hard\images\train\ml_3_00179.jpg,0,16-24,16.096953196428196,25.755125114285114,3.2193906392856393,False,0.795666,0.01674
D:\_eth_data\eth_shuttle_detection\ml_3_hard\images\train\ml_3_00180.jpg,0,12-16,14.60586183694752,23.369378939116032,2.921172367389504,False,0.0,
D:\_eth_data\eth_shuttle_detection\ml_3_hard\images\train\ml_3_00198.jpg,0,8-12,9.092168058279608,14.547468893247373,1.8184336116559217,False,0.0,
D:\_eth_data\eth_shuttle_detection\ml_3_hard\images\train\ml_3_00199.jpg,0,8-12,8.756026496076858,14.009642393722974,1.7512052992153717,False,0.652401,0.020105
D:\_eth_data\eth_shuttle_detection\ml_3_hard\images\train\ml_3_00200.jpg,0,8-12,8.756026496076858,14.009642393722974,1.7512052992153717,True,0.726448,0.549734
D:\_eth_data\eth_shuttle_detection\ml_3_hard\images\train\ml_3_00201.jpg,0,8-12,9.043275710935722,14.469241137497157,1.8086551421871446,True,0.78555,0.690405
D:\_eth_data\eth_shuttle_detection\ml_3_hard\images\train\ml_3_00202.jpg,0,8-12,8.563410535528469,13.701456856845551,1.712682107105694,False,0.793638,0.210671
D:\_eth_data\eth_shuttle_detection\ml_3_hard\images\train\ml_3_00203.jpg,0,8-12,8.027765704602993,12.84442512736479,1.6055531409205988,False,0.0,
D:\_eth_data\eth_shuttle_detection\ml_3_hard\images\train\ml_3_00211.jpg,0,6-8,7.888095106931711,12.620952171090739,1.5776190213863424,False,0.792377,0.036507
D:\_eth_data\eth_shuttle_detection\ml_3_hard\images\train\ml_3_00212.jpg,0,6-8,7.824337530551707,12.518940048882733,1.5648675061103416,True,0.781873,0.346942
D:\_eth_data\eth_shuttle_detection\ml_3_hard\images\train\ml_3_00213.jpg,0,8-12,8.43290908192422,13.492654531078754,1.6865818163848443,False,0.768759,0.034714
D:\_eth_data\eth_shuttle_detection\ml_3_hard\images\train\ml_3_00214.jpg,0,8-12,8.504944444262996,13.607911110820794,1.7009888888525992,True,0.768242,0.468691
D:\_eth_data\eth_shuttle_detection\ml_3_hard\images\train\ml_3_00229.jpg,0,6-8,7.65943252623848,12.25509204198157,1.5318865052476962,True,0.544033,0.59918
D:\_eth_data\eth_shuttle_detection\ml_3_hard\images\train\ml_3_00232.jpg,0,6-8,7.008100711605107,11.212961138568172,1.4016201423210215,False,0.0,
D:\_eth_data\eth_shuttle_detection\ml_3_hard\images\train\ml_3_00237.jpg,0,6-8,7.60133906519108,12.162142504305729,1.5202678130382161,False,0.0,
D:\_eth_data\eth_shuttle_detection\ml_3_hard\images\train\ml_3_00238.jpg,0,6-8,6.733082503578878,10.772932005726204,1.3466165007157755,False,0.293232,0.079929
D:\_eth_data\eth_shuttle_detection\ml_3_hard\images\train\ml_3_00239.jpg,0,6-8,6.871967534265568,10.99514805482491,1.3743935068531137,False,0.106919,0.033375
D:\_eth_data\eth_shuttle_detection\ml_3_hard\images\train\ml_3_00267.jpg,0,8-12,8.43290908192422,13.492654531078754,1.6865818163848443,False,0.788998,0.13117
D:\_eth_data\eth_shuttle_detection\ml_3_hard\images\train\ml_3_00269.jpg,0,8-12,11.015225826100888,17.624361321761423,2.203045165220178,False,0.808877,0.066102
D:\_eth_data\eth_shuttle_detection\ml_3_hard\images\train\ml_3_00270.jpg,0,8-12,10.842322833046431,17.34771653287429,2.1684645666092863,False,0.0,
D:\_eth_data\eth_shuttle_detection\ml_3_hard\images\train\ml_3_00271.jpg,0,8-12,8.459028574014866,13.534445718423786,1.6918057148029733,False,0.724141,0.023525
D:\_eth_data\eth_shuttle_detection\ml_3_hard\images\train\ml_3_00272.jpg,0,6-8,7.874048513947574,12.59847762231612,1.574809702789515,False,0.0,
D:\_eth_data\eth_shuttle_detection\ml_3_hard\images\train\ml_3_00273.jpg,0,6-8,7.745966692414833,12.393546707863734,1.5491933384829668,False,0.0,
D:\_eth_data\eth_shuttle_detection\ml_3_hard\images\train\ml_3_00275.jpg,0,8-12,8.837994241229172,14.140790785966676,1.7675988482458345,False,0.683185,0.125686
D:\_eth_data\eth_shuttle_detection\ml_3_hard\images\train\ml_3_00276.jpg,0,8-12,9.527672444411595,15.244275911058551,1.905534488882319,False,0.521403,0.044096
D:\_eth_data\eth_shuttle_detection\ml_3_hard\images\train\ml_3_00277.jpg,0,8-12,8.692274985065762,13.90763997610522,1.7384549970131524,True,0.743056,0.638355
D:\_eth_data\eth_shuttle_detection\ml_3_hard\images\train\ml_3_00300.jpg,0,8-12,11.145629537715667,17.833007260345067,2.2291259075431333,False,0.641459,0.047991
D:\_eth_data\eth_shuttle_detection\ml_3_hard\images\train\ml_3_00301.jpg,0,8-12,9.797958971132712,15.67673435381234,1.9595917942265424,True,0.717468,0.400801
D:\_eth_data\eth_shuttle_detection\ml_3_hard\images\train\ml_3_00302.jpg,0,8-12,11.519923610857841,18.431877777372545,2.303984722171568,False,0.461701,0.033375
D:\_eth_data\eth_shuttle_detection\ml_3_hard\images\train\ml_3_00303.jpg,0,8-12,10.728954385586697,17.166327016938716,2.1457908771173395,True,0.78279,0.328248
D:\_eth_data\eth_shuttle_detection\ml_3_hard\images\train\ml_3_00311.jpg,0,12-16,12.073875194319344,19.318200310910953,2.414775038863869,False,0.0,
D:\_eth_data\eth_shuttle_detection\ml_3_hard\images\train\ml_3_00394.jpg,0,8-12,9.183531639625357,14.693650623400572,1.8367063279250715,False,0.0,
D:\_eth_data\eth_shuttle_detection\ml_3_hard\images\train\ml_3_00396.jpg,0,8-12,8.16504745852711,13.064075933643375,1.6330094917054219,False,0.0,
D:\_eth_data\eth_shuttle_detection\ml_3_hard\images\train\ml_3_00433.jpg,0,8-12,11.120517973547814,17.792828757676503,2.224103594709563,False,0.0,
D:\_eth_data\eth_shuttle_detection\ml_3_hard\images\train\ml_3_00440.jpg,0,8-12,11.775608689150637,18.84097390264102,2.3551217378301277,False,0.0,
D:\_eth_data\eth_shuttle_detection\ml_3_hard\images\train\ml_3_00441.jpg,0,8-12,10.842322833046431,17.34771653287429,2.1684645666092863,False,0.45114,0.027809
D:\_eth_data\eth_shuttle_detection\ml_3_hard\images\train\ml_3_00446.jpg,0,8-12,11.195198970987516,17.912318353580027,2.2390397941975033,False,0.0,
D:\_eth_data\eth_shuttle_detection\ml_3_hard\images\train\ml_3_00447.jpg,0,12-16,12.47216278020777,19.95546044833243,2.494432556041554,False,0.534858,0.226483
D:\_eth_data\eth_shuttle_detection\ml_3_hard\images\train\ml_3_00448.jpg,0,12-16,12.247527097336832,19.59604335573893,2.4495054194673664,True,0.73053,0.561383
D:\_eth_data\eth_shuttle_detection\ml_3_hard\images\train\ml_3_00460.jpg,0,16-24,16.14496743186557,25.831947890984914,3.2289934863731142,True,0.577013,0.502071
D:\_eth_data\eth_shuttle_detection\ml_3_hard\images\train\ml_3_00464.jpg,0,16-24,17.08462518734315,27.33540029974904,3.41692503746863,True,0.515285,0.491206
D:\_eth_data\eth_shuttle_detection\ml_3_hard\images\train\ml_3_00466.jpg,0,16-24,17.314143992932483,27.702630388691972,3.4628287985864965,False,0.0,
D:\_eth_data\eth_shuttle_detection\ml_3_hard\images\train\ml_3_00467.jpg,0,16-24,19.56179132901688,31.29886612642701,3.9123582658033764,False,0.0,
D:\_eth_data\eth_shuttle_detection\ml_3_hard\images\train\ml_3_00468.jpg,0,16-24,19.67809588837294,31.484953421396707,3.9356191776745884,False,0.0,
D:\_eth_data\eth_shuttle_detection\ml_3_hard\images\train\ml_3_00506.jpg,0,16-24,16.964184495106153,27.142695192169846,3.3928368990212308,False,0.0,
D:\_eth_data\eth_shuttle_detection\ml_3_hard\images\train\ml_3_00507.jpg,0,12-16,14.888433988301118,23.82149438128179,2.977686797660224,False,0.0,
D:\_eth_data\eth_shuttle_detection\ml_3_hard\images\train\ml_3_00533.jpg,0,8-12,8.563698580403212,13.70191772864514,1.7127397160806426,True,0.767234,0.623665
D:\_eth_data\eth_shuttle_detection\ml_3_hard\images\train\ml_3_00537.jpg,0,8-12,8.30005890292352,13.280094244677635,1.6600117805847043,True,0.734277,0.548301
D:\_eth_data\eth_shuttle_detection\ml_3_hard\images\train\ml_3_00538.jpg,0,6-8,7.746181857922005,12.393890972675209,1.549236371584401,True,0.717135,0.443395
D:\_eth_data\eth_shuttle_detection\ml_3_hard\images\train\ml_3_00573.jpg,0,8-12,11.546913007379937,18.4750608118079,2.3093826014759875,True,0.61797,0.648797
D:\_eth_data\eth_shuttle_detection\ml_3_hard\images\train\ml_3_00574.jpg,0,8-12,10.831952732540886,17.331124372065418,2.166390546508177,False,0.0,
D:\_eth_data\eth_shuttle_detection\ml_3_hard\images\train\ml_3_00575.jpg,0,8-12,10.132529792702314,16.212047668323702,2.026505958540463,True,0.564582,0.604548
D:\_eth_data\eth_shuttle_detection\ml_3_hard\images\train\ml_3_00578.jpg,0,8-12,10.842322833046431,17.34771653287429,2.1684645666092863,False,0.0,
D:\_eth_data\eth_shuttle_detection\ml_3_hard\images\train\ml_3_00594.jpg,0,12-16,12.596087224848834,20.153739559758137,2.519217444969767,True,0.537133,0.405954
D:\_eth_data\eth_shuttle_detection\ml_3_hard\images\train\ml_3_00595.jpg,0,12-16,13.904531635405775,22.24725061664924,2.780906327081155,False,0.456654,0.013908
D:\_eth_data\eth_shuttle_detection\ml_3_hard\images\train\ml_3_00599.jpg,0,12-16,13.662679093062238,21.86028654889958,2.7325358186124475,True,0.589326,0.332281
D:\_eth_data\eth_shuttle_detection\ml_3_hard\images\train\ml_3_00600.jpg,0,12-16,12.25653639557277,19.610458232916432,2.451307279114554,False,0.0,
D:\_eth_data\eth_shuttle_detection\ml_3_hard\images\train\ml_3_00601.jpg,0,8-12,11.15529809480679,17.848476951690866,2.2310596189613583,True,0.765335,0.029472
D:\_eth_data\eth_shuttle_detection\ml_3_hard\images\train\ml_3_00602.jpg,0,12-16,14.042888591739237,22.46862174678278,2.8085777183478475,False,0.0,
D:\_eth_data\eth_shuttle_detection\ml_3_hard\images\train\ml_3_00670.jpg,0,8-12,11.224972160321823,17.959955456514916,2.2449944320643644,True,0.617564,0.549861
D:\_eth_data\eth_shuttle_detection\ml_3_hard\images\train\ml_3_00671.jpg,0,8-12,11.015225826100888,17.624361321761423,2.203045165220178,False,0.0,
D:\_eth_data\eth_shuttle_detection\ml_3_hard\images\train\ml_3_00672.jpg,0,8-12,10.284662152156482,16.455459443450373,2.0569324304312966,False,0.872694,0.161974
D:\_eth_data\eth_shuttle_detection\ml_3_hard\images\train\ml_3_00673.jpg,0,8-12,11.633365807022487,18.613385291235982,2.3266731614044978,True,0.778163,0.590347
D:\_eth_data\eth_shuttle_detection\ml_3_hard\images\train\ml_3_00674.jpg,0,8-12,11.401963575454888,18.24314172072782,2.2803927150909775,False,0.0,
D:\_eth_data\eth_shuttle_detection\ml_3_hard\images\train\ml_3_00891.jpg,0,12-16,12.033233979275895,19.253174366841435,2.4066467958551794,False,0.0,
D:\_eth_data\eth_shuttle_detection\ml_3_hard\images\train\ml_3_00893.jpg,0,8-12,8.94436135227105,14.310978163633681,1.7888722704542102,False,0.0,
D:\_eth_data\eth_shuttle_detection\ml_3_hard\images\train\ml_3_00895.jpg,0,8-12,9.055349799980121,14.488559679968194,1.8110699599960243,False,0.0,
D:\_eth_data\eth_shuttle_detection\ml_3_hard\images\train\ml_3_00908.jpg,0,8-12,11.015225826100888,17.624361321761423,2.203045165220178,False,0.0,
D:\_eth_data\eth_shuttle_detection\ml_3_hard\images\train\ml_3_00916.jpg,0,8-12,11.962736960411693,19.14037913665871,2.3925473920823386,False,0.676647,0.021851
D:\_eth_data\eth_shuttle_detection\ml_3_hard\images\train\ml_3_00917.jpg,0,12-16,12.769236120614263,20.430777792982823,2.553847224122853,False,0.0,
D:\_eth_data\eth_shuttle_detection\ml_3_hard\images\train\ml_3_00920.jpg,0,12-16,14.142135623730951,22.627416997969522,2.8284271247461903,False,0.645024,0.010173
D:\_eth_data\eth_shuttle_detection\ml_3_hard\images\train\ml_3_00921.jpg,0,12-16,12.819224103821572,20.510758566114518,2.5638448207643147,False,0.460789,0.346796
D:\_eth_data\eth_shuttle_detection\ml_3_hard\images\train\ml_3_00922.jpg,0,12-16,12.310800315820249,19.6972805053124,2.46216006316405,True,0.546724,0.50005
D:\_eth_data\eth_shuttle_detection\ml_3_hard\images\train\ml_3_00924.jpg,0,12-16,14.236073427177873,22.777717483484597,2.8472146854355747,False,0.0,
D:\_eth_data\eth_shuttle_detection\ml_3_hard\images\train\ml_3_00982.jpg,0,12-16,13.127534421969724,21.00405507515156,2.625506884393945,False,0.0,
D:\_eth_data\eth_shuttle_detection\ml_3_hard\images\train\ml_3_00988.jpg,0,8-12,11.090493226182504,17.744789161892008,2.218098645236501,True,0.666404,0.592364
D:\_eth_data\eth_shuttle_detection\ml_3_hard\images\train\ml_3_01054.jpg,0,8-12,9.93315257106222,15.893044113699553,1.986630514212444,True,0.558089,0.374509
D:\_eth_data\eth_shuttle_detection\ml_3_hard\images\train\ml_3_01055.jpg,0,8-12,10.01097486721448,16.01755978754317,2.0021949734428963,True,0.612275,0.407163
D:\_eth_data\eth_shuttle_detection\ml_3_hard\images\train\ml_3_01057.jpg,0,8-12,9.888095650022809,15.820953040036494,1.9776191300045618,False,0.0,
D:\_eth_data\eth_shuttle_detection\ml_3_hard\images\train\ml_3_01058.jpg,0,8-12,8.30005890292352,13.280094244677635,1.6600117805847043,False,0.0,
D:\_eth_data\eth_shuttle_detection\ml_3_hard\images\train\ml_3_01069.jpg,0,12-16,12.516612960381893,20.02658073661103,2.503322592076379,False,0.64809,0.070109
D:\_eth_data\eth_shuttle_detection\ml_3_hard\images\train\ml_3_01070.jpg,0,8-12,11.690406323135223,18.704650117016357,2.3380812646270446,True,0.770104,0.623068
D:\_eth_data\eth_shuttle_detection\ml_3_hard\images\train\ml_3_01072.jpg,0,8-12,11.546913007379937,18.4750608118079,2.3093826014759875,False,0.0,
D:\_eth_data\eth_shuttle_detection\ml_3_hard\images\train\ml_3_01073.jpg,0,12-16,12.04180606786208,19.266889708579328,2.408361213572416,False,0.0,
D:\_eth_data\eth_shuttle_detection\ml_3_hard\images\train\ml_3_01074.jpg,0,8-12,9.994563411775424,15.99130145884068,1.998912682355085,False,0.0,
D:\_eth_data\eth_shuttle_detection\ml_3_hard\images\train\ml_3_01075.jpg,0,12-16,12.723431054240045,20.357489686784074,2.5446862108480093,False,0.46312,0.200732
D:\_eth_data\eth_shuttle_detection\ml_3_hard\images\train\ml_3_01076.jpg,0,12-16,12.310800315820249,19.6972805053124,2.46216006316405,False,0.0,
D:\_eth_data\eth_shuttle_detection\ml_3_hard\images\train\ml_3_01199.jpg,0,8-12,9.763910416631237,15.62225666660998,1.9527820833262475,False,0.0,
D:\_eth_data\eth_shuttle_detection\ml_3_hard\images\train\ml_3_01200.jpg,0,8-12,10.708292114058153,17.133267382493045,2.1416584228116307,True,0.639161,0.646666
D:\_eth_data\eth_shuttle_detection\ml_3_hard\images\train\ml_3_01201.jpg,0,8-12,9.116360873945261,14.586177398312419,1.8232721747890523,True,0.755568,0.572688
D:\_eth_data\eth_shuttle_detection\ml_3_hard\images\train\ml_3_01211.jpg,0,8-12,11.8743016636769,18.99888266188304,2.37486033273538,False,0.0,
D:\_eth_data\eth_shuttle_detection\ml_3_hard\images\train\ml_3_01212.jpg,0,8-12,11.210329762143484,17.936527619429576,2.242065952428697,False,0.620834,0.169364
D:\_eth_data\eth_shuttle_detection\ml_3_hard\images\train\ml_3_01213.jpg,0,12-16,12.346791575466073,19.75486652074572,2.469358315093215,False,0.654807,0.010255
D:\_eth_data\eth_shuttle_detection\ml_3_hard\images\train\ml_3_01269.jpg,0,24-32,31.58051297873421,50.528820765974736,6.316102595746842,False,0.0,
D:\_eth_data\eth_shuttle_detection\ml_3_hard\images\train\ml_3_01277.jpg,0,16-24,16.91812650431483,27.06900240690373,3.3836253008629664,True,0.764438,0.510651
D:\_eth_data\eth_shuttle_detection\ml_3_hard\images\train\ml_3_01278.jpg,0,12-16,15.275350077821459,24.440560124514334,3.055070015564292,False,0.670525,0.02306
D:\_eth_data\eth_shuttle_detection\ml_3_hard\images\train\ml_3_01279.jpg,0,12-16,14.271134502904804,22.83381520464769,2.854226900580961,True,0.675817,0.561876
D:\_eth_data\eth_shuttle_detection\ml_3_hard\images\train\ml_3_01352.jpg,0,8-12,11.8743016636769,18.99888266188304,2.37486033273538,True,0.887356,0.446218
D:\_eth_data\eth_shuttle_detection\ml_3_hard\images\train\ml_3_01353.jpg,0,8-12,11.619073973428346,18.590518357485355,2.3238147946856693,True,0.750204,0.658969
D:\_eth_data\eth_shuttle_detection\ml_3_hard\images\train\ml_3_01354.jpg,0,8-12,11.357858953165426,18.172574325064684,2.2715717906330855,True,0.805659,0.73546
D:\_eth_data\eth_shuttle_detection\ml_3_hard\images\train\ml_3_01355.jpg,0,8-12,11.224972160321823,17.959955456514916,2.2449944320643644,True,0.737799,0.601364
D:\_eth_data\eth_shuttle_detection\ml_3_hard\images\train\ml_3_01356.jpg,0,8-12,10.274027662800991,16.438444260481585,2.054805532560198,False,0.558009,0.01275
D:\_eth_data\eth_shuttle_detection\ml_3_hard\images\train\ml_3_01357.jpg,0,8-12,10.74967368881493,17.19947790210389,2.1499347377629863,True,0.693993,0.538403
D:\_eth_data\eth_shuttle_detection\ml_3_hard\images\train\ml_3_01358.jpg,0,8-12,10.535699312338028,16.857118899740847,2.107139862467606,False,0.0,
D:\_eth_data\eth_shuttle_detection\ml_3_hard\images\train\ml_3_01373.jpg,0,8-12,10.770403892148149,17.23264622743704,2.15408077842963,False,0.0,
D:\_eth_data\eth_shuttle_detection\ml_3_hard\images\train\ml_3_01374.jpg,0,8-12,11.313779209441908,18.102046735107052,2.2627558418883815,False,0.0,
D:\_eth_data\eth_shuttle_detection\ml_3_hard\images\train\ml_3_01375.jpg,0,12-16,13.519564423752712,21.63130307800434,2.7039128847505425,False,0.0,
D:\_eth_data\eth_shuttle_detection\ml_3_hard\images\train\ml_3_01379.jpg,0,12-16,12.987082813318779,20.779332501310048,2.597416562663756,False,0.0,
D:\_eth_data\eth_shuttle_detection\ml_3_hard\images\train\ml_3_01435.jpg,0,16-24,19.799211433185917,31.678738293097467,3.9598422866371834,False,0.0,
D:\_eth_data\eth_shuttle_detection\ml_3_hard\images\train\ml_3_01437.jpg,0,24-32,27.42876738025243,43.886027808403895,5.485753476050487,False,0.0,
D:\_eth_data\eth_shuttle_detection\ml_3_hard\images\train\ml_3_01441.jpg,0,16-24,17.416520892531892,27.866433428051028,3.4833041785063785,False,0.0,
D:\_eth_data\eth_shuttle_detection\ml_3_hard\images\train\ml_3_01442.jpg,0,12-16,14.529843618704229,23.247749789926768,2.905968723740846,False,0.0,
D:\_eth_data\eth_shuttle_detection\ml_3_hard\images\train\ml_3_01481.jpg,0,8-12,8.43290908192422,13.492654531078754,1.6865818163848443,False,0.0,
D:\_eth_data\eth_shuttle_detection\ml_3_hard\images\train\ml_3_01482.jpg,0,8-12,8.219214342989238,13.150742948782781,1.6438428685978477,False,0.0,
D:\_eth_data\eth_shuttle_detection\ml_3_hard\images\train\ml_3_01483.jpg,0,6-8,7.008100711605107,11.212961138568172,1.4016201423210215,False,0.0,
D:\_eth_data\eth_shuttle_detection\ml_3_hard\images\train\ml_3_01485.jpg,0,8-12,8.30005890292352,13.280094244677635,1.6600117805847043,False,0.756856,0.06017
D:\_eth_data\eth_shuttle_detection\ml_6_hard\images\train\ml_6_00017.jpg,0,16-24,23.36752207659169,37.388035322546706,4.673504415318338,False,0.0,
D:\_eth_data\eth_shuttle_detection\ml_6_hard\images\train\ml_6_00019.jpg,0,16-24,22.45732664410437,35.931722630566995,4.491465328820874,False,0.0,
D:\_eth_data\eth_shuttle_detection\ml_6_hard\images\train\ml_6_00189.jpg,0,12-16,12.174693606658034,19.479509770652854,2.4349387213316067,False,0.0,
D:\_eth_data\eth_shuttle_detection\ml_6_hard\images\train\ml_6_00198.jpg,0,12-16,12.133382784368091,19.413412454988947,2.4266765568736184,False,0.447723,0.482241
D:\_eth_data\eth_shuttle_detection\ml_6_hard\images\train\ml_6_00205.jpg,0,8-12,9.321414292691856,14.91426286830697,1.8642828585383713,False,0.0,
D:\_eth_data\eth_shuttle_detection\ml_6_hard\images\train\ml_6_00206.jpg,0,12-16,12.092110559865056,19.34737689578409,2.4184221119730114,True,0.752691,0.420241
D:\_eth_data\eth_shuttle_detection\ml_6_hard\images\train\ml_6_00207.jpg,0,12-16,12.605247232482194,20.168395571971512,2.521049446496439,False,0.0,
D:\_eth_data\eth_shuttle_detection\ml_6_hard\images\train\ml_6_00276.jpg,0,32-64,34.11750049461419,54.58800079138271,6.823500098922839,False,0.0,
D:\_eth_data\eth_shuttle_detection\ml_6_hard\images\train\ml_6_00290.jpg,0,12-16,13.601542067868628,21.762467308589805,2.7203084135737257,True,0.739669,0.70026
D:\_eth_data\eth_shuttle_detection\ml_6_hard\images\train\ml_6_00292.jpg,0,12-16,12.110504531191093,19.376807249905752,2.422100906238219,True,0.738585,0.689519
D:\_eth_data\eth_shuttle_detection\ml_6_hard\images\train\ml_6_00293.jpg,0,12-16,12.220278229238481,19.55244516678157,2.4440556458476963,True,0.73068,0.684196
D:\_eth_data\eth_shuttle_detection\ml_6_hard\images\train\ml_6_00294.jpg,0,8-12,11.546913007379937,18.4750608118079,2.3093826014759875,False,0.5947,0.025273
D:\_eth_data\eth_shuttle_detection\ml_6_hard\images\train\ml_6_00295.jpg,0,8-12,11.972234544979479,19.155575271967166,2.3944469089958957,True,0.794658,0.521071
D:\_eth_data\eth_shuttle_detection\ml_6_hard\images\train\ml_6_00304.jpg,0,8-12,10.132531106490617,16.21204977038499,2.0265062212981237,True,0.529265,0.717652
D:\_eth_data\eth_shuttle_detection\ml_6_hard\images\train\ml_6_00354.jpg,0,12-16,12.436436788726905,19.89829886196305,2.487287357745381,False,0.0,
D:\_eth_data\eth_shuttle_detection\ml_6_hard\images\train\ml_6_00355.jpg,0,12-16,13.291561232601683,21.266497972162696,2.658312246520337,False,0.0,
D:\_eth_data\eth_shuttle_detection\ml_6_hard\images\train\ml_6_00369.jpg,0,12-16,12.840776370297863,20.545242192476582,2.568155274059573,False,0.0,
D:\_eth_data\eth_shuttle_detection\ml_6_hard\images\train\ml_6_00370.jpg,0,8-12,10.929017440191043,17.486427904305668,2.1858034880382085,False,0.0,
D:\_eth_data\eth_shuttle_detection\ml_6_hard\images\train\ml_6_00371.jpg,0,8-12,10.88325972344683,17.413215557514928,2.176651944689366,False,0.0,
D:\_eth_data\eth_shuttle_detection\ml_6_hard\images\train\ml_6_00387.jpg,0,16-24,17.041014054333736,27.265622486933978,3.4082028108667473,False,0.588631,0.088556
D:\_eth_data\eth_shuttle_detection\ml_6_hard\images\train\ml_6_00446.jpg,0,8-12,11.065631278151283,17.705010045042055,2.213126255630257,False,0.815563,0.047422
D:\_eth_data\eth_shuttle_detection\ml_6_hard\images\train\ml_6_00447.jpg,0,8-12,11.15529809480679,17.848476951690866,2.2310596189613583,True,0.704289,0.494279
D:\_eth_data\eth_shuttle_detection\ml_6_hard\images\train\ml_6_00496.jpg,0,8-12,11.43098945848521,18.289583133576336,2.286197891697042,False,0.0,
D:\_eth_data\eth_shuttle_detection\ml_6_hard\images\train\ml_6_00503.jpg,0,8-12,11.832159566199232,18.93145530591877,2.3664319132398464,False,0.0,
D:\_eth_data\eth_shuttle_detection\ml_6_hard\images\train\ml_6_00504.jpg,0,12-16,12.220114565747737,19.55218330519638,2.4440229131495474,False,0.0,
D:\_eth_data\eth_shuttle_detection\ml_6_hard\images\train\ml_6_00505.jpg,0,8-12,11.090493226182504,17.744789161892008,2.218098645236501,False,0.0,
D:\_eth_data\eth_shuttle_detection\ml_6_hard\images\train\ml_6_00518.jpg,0,12-16,15.318757129741302,24.510011407586084,3.0637514259482606,False,0.643661,0.087018
D:\_eth_data\eth_shuttle_detection\ml_6_hard\images\train\ml_6_00523.jpg,0,16-24,16.6131321550152,26.581011448024324,3.3226264310030404,False,0.0,
D:\_eth_data\eth_shuttle_detection\ml_6_hard\images\train\ml_6_00524.jpg,0,12-16,14.708234428373787,23.53317508539806,2.9416468856747575,False,0.0,
D:\_eth_data\eth_shuttle_detection\ml_6_hard\images\train\ml_6_00590.jpg,0,8-12,11.065631278151283,17.705010045042055,2.213126255630257,False,0.0,
D:\_eth_data\eth_shuttle_detection\ml_6_hard\images\train\ml_6_00647.jpg,0,12-16,12.832241683509547,20.531586693615278,2.5664483367019097,True,0.847337,0.478703
D:\_eth_data\eth_shuttle_detection\ml_6_hard\images\train\ml_6_00648.jpg,0,12-16,12.220114565747737,19.55218330519638,2.4440229131495474,False,0.783095,0.014043
D:\_eth_data\eth_shuttle_detection\ml_6_hard\images\train\ml_6_00649.jpg,0,12-16,13.333501999999848,21.333603199999757,2.6667003999999697,False,0.0,
D:\_eth_data\eth_shuttle_detection\ml_6_hard\images\train\ml_6_00655.jpg,0,12-16,13.904531635405775,22.24725061664924,2.780906327081155,False,0.502456,0.089567
D:\_eth_data\eth_shuttle_detection\ml_6_hard\images\train\ml_6_00658.jpg,0,8-12,11.52775279124253,18.44440446598805,2.3055505582485063,False,0.0,
D:\_eth_data\eth_shuttle_detection\ml_6_hard\images\train\ml_6_00663.jpg,0,12-16,12.310800315820249,19.6972805053124,2.46216006316405,False,0.0,
D:\_eth_data\eth_shuttle_detection\ml_6_hard\images\train\ml_6_00750.jpg,0,8-12,11.210329762143484,17.936527619429576,2.242065952428697,True,0.793783,0.629548
D:\_eth_data\eth_shuttle_detection\ml_6_hard\images\train\ml_6_00751.jpg,0,8-12,11.293924817883287,18.07027970861326,2.2587849635766575,True,0.657672,0.697061
D:\_eth_data\eth_shuttle_detection\ml_6_hard\images\train\ml_6_00752.jpg,0,8-12,10.055433466937165,16.088693547099464,2.011086693387433,True,0.90176,0.633185
D:\_eth_data\eth_shuttle_detection\ml_6_hard\images\train\ml_6_00753.jpg,0,8-12,10.392304845413264,16.627687752661224,2.078460969082653,True,0.718813,0.625431
D:\_eth_data\eth_shuttle_detection\ml_6_hard\images\train\ml_6_00759.jpg,0,8-12,8.333319999135998,13.333311998617598,1.6666639998271997,True,0.66444,0.5928
D:\_eth_data\eth_shuttle_detection\ml_6_hard\images\train\ml_6_00761.jpg,0,8-12,8.082811392083821,12.932498227334115,1.6165622784167644,False,0.411005,0.312567
D:\_eth_data\eth_shuttle_detection\ml_6_hard\images\train\ml_6_00762.jpg,0,8-12,9.718083946128475,15.54893431380556,1.943616789225695,False,0.0,
D:\_eth_data\eth_shuttle_detection\ml_6_hard\images\train\ml_6_00955.jpg,0,12-16,12.1380734313152,19.420917490104323,2.4276146862630403,False,0.0,
D:\_eth_data\eth_shuttle_detection\ml_6_hard\images\train\ml_6_00957.jpg,0,8-12,10.252315943629515,16.403705509807224,2.050463188725903,False,0.0,
D:\_eth_data\eth_shuttle_detection\ml_6_hard\images\train\ml_6_00967.jpg,0,8-12,9.539509421348669,15.26321507415787,1.9079018842697337,False,0.701202,0.027909
D:\_eth_data\eth_shuttle_detection\ml_6_hard\images\train\ml_6_00968.jpg,0,8-12,10.016690072074708,16.026704115319532,2.0033380144149415,False,0.0,
D:\_eth_data\eth_shuttle_detection\ml_6_hard\images\train\ml_6_00969.jpg,0,8-12,9.036919829233852,14.459071726774164,1.8073839658467705,False,0.0,
D:\_eth_data\eth_shuttle_detection\ml_6_hard\images\train\ml_6_00971.jpg,0,8-12,11.165216226119401,17.86434596179104,2.23304324522388,False,0.0,
D:\_eth_data\eth_shuttle_detection\ml_6_hard\images\train\ml_6_01232.jpg,0,8-12,9.291613422866881,14.86658147658701,1.8583226845733762,True,0.822553,0.370269
D:\_eth_data\eth_shuttle_detection\ml_6_hard\images\train\ml_6_01237.jpg,0,8-12,8.64107400732108,13.82571841171373,1.7282148014642162,True,0.782102,0.78793
D:\_eth_data\eth_shuttle_detection\ml_6_hard\images\train\ml_6_01238.jpg,0,8-12,9.380746238972675,15.00919398235628,1.876149247794535,False,0.666867,0.180184
D:\_eth_data\eth_shuttle_detection\ml_6_hard\images\train\ml_6_01239.jpg,0,8-12,8.16504745852711,13.064075933643375,1.6330094917054219,True,0.868924,0.726562
D:\_eth_data\eth_shuttle_detection\ml_6_hard\images\train\ml_6_01240.jpg,0,8-12,9.16515138991168,14.664242223858688,1.833030277982336,True,0.647351,0.654194
D:\_eth_data\eth_shuttle_detection\ml_6_hard\images\train\ml_6_01241.jpg,0,8-12,8.717706120304813,13.948329792487701,1.7435412240609627,True,0.682534,0.63158
D:\_eth_data\eth_shuttle_detection\ml_6_hard\images\train\ml_6_01242.jpg,0,8-12,8.082811392083821,12.932498227334115,1.6165622784167644,True,0.838763,0.504403
D:\_eth_data\eth_shuttle_detection\ml_6_hard\images\train\ml_6_01256.jpg,0,6-8,7.453682163333771,11.925891461334034,1.4907364326667543,False,0.0,
D:\_eth_data\eth_shuttle_detection\ml_6_hard\images\train\ml_6_01293.jpg,0,8-12,10.88325972344683,17.413215557514928,2.176651944689366,False,0.0,
D:\_eth_data\eth_shuttle_detection\ml_6_hard\images\train\ml_6_01294.jpg,0,8-12,10.671746707638821,17.074794732222113,2.134349341527764,False,0.0,
D:\_eth_data\eth_shuttle_detection\ml_6_hard\images\train\ml_6_01295.jpg,0,8-12,10.88325972344683,17.413215557514928,2.176651944689366,True,0.700689,0.548622
D:\_eth_data\eth_shuttle_detection\ml_6_hard\images\train\ml_6_01296.jpg,0,8-12,9.797958971132712,15.67673435381234,1.9595917942265424,True,0.822131,0.6259
D:\_eth_data\eth_shuttle_detection\ml_6_hard\images\train\ml_6_01297.jpg,0,8-12,8.64107400732108,13.82571841171373,1.7282148014642162,False,0.697159,0.083547
D:\_eth_data\eth_shuttle_detection\ml_6_hard\images\train\ml_6_01307.jpg,0,8-12,10.198164540739672,16.317063265183474,2.0396329081479343,False,0.0,
D:\_eth_data\eth_shuttle_detection\ml_6_hard\images\train\ml_6_01308.jpg,0,8-12,10.01097486721448,16.01755978754317,2.0021949734428963,True,0.613408,0.634217
D:\_eth_data\eth_shuttle_detection\ml_6_hard\images\train\ml_6_01310.jpg,0,8-12,11.0754214366768,17.72067429868288,2.21508428733536,False,0.476636,0.113079
D:\_eth_data\eth_shuttle_detection\ml_6_hard\images\train\ml_6_01311.jpg,0,8-12,10.198164540739672,16.317063265183474,2.0396329081479343,True,0.600339,0.714889
D:\_eth_data\eth_shuttle_detection\ml_6_hard\images\train\ml_6_01607.jpg,0,8-12,8.900809951459474,14.241295922335159,1.7801619902918948,False,0.0,
D:\_eth_data\eth_shuttle_detection\ml_6_hard\images\train\ml_6_01609.jpg,0,12-16,12.723431054240045,20.357489686784074,2.5446862108480093,False,0.0,
D:\_eth_data\eth_shuttle_detection\ml_6_hard\images\train\ml_6_01610.jpg,0,12-16,15.099748342273786,24.15959734763806,3.0199496684547573,False,0.0,
D:\_eth_data\eth_shuttle_detection\ml_6_hard\images\train\ml_6_01612.jpg,0,12-16,13.564565603070378,21.703304964912604,2.7129131206140755,False,0.659232,0.029216
D:\_eth_data\eth_shuttle_detection\ml_6_hard\images\train\ml_6_01613.jpg,0,12-16,13.711262523925358,21.938020038280573,2.7422525047850717,False,0.710455,0.077272
D:\_eth_data\eth_shuttle_detection\ml_6_hard\images\train\ml_6_01614.jpg,0,12-16,14.727278696079598,23.563645913727356,2.9454557392159195,False,0.0,
D:\_eth_data\eth_shuttle_detection\ml_6_hard\images\train\ml_6_01615.jpg,0,12-16,15.05536449243259,24.088583187892144,3.011072898486518,False,0.0,
D:\_eth_data\eth_shuttle_detection\ml_6_hard\images\train\ml_6_01626.jpg,0,16-24,16.6464853823262,26.634376611721923,3.3292970764652403,False,0.0,
D:\_eth_data\eth_shuttle_detection\ml_6_hard\images\train\ml_6_01627.jpg,0,16-24,17.416387685165944,27.86622029626551,3.4832775370331888,False,0.0,
D:\_eth_data\eth_shuttle_detection\ml_6_hard\images\train\ml_6_01628.jpg,0,16-24,17.029292410432088,27.246867856691342,3.4058584820864177,False,0.0,
D:\_eth_data\eth_shuttle_detection\ml_6_hard\images\train\ml_6_01629.jpg,0,16-24,17.146558838437524,27.43449414150004,3.429311767687505,False,0.0,
D:\_eth_data\eth_shuttle_detection\ml_6_hard\images\train\ml_6_01753.jpg,0,8-12,9.72409470295307,15.558551524724914,1.9448189405906142,False,0.0,
D:\_eth_data\eth_shuttle_detection\ml_6_hard\images\train\ml_6_01754.jpg,0,8-12,9.718083946128475,15.54893431380556,1.943616789225695,False,0.0,
D:\_eth_data\eth_shuttle_detection\ml_6_hard\images\train\ml_6_01757.jpg,0,8-12,9.660873666496213,15.457397866393942,1.9321747332992427,False,0.0,
D:\_eth_data\eth_shuttle_detection\ml_6_hard\images\train\ml_6_01766.jpg,0,8-12,8.459028574014866,13.534445718423786,1.6918057148029733,False,0.713888,0.123389
D:\_eth_data\eth_shuttle_detection\ml_6_hard\images\train\ml_6_01767.jpg,0,6-8,7.149225287260152,11.438760459616244,1.4298450574520305,False,0.0,
D:\_eth_data\eth_shuttle_detection\ml_6_hard\images\train\ml_6_01768.jpg,0,8-12,8.306843767400467,13.290950027840749,1.6613687534800936,False,0.0,
D:\_eth_data\eth_shuttle_detection\ml_6_hard\images\train\ml_6_01769.jpg,0,8-12,8.504944444262996,13.607911110820794,1.7009888888525992,False,0.0,
D:\_eth_data\eth_shuttle_detection\ml_6_hard\images\train\ml_6_01770.jpg,0,8-12,9.591746452028431,15.34679432324549,1.9183492904056862,False,0.694682,0.186636
D:\_eth_data\eth_shuttle_detection\ml_6_hard\images\train\ml_6_01771.jpg,0,8-12,9.521814953043354,15.234903924869366,1.9043629906086708,False,0.0,
D:\_eth_data\eth_shuttle_detection\ml_6_hard\images\train\ml_6_01773.jpg,0,8-12,9.999919999679996,15.999871999487993,1.9999839999359992,False,0.511909,0.037809
D:\_eth_data\eth_shuttle_detection\ml_6_hard\images\train\ml_6_01774.jpg,0,8-12,9.092168058279608,14.547468893247373,1.8184336116559217,False,0.813184,0.020907
D:\_eth_data\eth_shuttle_detection\ml_6_hard\images\train\ml_6_01889.jpg,0,8-12,8.640888843168856,13.825422149070171,1.7281777686337714,True,0.924838,0.735728
D:\_eth_data\eth_shuttle_detection\ml_6_hard\images\train\ml_6_01890.jpg,0,8-12,8.900809951459474,14.241295922335159,1.7801619902918948,False,0.845617,0.210827
D:\_eth_data\eth_shuttle_detection\ml_6_hard\images\train\ml_6_01899.jpg,0,6-8,7.348599866641264,11.757759786626023,1.4697199733282529,False,0.0,
D:\_eth_data\eth_shuttle_detection\ml_6_hard\images\train\ml_6_01901.jpg,0,8-12,8.64107400732108,13.82571841171373,1.7282148014642162,False,0.0,
D:\_eth_data\eth_shuttle_detection\ml_6_hard\images\train\ml_6_01902.jpg,0,8-12,8.16504745852711,13.064075933643375,1.6330094917054219,False,0.0,
D:\_eth_data\eth_shuttle_detection\ml_6_hard\images\train\ml_6_01914.jpg,0,8-12,8.77509202230951,14.040147235695215,1.755018404461902,True,0.847139,0.71772
D:\_eth_data\eth_shuttle_detection\ml_6_hard\images\train\ml_6_01945.jpg,0,12-16,13.038282095429595,20.861251352687354,2.6076564190859193,False,0.655474,0.019034
D:\_eth_data\eth_shuttle_detection\ml_6_hard\images\train\ml_6_01946.jpg,0,12-16,12.788875025427373,20.462200040683797,2.5577750050854746,False,0.793692,0.022466
D:\_eth_data\eth_shuttle_detection\ml_6_hard\images\train\ml_6_01947.jpg,0,12-16,13.22897325479192,21.166357207667076,2.6457946509583845,True,0.72568,0.607803
D:\_eth_data\eth_shuttle_detection\ml_6_hard\images\train\ml_6_01949.jpg,0,8-12,10.954567996959078,17.527308795134527,2.190913599391816,True,0.768927,0.654973
D:\_eth_data\eth_shuttle_detection\ml_6_hard\images\train\ml_6_01962.jpg,0,12-16,13.41655097258606,21.466481556137698,2.683310194517212,False,0.0,
D:\_eth_data\eth_shuttle_detection\ml_6_hard\images\train\ml_6_01963.jpg,0,12-16,13.18231070730773,21.09169713169237,2.6364621414615463,False,0.0,
D:\_eth_data\eth_shuttle_detection\ml_6_hard\images\train\ml_6_01964.jpg,0,12-16,13.038467188438986,20.86154750150238,2.6076934376877974,False,0.853068,0.034246
D:\_eth_data\eth_shuttle_detection\ml_6_hard\images\train\ml_6_02027.jpg,0,16-24,16.309643772933853,26.095430036694168,3.261928754586771,False,0.0,
D:\_eth_data\eth_shuttle_detection\ml_6_hard\images\train\ml_6_02028.jpg,0,12-16,15.441659956364795,24.706655930183672,3.088331991272959,False,0.0,
D:\_eth_data\eth_shuttle_detection\ml_6_hard\images\train\ml_6_02035.jpg,0,8-12,11.440787463806851,18.305259942090963,2.2881574927613704,False,0.0,
D:\_eth_data\eth_shuttle_detection\ml_6_hard\images\train\ml_6_02054.jpg,0,6-8,7.164624205078728,11.463398728125966,1.4329248410157458,True,0.713087,0.597685
D:\_eth_data\eth_shuttle_detection\ml_6_hard\images\train\ml_6_02071.jpg,0,6-8,7.937395038676103,12.699832061881764,1.5874790077352205,True,0.701226,0.363311
D:\_eth_data\eth_shuttle_detection\ml_6_hard\images\train\ml_6_02072.jpg,0,8-12,8.082811392083821,12.932498227334115,1.6165622784167644,True,0.744638,0.318581
D:\_eth_data\eth_shuttle_detection\ml_6_hard\images\train\ml_6_02123.jpg,0,6-8,7.817338562963739,12.507741700741983,1.5634677125927479,False,0.0,
D:\_eth_data\eth_shuttle_detection\ml_6_hard\images\train\ml_6_02124.jpg,0,8-12,8.981511377490982,14.370418203985572,1.7963022754981965,False,0.0,
D:\_eth_data\eth_shuttle_detection\ml_6_hard\images\train\ml_6_02125.jpg,0,8-12,9.249498245418504,14.799197192669608,1.849899649083701,False,0.0,
D:\_eth_data\eth_shuttle_detection\ml_6_hard\images\train\ml_6_02126.jpg,0,8-12,9.457546310116593,15.13207409618655,1.8915092620233187,False,0.0,
D:\_eth_data\eth_shuttle_detection\ml_6_hard\images\train\ml_6_02285.jpg,0,8-12,10.055433466937165,16.088693547099464,2.011086693387433,False,0.0,
D:\_eth_data\eth_shuttle_detection\ml_6_hard\images\train\ml_6_02286.jpg,0,8-12,9.614973509271879,15.383957614835007,1.9229947018543758,False,0.0,
D:\_eth_data\eth_shuttle_detection\ml_6_hard\images\train\ml_6_02287.jpg,0,8-12,10.32787296591123,16.524596745457966,2.065574593182246,False,0.0,
D:\_eth_data\eth_shuttle_detection\ml_6_hard\images\train\ml_6_02288.jpg,0,8-12,10.408374831067528,16.653399729708045,2.0816749662135057,False,0.630018,0.01171
D:\_eth_data\eth_shuttle_detection\uetlibergstrasse_1_hard\images\train\uetlibergstrasse_1_00040.jpg,0,6-8,6.191348802966926,9.906158084747084,1.2382697605933854,False,0.0,
D:\_eth_data\eth_shuttle_detection\uetlibergstrasse_1_hard\images\train\uetlibergstrasse_1_00041.jpg,0,<4,3.299812784992506,5.27970045598801,0.6599625569985013,False,0.0,
D:\_eth_data\eth_shuttle_detection\uetlibergstrasse_1_hard\images\train\uetlibergstrasse_1_00419.jpg,0,6-8,6.928203230275509,11.085125168440815,1.3856406460551018,True,0.877684,0.746529
D:\_eth_data\eth_shuttle_detection\uetlibergstrasse_1_hard\images\train\uetlibergstrasse_1_02163.jpg,0,8-12,9.479780588178189,15.167648941085103,1.8959561176356379,True,0.835082,0.711833
E:\具身智能\badmin_project\outputs\shuttle_capability\train_data\val\images\val_00000.jpg,0,6-8,6.531842006662439,10.450947210659903,1.3063684013324879,False,0.0,
E:\具身智能\badmin_project\outputs\shuttle_capability\train_data\val\images\val_00001.jpg,0,4-6,4.66688,7.467008,0.933376,False,0.0,
E:\具身智能\badmin_project\outputs\shuttle_capability\train_data\val\images\val_00002.jpg,0,4-6,4.988890765049883,7.982225224079812,0.9977781530099765,False,0.0,
E:\具身智能\badmin_project\outputs\shuttle_capability\train_data\val\images\val_00003.jpg,0,<4,1.6328625171765074,2.6125800274824122,0.32657250343530153,False,0.0,
E:\具身智能\badmin_project\outputs\shuttle_capability\train_data\val\images\val_00004.jpg,0,12-16,14.422116349551475,23.07538615928236,2.884423269910295,False,0.0,
E:\具身智能\badmin_project\outputs\shuttle_capability\train_data\val\images\val_00005.jpg,0,8-12,10.645712752089453,17.033140403343126,2.1291425504178907,False,0.0,
E:\具身智能\badmin_project\outputs\shuttle_capability\train_data\val\images\val_00006.jpg,0,4-6,4.898979485566356,7.83836717690617,0.9797958971132712,False,0.0,
E:\具身智能\badmin_project\outputs\shuttle_capability\train_data\val\images\val_00007.jpg,0,8-12,8.640888843168856,13.825422149070171,1.7281777686337714,False,0.0,
E:\具身智能\badmin_project\outputs\shuttle_capability\train_data\val\images\val_00008.jpg,0,6-8,7.211191302413216,11.537906083861145,1.4422382604826431,False,0.0,
E:\具身智能\badmin_project\outputs\shuttle_capability\train_data\val\images\val_00009.jpg,0,4-6,4.618709776550157,7.389935642480251,0.9237419553100313,False,0.0,
E:\具身智能\badmin_project\outputs\shuttle_capability\train_data\val\images\val_00010.jpg,0,8-12,9.309607940187384,14.895372704299815,1.8619215880374769,False,0.0,
E:\具身智能\badmin_project\outputs\shuttle_capability\train_data\val\images\val_00011.jpg,0,4-6,5.291623569378306,8.46659771100529,1.0583247138756613,False,0.0,
E:\具身智能\badmin_project\outputs\shuttle_capability\train_data\val\images\val_00012.jpg,0,4-6,5.291623569378306,8.46659771100529,1.0583247138756613,False,0.0,
E:\具身智能\badmin_project\outputs\shuttle_capability\train_data\val\images\val_00013.jpg,0,4-6,4.0,6.4,0.8,False,0.0,
E:\具身智能\badmin_project\outputs\shuttle_capability\train_data\val\images\val_00014.jpg,0,6-8,7.6013846721765095,12.162215475482416,1.520276934435302,False,0.0,
E:\具身智能\badmin_project\outputs\shuttle_capability\train_data\val\images\val_00015.jpg,0,4-6,5.5779502448838665,8.924720391814187,1.1155900489767734,False,0.0,
E:\具身智能\badmin_project\outputs\shuttle_capability\train_data\val\images\val_00016.jpg,0,6-8,7.6013846721765095,12.162215475482416,1.520276934435302,False,0.0,
E:\具身智能\badmin_project\outputs\shuttle_capability\train_data\val\images\val_00017.jpg,0,4-6,4.618709776550157,7.389935642480251,0.9237419553100313,False,0.0,
E:\具身智能\badmin_project\outputs\shuttle_capability\train_data\val\images\val_00018.jpg,0,6-8,6.531842006662439,10.450947210659903,1.3063684013324879,False,0.0,
E:\具身智能\badmin_project\outputs\shuttle_capability\train_data\val\images\val_00019.jpg,0,<4,3.6513668673525537,5.842186987764086,0.7302733734705108,False,0.0,
E:\具身智能\badmin_project\outputs\shuttle_capability\train_data\val\images\val_00020.jpg,0,8-12,8.993832946280467,14.390132714048747,1.7987665892560933,False,0.0,
E:\具身智能\badmin_project\outputs\shuttle_capability\train_data\val\images\val_00021.jpg,0,6-8,6.531842006662439,10.450947210659903,1.3063684013324879,False,0.0,
E:\具身智能\badmin_project\outputs\shuttle_capability\train_data\val\images\val_00022.jpg,0,6-8,7.3030842799463835,11.684934847914214,1.4606168559892767,False,0.0,
E:\具身智能\badmin_project\outputs\shuttle_capability\train_data\val\images\val_00023.jpg,0,6-8,7.3030842799463835,11.684934847914214,1.4606168559892767,False,0.0,
E:\具身智能\badmin_project\outputs\shuttle_capability\train_data\val\images\val_00024.jpg,0,<4,3.6513668673525537,5.842186987764086,0.7302733734705108,False,0.0,
E:\具身智能\badmin_project\outputs\shuttle_capability\train_data\val\images\val_00025.jpg,0,8-12,8.993832946280467,14.390132714048747,1.7987665892560933,False,0.0,
E:\具身智能\badmin_project\outputs\shuttle_capability\train_data\val\images\val_00026.jpg,0,16-24,16.6131321550152,26.581011448024324,3.3226264310030404,False,0.0,
E:\具身智能\badmin_project\outputs\shuttle_capability\train_data\val\images\val_00027.jpg,0,<4,2.6668799999999995,4.267008,0.533376,False,0.0,
E:\具身智能\badmin_project\outputs\shuttle_capability\train_data\val\images\val_00028.jpg,0,<4,2.581906272504871,4.131050036007794,0.5163812545009743,False,0.0,
E:\具身智能\badmin_project\outputs\shuttle_capability\train_data\val\images\val_00029.jpg,0,<4,2.6668799999999995,4.267008,0.533376,False,0.0,
E:\具身智能\badmin_project\outputs\shuttle_capability\train_data\val\images\val_00030.jpg,0,8-12,8.84429257010418,14.15086811216669,1.7688585140208362,False,0.0,
E:\具身智能\badmin_project\outputs\shuttle_capability\train_data\val\images\val_00031.jpg,0,6-8,6.3246565124123535,10.119450419859767,1.2649313024824709,False,0.0,
E:\具身智能\badmin_project\outputs\shuttle_capability\train_data\val\images\val_00032.jpg,0,8-12,9.97773877517346,15.964382040277536,1.995547755034692,False,0.0,
E:\具身智能\badmin_project\outputs\shuttle_capability\train_data\val\images\val_00033.jpg,0,8-12,8.84429257010418,14.15086811216669,1.7688585140208362,False,0.0,
E:\具身智能\badmin_project\outputs\shuttle_capability\train_data\val\images\val_00034.jpg,0,6-8,6.928203230275509,11.085125168440815,1.3856406460551018,False,0.0,
E:\具身智能\badmin_project\outputs\shuttle_capability\train_data\val\images\val_00035.jpg,0,6-8,6.633153096378825,10.61304495420612,1.326630619275765,False,0.0,
E:\具身智能\badmin_project\outputs\shuttle_capability\train_data\val\images\val_00036.jpg,0,4-6,5.656741111275997,9.050785778041595,1.1313482222551994,False,0.0,
E:\具身智能\badmin_project\outputs\shuttle_capability\train_data\val\images\val_00037.jpg,0,8-12,9.521814953043354,15.234903924869366,1.9043629906086708,False,0.0,
E:\具身智能\badmin_project\outputs\shuttle_capability\train_data\val\images\val_00038.jpg,0,<4,3.2661169605511677,5.225787136881869,0.6532233921102336,False,0.0,
E:\具身智能\badmin_project\outputs\shuttle_capability\train_data\val\images\val_00039.jpg,0,4-6,4.988890765049883,7.982225224079812,0.9977781530099765,False,0.0,
E:\具身智能\badmin_project\outputs\shuttle_capability\train_data\val\images\val_00040.jpg,0,6-8,6.99206915480675,11.1873106476908,1.39841383096135,False,0.0,
E:\具身智能\badmin_project\outputs\shuttle_capability\train_data\val\images\val_00041.jpg,0,12-16,14.422116349551475,23.07538615928236,2.884423269910295,False,0.0,
E:\具身智能\badmin_project\outputs\shuttle_capability\train_data\val\images\val_00042.jpg,0,4-6,4.0,6.4,0.8,False,0.0,
E:\具身智能\badmin_project\outputs\shuttle_capability\train_data\val\images\val_00043.jpg,0,<4,3.6513668673525537,5.842186987764086,0.7302733734705108,False,0.0,
E:\具身智能\badmin_project\outputs\shuttle_capability\train_data\val\images\val_00044.jpg,0,4-6,4.320592551953956,6.91294808312633,0.8641185103907912,False,0.0,
E:\具身智能\badmin_project\outputs\shuttle_capability\train_data\val\images\val_00045.jpg,0,8-12,9.97773877517346,15.964382040277536,1.995547755034692,False,0.0,
E:\具身智能\badmin_project\outputs\shuttle_capability\train_data\val\images\val_00046.jpg,0,4-6,5.291623569378306,8.46659771100529,1.0583247138756613,False,0.0,
E:\具身智能\badmin_project\outputs\shuttle_capability\train_data\val\images\val_00047.jpg,0,12-16,12.0,19.200000000000003,2.4000000000000004,False,0.0,
E:\具身智能\badmin_project\outputs\shuttle_capability\train_data\val\images\val_00048.jpg,0,<4,2.3094934509541263,3.6951895215266024,0.4618986901908253,False,0.0,
E:\具身智能\badmin_project\outputs\shuttle_capability\train_data\val\images\val_00049.jpg,0,8-12,10.95445115010332,17.527121840165314,2.1908902300206643,False,0.0,
E:\具身智能\badmin_project\outputs\shuttle_capability\train_data\val\images\val_00050.jpg,0,8-12,10.0,16.0,2.0,False,0.0,
E:\具身智能\badmin_project\outputs\shuttle_capability\train_data\val\images\val_00051.jpg,0,<4,2.9814478136636904,4.770316501861905,0.5962895627327381,False,0.0,
E:\具身智能\badmin_project\outputs\shuttle_capability\train_data\val\images\val_00052.jpg,0,6-8,6.253671636278963,10.005874618046342,1.2507343272557927,False,0.0,
E:\具身智能\badmin_project\outputs\shuttle_capability\train_data\val\images\val_00053.jpg,0,8-12,10.95445115010332,17.527121840165314,2.1908902300206643,False,0.0,
E:\具身智能\badmin_project\outputs\shuttle_capability\train_data\val\images\val_00054.jpg,0,6-8,6.3246565124123535,10.119450419859767,1.2649313024824709,False,0.0,
E:\具身智能\badmin_project\outputs\shuttle_capability\train_data\val\images\val_00055.jpg,0,8-12,9.910741196580606,15.85718591452897,1.9821482393161212,False,0.0,
E:\具身智能\badmin_project\outputs\shuttle_capability\train_data\val\images\val_00056.jpg,0,16-24,20.330705841165475,32.52912934586476,4.066141168233095,False,0.0,
E:\具身智能\badmin_project\outputs\shuttle_capability\train_data\val\images\val_00057.jpg,0,6-8,6.633153096378825,10.61304495420612,1.326630619275765,False,0.0,
E:\具身智能\badmin_project\outputs\shuttle_capability\train_data\val\images\val_00058.jpg,0,4-6,5.333119999999999,8.532991999999998,1.0666239999999998,False,0.0,
E:\具身智能\badmin_project\outputs\shuttle_capability\train_data\val\images\val_00059.jpg,0,4-6,4.0,6.4,0.8,False,0.0,
E:\具身智能\badmin_project\outputs\shuttle_capability\train_data\val\images\val_00060.jpg,0,8-12,8.326766479252315,13.322826366803705,1.665353295850463,False,0.0,
E:\具身智能\badmin_project\outputs\shuttle_capability\train_data\val\images\val_00061.jpg,0,4-6,5.5779502448838665,8.924720391814187,1.1155900489767734,False,0.0,
E:\具身智能\badmin_project\outputs\shuttle_capability\train_data\val\images\val_00062.jpg,0,4-6,5.333119999999999,8.532991999999998,1.0666239999999998,False,0.0,
E:\具身智能\badmin_project\outputs\shuttle_capability\train_data\val\images\val_00063.jpg,0,4-6,5.656741111275997,9.050785778041595,1.1313482222551994,False,0.0,
E:\具身智能\badmin_project\outputs\shuttle_capability\train_data\val\images\val_00064.jpg,0,8-12,8.563363825039783,13.701382120063654,1.7126727650079567,False,0.0,
E:\具身智能\badmin_project\outputs\shuttle_capability\train_data\val\images\val_00065.jpg,0,<4,3.6513668673525537,5.842186987764086,0.7302733734705108,False,0.0,
E:\具身智能\badmin_project\outputs\shuttle_capability\train_data\val\images\val_00066.jpg,0,<4,2.6668799999999995,4.267008,0.533376,False,0.0,
E:\具身智能\badmin_project\outputs\shuttle_capability\train_data\val\images\val_00067.jpg,0,<4,1.6328625171765074,2.6125800274824122,0.32657250343530153,False,0.0,
E:\具身智能\badmin_project\outputs\shuttle_capability\train_data\val\images\val_00068.jpg,0,8-12,10.872971583959925,17.39675453433588,2.174594316791985,False,0.0,
E:\具身智能\badmin_project\outputs\shuttle_capability\train_data\val\images\val_00069.jpg,0,6-8,6.3246565124123535,10.119450419859767,1.2649313024824709,False,0.0,
E:\具身智能\badmin_project\outputs\shuttle_capability\train_data\val\images\val_00070.jpg,0,12-16,12.596177197864437,20.1538835165831,2.5192354395728875,False,0.0,
E:\具身智能\badmin_project\outputs\shuttle_capability\train_data\val\images\val_00071.jpg,0,4-6,5.962824084743738,9.54051853558998,1.1925648169487475,False,0.0,
E:\具身智能\badmin_project\outputs\shuttle_capability\train_data\val\images\val_00072.jpg,0,4-6,4.320592551953956,6.91294808312633,0.8641185103907912,False,0.0,
E:\具身智能\badmin_project\outputs\shuttle_capability\train_data\val\images\val_00073.jpg,0,6-8,7.972155986030378,12.755449577648605,1.5944311972060756,False,0.826828,0.029342
E:\具身智能\badmin_project\outputs\shuttle_capability\train_data\val\images\val_00074.jpg,0,4-6,5.656741111275997,9.050785778041595,1.1313482222551994,False,0.0,
E:\具身智能\badmin_project\outputs\shuttle_capability\train_data\val\images\val_00075.jpg,0,<4,3.3331199999999996,5.332992,0.666624,False,0.0,
E:\具身智能\badmin_project\outputs\shuttle_capability\train_data\val\images\val_00076.jpg,0,<4,3.6513668673525537,5.842186987764086,0.7302733734705108,False,0.0,
E:\具身智能\badmin_project\outputs\shuttle_capability\train_data\val\images\val_00077.jpg,0,12-16,14.651405393340257,23.442248629344412,2.9302810786680515,False,0.0,
E:\具身智能\badmin_project\outputs\shuttle_capability\train_data\val\images\val_00078.jpg,0,6-8,6.99206915480675,11.1873106476908,1.39841383096135,False,0.0,
E:\具身智能\badmin_project\outputs\shuttle_capability\train_data\val\images\val_00079.jpg,0,6-8,7.211191302413216,11.537906083861145,1.4422382604826431,False,0.0,
E:\具身智能\badmin_project\outputs\shuttle_capability\train_data\val\images\val_00080.jpg,0,4-6,5.656741111275997,9.050785778041595,1.1313482222551994,False,0.0,
E:\具身智能\badmin_project\outputs\shuttle_capability\train_data\val\images\val_00081.jpg,0,4-6,4.320592551953956,6.91294808312633,0.8641185103907912,False,0.0,
E:\具身智能\badmin_project\outputs\shuttle_capability\train_data\val\images\val_00082.jpg,0,8-12,9.380695070196024,15.00911211231364,1.876139014039205,False,0.0,
E:\具身智能\badmin_project\outputs\shuttle_capability\train_data\val\images\val_00083.jpg,0,4-6,5.962824084743738,9.54051853558998,1.1925648169487475,False,0.0,
E:\具身智能\badmin_project\outputs\shuttle_capability\train_data\val\images\val_00084.jpg,0,<4,3.9440171228837233,6.3104273966139575,0.7888034245767447,False,0.0,
E:\具身智能\badmin_project\outputs\shuttle_capability\train_data\val\images\val_00085.jpg,0,4-6,5.5779502448838665,8.924720391814187,1.1155900489767734,False,0.0,
E:\具身智能\badmin_project\outputs\shuttle_capability\train_data\val\images\val_00086.jpg,0,<4,3.9440171228837233,6.3104273966139575,0.7888034245767447,False,0.0,
E:\具身智能\badmin_project\outputs\shuttle_capability\train_data\val\images\val_00087.jpg,0,6-8,6.798640383606122,10.877824613769796,1.3597280767212245,False,0.0,
E:\具身智能\badmin_project\outputs\shuttle_capability\train_data\val\images\val_00088.jpg,0,8-12,10.198164540739672,16.317063265183474,2.0396329081479343,False,0.0,
E:\具身智能\badmin_project\outputs\shuttle_capability\train_data\val\images\val_00089.jpg,0,<4,3.9440171228837233,6.3104273966139575,0.7888034245767447,False,0.0,
E:\具身智能\badmin_project\outputs\shuttle_capability\train_data\val\images\val_00090.jpg,0,12-16,12.596177197864437,20.1538835165831,2.5192354395728875,False,0.0,
E:\具身智能\badmin_project\outputs\shuttle_capability\train_data\val\images\val_00091.jpg,0,4-6,4.320592551953956,6.91294808312633,0.8641185103907912,False,0.0,
E:\具身智能\badmin_project\outputs\shuttle_capability\train_data\val\images\val_00092.jpg,0,6-8,6.3246565124123535,10.119450419859767,1.2649313024824709,False,0.0,
E:\具身智能\badmin_project\outputs\shuttle_capability\train_data\val\images\val_00093.jpg,0,4-6,4.0,6.4,0.8,False,0.0,
E:\具身智能\badmin_project\outputs\shuttle_capability\train_data\val\images\val_00094.jpg,0,4-6,5.291623569378306,8.46659771100529,1.0583247138756613,False,0.0,
E:\具身智能\badmin_project\outputs\shuttle_capability\train_data\val\images\val_00095.jpg,0,6-8,6.253671636278963,10.005874618046342,1.2507343272557927,False,0.0,
E:\具身智能\badmin_project\outputs\shuttle_capability\train_data\val\images\val_00096.jpg,0,4-6,4.66688,7.467008,0.933376,False,0.0,
E:\具身智能\badmin_project\outputs\shuttle_capability\train_data\val\images\val_00097.jpg,0,4-6,4.320592551953956,6.91294808312633,0.8641185103907912,False,0.0,
E:\具身智能\badmin_project\outputs\shuttle_capability\train_data\val\images\val_00098.jpg,0,4-6,4.320592551953956,6.91294808312633,0.8641185103907912,False,0.0,
E:\具身智能\badmin_project\outputs\shuttle_capability\train_data\val\images\val_00099.jpg,0,4-6,4.0,6.4,0.8,False,0.0,
E:\具身智能\badmin_project\outputs\shuttle_capability\train_data\val\images\val_00100.jpg,0,<4,2.6668799999999995,4.267008,0.533376,False,0.0,
E:\具身智能\badmin_project\outputs\shuttle_capability\train_data\val\images\val_00101.jpg,0,4-6,5.291623569378306,8.46659771100529,1.0583247138756613,False,0.724959,0.041228
E:\具身智能\badmin_project\outputs\shuttle_capability\train_data\val\images\val_00102.jpg,0,6-8,7.659305451540629,12.254888722465006,1.5318610903081258,False,0.0,
E:\具身智能\badmin_project\outputs\shuttle_capability\train_data\val\images\val_00103.jpg,0,8-12,9.615017885287578,15.384028616460126,1.9230035770575158,False,0.0,
E:\具身智能\badmin_project\outputs\shuttle_capability\train_data\val\images\val_00104.jpg,0,8-12,8.640888843168856,13.825422149070171,1.7281777686337714,False,0.0,
E:\具身智能\badmin_project\outputs\shuttle_capability\train_data\val\images\val_00105.jpg,0,16-24,20.93374097158938,33.49398555454301,4.186748194317876,False,0.0,
E:\具身智能\badmin_project\outputs\shuttle_capability\train_data\val\images\val_00106.jpg,0,6-8,7.333119999999999,11.732992,1.466624,False,0.0,
E:\具身智能\badmin_project\outputs\shuttle_capability\train_data\val\images\val_00107.jpg,0,4-6,4.898979485566356,7.83836717690617,0.9797958971132712,False,0.0,
E:\具身智能\badmin_project\outputs\shuttle_capability\train_data\val\images\val_00108.jpg,0,12-16,15.634932968657075,25.01589274985132,3.126986593731415,False,0.155398,0.013831
E:\具身智能\badmin_project\outputs\shuttle_capability\train_data\val\images\val_00109.jpg,0,<4,3.6513668673525537,5.842186987764086,0.7302733734705108,False,0.0,
E:\具身智能\badmin_project\outputs\shuttle_capability\train_data\val\images\val_00110.jpg,0,8-12,9.309607940187384,14.895372704299815,1.8619215880374769,False,0.0,
E:\具身智能\badmin_project\outputs\shuttle_capability\train_data\val\images\val_00111.jpg,0,<4,3.6513668673525537,5.842186987764086,0.7302733734705108,False,0.0,
E:\具身智能\badmin_project\outputs\shuttle_capability\train_data\val\images\val_00112.jpg,0,6-8,7.3030842799463835,11.684934847914214,1.4606168559892767,False,0.0,
E:\具身智能\badmin_project\outputs\shuttle_capability\train_data\val\images\val_00113.jpg,0,<4,2.3094934509541263,3.6951895215266024,0.4618986901908253,False,0.0,
E:\具身智能\badmin_project\outputs\shuttle_capability\train_data\val\images\val_00114.jpg,0,8-12,9.797958971132712,15.67673435381234,1.9595917942265424,False,0.0,
E:\具身智能\badmin_project\outputs\shuttle_capability\train_data\val\images\val_00115.jpg,0,4-6,5.5779502448838665,8.924720391814187,1.1155900489767734,False,0.0,
E:\具身智能\badmin_project\outputs\shuttle_capability\train_data\val\images\val_00116.jpg,0,<4,3.6513668673525537,5.842186987764086,0.7302733734705108,False,0.0,
E:\具身智能\badmin_project\outputs\shuttle_capability\train_data\val\images\val_00117.jpg,0,12-16,13.936383715498078,22.298213944796927,2.787276743099616,False,0.0,
E:\具身智能\badmin_project\outputs\shuttle_capability\train_data\val\images\val_00118.jpg,0,8-12,8.640888843168856,13.825422149070171,1.7281777686337714,False,0.0,
E:\具身智能\badmin_project\outputs\shuttle_capability\train_data\val\images\val_00119.jpg,0,4-6,5.962824084743738,9.54051853558998,1.1925648169487475,False,0.0,
