pool,name,ok,w,h,mean,std,sha256
bg_train,tbg_008.jpg,True,1920,1387,107.55767205900024,69.07494454168845,5991a54de2703bee925d43fae8b069f57c071ce8f237d4a76aceb2402019f7b3
bg_train,tbg_009.jpg,True,1920,1440,89.19621322820215,50.15158261337538,7f687ffbd9cb1ccda113bc51043de02931fc7a548e2342803b66718818a3490e
bg_train,tbg_012.jpg,True,1920,1440,93.64940502025463,52.429442629334865,a8a9aaa09725d6bc47a48c87c301680042c536db3f155889a4d38c26545a6de2
bg_train,tbg_013.jpg,True,1920,2560,85.563738538954,51.873526252457175,278c7e054f41a1e0a9056b74466ee8a631961baf9e39f3f6d3aa088a97ba8fa8
bg_train,tbg_014.jpg,True,1920,1440,117.00896002121914,50.846040484117,ec81a2162bb3cc87a40030af3ed20eeb1d1ac401f2bd9dad7676a936dd3b49ac
bg_train,tbg_016.jpg,True,1920,2400,100.29987398726851,67.61523384789763,8f7464ba60195de51246b880cdfbebed1916d0848b453a6a26343640307294c6
bg_train,tbg_019.jpg,True,1920,1440,127.84321277006173,65.40741090592219,54fd898d2f004cae69ad50447ef89835b05588cf8c587e96476d3844e7b14d7b
bg_train,tbg_021.jpg,True,1920,1440,75.04925576292439,66.1459968954906,0fdde9e0b8166733df583972ad9c53e4d2fa6266692fb67398149315c5c1773a
bg_train,tbg_022.jpg,True,1920,1306,111.22135031159605,78.6441491482766,c8a70e58c1b1b23f9becd1abebdd8727cd4868f33b96f86960d4b73ae4464954
bg_train,tbg_023.jpg,True,1920,1301,111.77559983239388,76.16042375649758,f7b696930dd0ad9fbb3f259ef255534edda7b0e8eced165d70d873c0fb62f27c
bg_train,tbg_024.jpg,True,1331,945,129.69666201567028,70.81566175894017,3d3418e6785c79eeb91e5225dcde5efff9a0a5d4b4608d8921518eb25ac2ded9
bg_train,tbg_026.jpg,True,800,465,118.89758691756272,57.2686973733167,94f2f13e57e04aaaebd05d16f33ce00ee789ca0f7e1442de86b03526adb45b1f
bg_train,tbg_027.jpg,True,1920,1061,118.13239082626453,61.448978047168616,bcad1adfd1beb1c054601eaca57f582640fef5ee80f7947caf12adbb64b57bd2
bg_train,tbg_028.jpg,True,1920,1289,117.3531907270925,66.76770022780542,7fd0433436160f85f6dbf2318d1babee0d9f489ccda21bd74bb4d21f6bb0399e
bg_train,tbg_029.jpg,True,640,481,132.7726188929314,65.92972160616735,6af8f0f6040ab1d8989f2b027ff44d9513daf19789045753c0a60ab718b4c1ef
bg_train,tbg_032.jpg,True,1920,1280,136.9852621799045,76.49500299413911,5fbcc5def2a31a26a7546b745e314811de1496a579495098663013454686449b
bg_train,tbg_033.jpg,True,1920,1281,137.6831107966866,70.01467092492034,28f8c1c69528e477f8f41801150397ab3a9e919a161daa48f06ea30a8b7456dd
bg_train,tbg_034.jpg,True,1920,1281,140.61279585718623,63.78588813546253,a838fbf671abde8ab7e9e08c34d45e0d5732aa79391052ec4082369a3cf0bd24
bg_train,tbg_036.jpg,True,1920,1440,100.97816008391203,64.12437360444281,4d562aa104f9360b7a19a06416e5f469b10de7764af85026af3da0662d5c996f
bg_train,tbg_037.jpg,True,1920,1440,93.51572265625,66.55214127578628,a04d230271cdd9e1842190ce2601c5a0cb32772dd9e26662bb566053148d21b0
bg_train,tbg_038.jpg,True,1920,1440,100.6010759066358,67.5252006209127,d770988552a2ae0ea33d2678c71afcc65108b62039f072e6af765ba1c6ddeead
bg_train,tbg_039.jpg,True,1920,1440,98.78356963734568,68.14827609224521,1a8f2450a290c9c473f5fbd8327d1c3c3fc2e94ac9005fb42d388da1591b8fcf
bg_train,tbg_041.jpg,True,1920,1373,45.75558994901675,62.2721582087077,6b76f8baeded150052a8247782ce3fc708b86a1ce464f06f71932eb04a32e3fb
bg_train,tbg_042.jpg,True,1920,1440,137.44008897569444,75.18141776780323,446be84f17c6c78794aa646290e64e1f40f16bfbbf2b52d8c27359cc0eb2ea06
bg_train,tbg_046.jpg,True,1920,1440,92.58976128472223,76.84756771892106,48d1e5775a2dd0712b45714659947d95017d4908db8c6134740c96a7063b3f1a
bg_val,tbg_010.jpg,True,1920,1440,82.51482470100309,43.555292847721404,da6ab65899c56ed8b68737953259c2712f3242ab2af90865ff97e3fe0ee4f99a
bg_val,tbg_015.jpg,True,1920,2560,125.84847446017795,64.86307806309084,f8e5c0d5c5d86f63c7894b19889358ec6ff64174f47b8d0b144a5f2700c0282f
bg_val,tbg_020.jpg,True,1920,1440,100.12254557291666,66.23512909940473,2a48e0b180904527de1b41b50efb26a3ee7710e7e7fac3404a50398bc6163e19
bg_val,tbg_025.jpg,True,1920,1440,122.5198526716821,58.88678270987504,fe980cdc7e6912eb1fa34b887d6d31f921a8c8170fe473788ef7d143f233d372
bg_val,tbg_035.jpg,True,1920,1282,119.37460714053562,74.35348981204662,82f6800d90ef64f63cfcf9d0162840da58a8d9af9a3770f8f1e59adf8c911cd4
bg_val,tbg_040.jpg,True,1920,1440,74.66940031828703,71.3474393050776,bbd326a7d0be5118c844f8f35aa56f1e8cd974eaad6fde1917743da4ad917db3
